STATE,DATE,TAVG,TMAX,PRCP,RH,TMIN,WT01,WT02,WT03,WT04,WT05,WT06,WT07,WT08,WT09,WT11,WT13,WT14,WT15,WT16,WT17,WT18,WT19,WT22
ND,2006-01-01,-4.532327586206897,-2.8273504273504275,0.4395348837209302,92.3145689215628,-6.250862068965517,36.0,3.0,0.0,2.0,0.0,4.0,0.0,0.0,0.0,0.0,5.0,0.0,0.0,2.0,2.0,2.0,2.0,1.0
ND,2006-01-02,-4.259745762711864,-2.1218487394957983,0.6610687022900763,93.09382386245844,-6.407627118644068,40.0,4.0,0.0,0.0,0.0,10.0,0.0,1.0,0.0,0.0,6.0,0.0,1.0,3.0,1.0,2.0,1.0,3.0
ND,2006-01-03,-2.912605042016807,-0.2916666666666667,0.0198473282442748,93.77739261576195,-5.549579831932773,32.0,5.0,0.0,0.0,0.0,5.0,0.0,1.0,0.0,0.0,6.0,1.0,0.0,2.0,1.0,0.0,0.0,6.0
ND,2006-01-04,-3.008264462809917,0.2305785123966942,0.0274809160305343,88.9926242263949,-6.247107438016529,21.0,1.0,0.0,0.0,0.0,2.0,0.0,1.0,0.0,0.0,4.0,0.0,1.0,1.0,0.0,1.0,0.0,1.0
ND,2006-01-05,-4.417226890756302,-0.5630252100840336,0.0137404580152671,86.67372549791888,-8.27142857142857,12.0,1.0,0.0,0.0,0.0,1.0,0.0,3.0,0.0,0.0,5.0,0.0,1.0,1.0,0.0,1.0,0.0,1.0
ND,2006-01-06,-2.769327731092437,2.322689075630252,0.0114503816793893,81.36718456472359,-7.861344537815126,4.0,0.0,0.0,0.0,0.0,0.0,0.0,2.0,0.0,0.0,3.0,0.0,0.0,0.0,0.0,0.0,0.0,0.0
ND,2006-01-07,-1.0474358974358975,3.083760683760684,0.0115384615384615,86.33706906766679,-5.178632478632478,5.0,1.0,0.0,0.0,0.0,0.0,0.0,0.0,0.0,0.0,3.0,0.0,0.0,0.0,0.0,0.0,0.0,1.0
ND,2006-01-08,-2.769327731092437,0.3327731092436974,0.2590551181102362,89.91839220068697,-5.871428571428572,12.0,1.0,0.0,0.0,0.0,3.0,0.0,1.0,0.0,0.0,5.0,0.0,0.0,2.0,1.0,3.0,2.0,1.0
ND,2006-01-09,-4.757438016528925,0.4628099173553719,0.0145038167938931,85.48303540685878,-9.977685950413225,7.0,0.0,0.0,0.0,0.0,0.0,0.0,3.0,0.0,0.0,6.0,0.0,0.0,0.0,0.0,2.0,0.0,0.0
ND,2006-01-10,-1.3884297520661155,2.9115702479338843,0.0037878787878787,77.56820676094172,-5.688429752066115,1.0,0.0,0.0,0.0,0.0,1.0,0.0,0.0,0.0,0.0,0.0,0.0,0.0,1.0,1.0,0.0,0.0,0.0
ND,2006-01-11,0.7198347107438016,4.917355371900826,0.0503816793893129,80.51170823519097,-3.477685950413224,5.0,0.0,0.0,1.0,0.0,1.0,0.0,1.0,0.0,0.0,2.0,1.0,0.0,3.0,1.0,1.0,1.0,0.0
ND,2006-01-12,-0.4940677966101695,3.266101694915254,0.0617187499999999,84.10108071469064,-4.242016806722689,7.0,1.0,0.0,0.0,0.0,0.0,0.0,0.0,0.0,0.0,4.0,0.0,0.0,1.0,0.0,4.0,0.0,1.0
ND,2006-01-13,-3.532608695652174,0.4387931034482758,0.0,83.20042042191801,-7.476724137931034,9.0,2.0,0.0,0.0,0.0,0.0,0.0,2.0,0.0,0.0,5.0,0.0,0.0,0.0,0.0,0.0,0.0,2.0
ND,2006-01-14,-1.123931623931624,3.956410256410256,0.0,82.02632178246024,-6.204273504273504,9.0,0.0,0.0,0.0,0.0,0.0,0.0,1.0,0.0,0.0,2.0,0.0,0.0,0.0,0.0,1.0,0.0,1.0
ND,2006-01-15,-1.2656779661016948,3.0483050847457624,0.0476923076923076,88.35994041539233,-5.579661016949152,24.0,2.0,0.0,0.0,0.0,1.0,0.0,0.0,0.0,0.0,3.0,0.0,0.0,1.0,0.0,4.0,1.0,3.0
ND,2006-01-16,-4.548319327731092,-1.3714285714285714,0.5,85.49897389034545,-7.725210084033614,9.0,0.0,0.0,0.0,0.0,1.0,0.0,3.0,2.0,0.0,5.0,0.0,0.0,0.0,0.0,6.0,1.0,1.0
ND,2006-01-17,-6.352892561983471,-3.2851239669421486,0.3826771653543306,83.18178560876774,-9.420661157024794,10.0,0.0,0.0,1.0,0.0,0.0,0.0,3.0,0.0,0.0,5.0,0.0,0.0,0.0,0.0,6.0,0.0,0.0
ND,2006-01-18,-6.08125,-3.0275000000000003,0.1860465116279069,87.21839001721601,-9.135,17.0,2.0,0.0,0.0,0.0,1.0,0.0,3.0,0.0,0.0,6.0,0.0,0.0,1.0,0.0,6.0,1.0,1.0
ND,2006-01-19,-5.882352941176471,-2.5302521008403365,0.3857142857142857,88.00981771713386,-9.234453781512606,22.0,2.0,0.0,0.0,0.0,0.0,0.0,4.0,0.0,0.0,7.0,0.0,0.0,0.0,0.0,6.0,0.0,2.0
ND,2006-01-20,-8.341322314049586,-3.294214876033058,0.788888888888889,83.98511054098753,-13.388429752066116,13.0,2.0,0.0,0.0,0.0,0.0,0.0,3.0,0.0,0.0,6.0,0.0,0.0,0.0,0.0,5.0,0.0,2.0
ND,2006-01-21,-8.396186440677965,-3.843220338983051,0.5276422764227642,89.04631979395238,-12.983333333333333,16.0,1.0,0.0,0.0,0.0,2.0,0.0,2.0,1.0,0.0,5.0,0.0,0.0,2.0,2.0,6.0,0.0,4.0
ND,2006-01-22,-9.52436974789916,-3.605882352941177,0.5247999999999999,84.01977177439532,-15.442857142857145,11.0,0.0,0.0,0.0,0.0,0.0,0.0,3.0,1.0,0.0,4.0,0.0,0.0,0.0,0.0,3.0,0.0,0.0
ND,2006-01-23,-5.455737704918033,0.5040983606557377,0.1167938931297709,76.9084528037865,-11.415573770491804,3.0,0.0,0.0,0.0,0.0,0.0,0.0,1.0,0.0,0.0,0.0,0.0,0.0,2.0,0.0,2.0,0.0,0.0
ND,2006-01-24,-1.844214876033058,2.940495867768595,0.1844961240310077,68.53951966349199,-6.628925619834711,2.0,1.0,0.0,0.0,0.0,0.0,0.0,0.0,1.0,0.0,2.0,0.0,0.0,1.0,0.0,3.0,0.0,1.0
ND,2006-01-25,-2.58625,3.716528925619835,0.0175572519083969,76.17747884066232,-8.925,0.0,0.0,0.0,0.0,0.0,0.0,0.0,0.0,0.0,0.0,0.0,0.0,0.0,0.0,0.0,0.0,0.0,0.0
ND,2006-01-26,0.0125,5.918333333333334,0.0,76.24581428429383,-5.909090909090909,2.0,0.0,0.0,0.0,0.0,0.0,0.0,0.0,0.0,0.0,0.0,0.0,0.0,0.0,0.0,1.0,0.0,0.0
ND,2006-01-27,0.2930327868852459,5.554098360655738,0.0,74.73333761495846,-4.968032786885246,4.0,1.0,0.0,0.0,0.0,0.0,0.0,0.0,0.0,0.0,2.0,0.0,0.0,0.0,0.0,0.0,0.0,1.0
ND,2006-01-28,-0.7609243697478991,3.6336134453781512,0.4884615384615384,86.89106398817687,-5.15546218487395,21.0,3.0,0.0,0.0,0.0,1.0,0.0,1.0,0.0,0.0,4.0,0.0,0.0,1.0,0.0,4.0,0.0,2.0
ND,2006-01-29,-1.4877118644067795,1.326271186440678,1.0416,90.45526418026678,-4.301694915254237,27.0,2.0,0.0,0.0,0.0,0.0,0.0,0.0,0.0,0.0,6.0,0.0,0.0,0.0,0.0,5.0,0.0,4.0
ND,2006-01-30,-2.033613445378151,0.8008403361344537,0.0526717557251908,86.9138604568847,-4.868067226890756,21.0,1.0,0.0,0.0,0.0,1.0,0.0,1.0,0.0,0.0,5.0,0.0,0.0,0.0,0.0,1.0,0.0,1.0
ND,2006-01-31,-1.297391304347826,2.4895652173913043,0.2135338345864661,81.852062283942,-5.084347826086957,10.0,0.0,0.0,2.0,0.0,2.0,0.0,3.0,0.0,0.0,3.0,0.0,0.0,4.0,1.0,4.0,1.0,0.0
ND,2006-02-01,-3.0735537190082645,3.040163934426229,0.2240310077519379,82.71801381018659,-9.230578512396695,11.0,0.0,0.0,0.0,0.0,2.0,0.0,3.0,0.0,0.0,5.0,0.0,0.0,2.0,0.0,0.0,0.0,0.0
ND,2006-02-02,-4.310655737704918,1.0811475409836069,0.3248062015503876,86.2580858202272,-9.702459016393442,16.0,1.0,0.0,0.0,0.0,1.0,0.0,4.0,1.0,0.0,5.0,0.0,0.0,0.0,0.0,6.0,1.0,2.0
ND,2006-02-03,-8.726666666666667,-3.2851239669421486,0.25234375,83.63346188719837,-14.1825,12.0,0.0,0.0,0.0,0.0,1.0,0.0,6.0,1.0,0.0,3.0,0.0,0.0,1.0,0.0,5.0,1.0,0.0
ND,2006-02-04,-9.534188034188034,-4.141025641025641,0.01015625,85.37793842010743,-14.961016949152544,18.0,3.0,0.0,0.0,0.0,0.0,0.0,2.0,0.0,0.0,5.0,0.0,0.0,0.0,0.0,0.0,0.0,2.0
ND,2006-02-05,-8.282478632478632,-3.533333333333333,0.21015625,79.03565433872159,-13.031623931623932,11.0,1.0,0.0,0.0,0.0,0.0,0.0,2.0,0.0,0.0,5.0,0.0,0.0,0.0,0.0,4.0,0.0,1.0
ND,2006-02-06,-6.818907563025211,-2.6016528925619835,0.3560975609756097,81.46274872950112,-10.933333333333334,7.0,0.0,0.0,0.0,0.0,0.0,0.0,3.0,0.0,0.0,5.0,0.0,0.0,0.0,0.0,6.0,0.0,0.0
ND,2006-02-07,-7.87,-3.1983333333333333,0.5751937984496124,81.92564986305533,-12.541666666666666,7.0,0.0,0.0,0.0,0.0,0.0,0.0,3.0,0.0,0.0,4.0,0.0,0.0,0.0,0.0,6.0,1.0,0.0
ND,2006-02-08,-10.213333333333331,-4.385000000000001,0.081060606060606,82.36328715308908,-16.056198347107436,11.0,0.0,0.0,0.0,0.0,0.0,0.0,7.0,0.0,0.0,5.0,0.0,0.0,0.0,0.0,2.0,0.0,0.0
ND,2006-02-09,-5.71875,-0.4016666666666666,0.3544,76.32864495076316,-11.035833333333333,8.0,0.0,0.0,0.0,0.0,0.0,0.0,4.0,1.0,1.0,6.0,0.0,0.0,0.0,0.0,7.0,0.0,1.0
ND,2006-02-10,-5.1042016806722685,-1.23109243697479,1.5015873015873016,83.6442721973381,-9.045833333333333,10.0,4.0,0.0,0.0,0.0,1.0,0.0,4.0,3.0,1.0,3.0,0.0,0.0,1.0,1.0,7.0,2.0,4.0
ND,2006-02-11,-8.523076923076923,-3.815384615384615,0.428125,77.78697822405027,-13.222033898305083,4.0,0.0,0.0,0.0,0.0,0.0,0.0,2.0,0.0,0.0,3.0,0.0,0.0,0.0,0.0,7.0,1.0,0.0
ND,2006-02-12,-7.384745762711864,-1.071186440677966,0.0217054263565891,76.01961400898269,-13.698305084745764,5.0,0.0,0.0,0.0,0.0,0.0,0.0,3.0,0.0,0.0,3.0,0.0,0.0,0.0,0.0,5.0,1.0,0.0
ND,2006-02-13,-2.959663865546218,3.109166666666667,0.0124031007751937,72.35524856971648,-8.984873949579832,4.0,0.0,0.0,0.0,0.0,0.0,0.0,2.0,0.0,0.0,2.0,0.0,0.0,1.0,0.0,2.0,0.0,0.0
ND,2006-02-14,-3.6262711864406776,2.7058823529411766,0.0100775193798449,75.23658934208386,-9.972268907563024,2.0,0.0,0.0,0.0,0.0,1.0,0.0,2.0,1.0,0.0,1.0,0.0,0.0,0.0,0.0,4.0,0.0,0.0
ND,2006-02-15,-12.52310924369748,-4.855,0.0022900763358778,70.09549290007,-20.13388429752066,3.0,0.0,0.0,0.0,0.0,0.0,0.0,0.0,0.0,0.0,0.0,0.0,0.0,0.0,0.0,0.0,0.0,0.0
ND,2006-02-16,-17.309583333333332,-11.379166666666666,0.0503937007874015,75.15054786474118,-23.24,7.0,1.0,1.0,1.0,0.0,2.0,0.0,8.0,3.0,0.0,2.0,0.0,0.0,1.0,1.0,7.0,2.0,0.0
ND,2006-02-17,-23.60042372881356,-17.00252100840336,0.0294573643410852,67.4837515041678,-29.983898305084747,1.0,0.0,0.0,0.0,0.0,1.0,0.0,2.0,0.0,0.0,0.0,0.0,0.0,1.0,0.0,0.0,0.0,0.0
ND,2006-02-18,-19.60387931034483,-13.490517241379312,0.0,59.48067582486601,-25.717241379310344,1.0,0.0,0.0,0.0,0.0,0.0,0.0,0.0,0.0,0.0,0.0,0.0,0.0,0.0,0.0,0.0,0.0,0.0
ND,2006-02-19,-12.605508474576272,-6.257627118644067,0.0037878787878787,62.90836389648659,-18.95338983050848,2.0,0.0,0.0,0.0,0.0,0.0,0.0,2.0,0.0,0.0,0.0,0.0,0.0,0.0,0.0,3.0,0.0,0.0
ND,2006-02-20,-8.974152542372881,-3.447457627118644,0.2473282442748091,71.98018751141045,-14.50084745762712,2.0,0.0,0.0,0.0,0.0,0.0,0.0,3.0,1.0,0.0,1.0,0.0,0.0,0.0,0.0,7.0,0.0,0.0
ND,2006-02-21,-7.706302521008403,-1.3425,0.1631999999999999,80.263392612228,-14.049579831932776,9.0,1.0,0.0,0.0,0.0,1.0,0.0,5.0,1.0,0.0,5.0,0.0,0.0,1.0,0.0,7.0,0.0,1.0
ND,2006-02-22,-7.199583333333334,-1.2583333333333333,0.4612403100775193,80.14494664119272,-13.140833333333337,6.0,1.0,0.0,0.0,0.0,0.0,0.0,1.0,0.0,0.0,4.0,0.0,0.0,0.0,0.0,4.0,0.0,2.0
ND,2006-02-23,-8.814344262295082,-2.7040983606557374,0.6708661417322835,77.53005682181917,-14.924590163934424,6.0,0.0,0.0,0.0,0.0,0.0,0.0,2.0,0.0,0.0,3.0,0.0,0.0,0.0,0.0,3.0,0.0,1.0
ND,2006-02-24,-10.060504201680672,-4.333613445378152,2.2696,83.01278757533497,-15.720833333333331,12.0,4.0,0.0,0.0,0.0,0.0,0.0,5.0,2.0,0.0,4.0,0.0,0.0,0.0,0.0,7.0,0.0,3.0
ND,2006-02-25,-14.2,-5.791379310344827,0.283076923076923,81.20580370119549,-22.617241379310343,12.0,0.0,0.0,0.0,0.0,0.0,0.0,3.0,0.0,0.0,3.0,0.0,0.0,0.0,0.0,5.0,0.0,1.0
ND,2006-02-26,-12.37372881355932,-6.133898305084745,0.0272727272727272,79.97670125179793,-18.6135593220339,6.0,0.0,0.0,0.0,0.0,0.0,0.0,3.0,0.0,0.0,2.0,0.0,0.0,0.0,0.0,5.0,1.0,0.0
ND,2006-02-27,-9.918333333333331,-5.215702479338844,0.1265151515151515,77.1304905171621,-14.5725,7.0,0.0,0.0,0.0,0.0,0.0,0.0,1.0,0.0,0.0,3.0,0.0,0.0,0.0,0.0,2.0,0.0,0.0
ND,2006-02-28,-5.4818181818181815,-0.3033057851239669,0.006060606060606,77.16174708585288,-10.660330578512395,7.0,0.0,0.0,0.0,0.0,1.0,0.0,4.0,0.0,0.0,4.0,0.0,0.0,1.0,0.0,1.0,0.0,0.0
ND,2006-03-01,-3.341666666666667,1.2776859504132232,1.1566666666666667,82.27322109796606,-7.9575,18.0,2.0,0.0,1.0,1.0,7.0,0.0,3.0,1.0,0.0,4.0,0.0,0.0,2.0,1.0,7.0,1.0,3.0
ND,2006-03-02,-7.145378151260504,-3.0341666666666667,1.711290322580645,81.91550095909597,-11.287394957983194,7.0,0.0,0.0,0.0,0.0,1.0,0.0,1.0,0.0,0.0,3.0,0.0,0.0,0.0,0.0,6.0,1.0,0.0
ND,2006-03-03,-8.361440677966101,-3.727731092436975,0.1,83.91659310779855,-13.01101694915254,11.0,0.0,0.0,0.0,0.0,0.0,0.0,1.0,0.0,0.0,4.0,0.0,0.0,0.0,0.0,1.0,1.0,0.0
ND,2006-03-04,-4.790517241379311,0.031896551724138,0.007258064516129,83.04749157099164,-9.612931034482758,9.0,0.0,0.0,0.0,0.0,0.0,0.0,4.0,0.0,0.0,4.0,0.0,0.0,1.0,0.0,2.0,0.0,0.0
ND,2006-03-05,-2.868695652173913,0.9663793103448276,0.3134453781512605,82.38960688680734,-6.802586206896552,14.0,1.0,0.0,1.0,0.0,1.0,0.0,5.0,0.0,0.0,3.0,1.0,0.0,2.0,1.0,7.0,1.0,0.0
ND,2006-03-06,-2.811965811965812,1.7483050847457628,0.2879032258064515,82.08084919651142,-7.366949152542372,12.0,0.0,0.0,0.0,0.0,0.0,0.0,2.0,0.0,0.0,3.0,0.0,0.0,0.0,0.0,0.0,1.0,0.0
ND,2006-03-07,0.4609243697478992,4.840336134453781,0.0,79.0192305959303,-3.918487394957984,6.0,0.0,0.0,0.0,0.0,0.0,0.0,4.0,0.0,0.0,4.0,0.0,0.0,2.0,0.0,1.0,0.0,0.0
ND,2006-03-08,1.388655462184874,6.496666666666667,0.0224,78.02969867344203,-3.7369747899159664,7.0,0.0,0.0,0.0,0.0,0.0,0.0,2.0,0.0,0.0,5.0,0.0,0.0,0.0,0.0,0.0,0.0,0.0
ND,2006-03-09,0.1212499999999999,6.073333333333333,0.146031746031746,81.85918749268626,-5.8308333333333335,12.0,0.0,0.0,0.0,0.0,0.0,0.0,3.0,0.0,0.0,5.0,0.0,0.0,4.0,0.0,1.0,0.0,0.0
ND,2006-03-10,0.8923076923076922,5.565811965811967,0.5113821138211382,79.99196367294958,-3.781196581196581,13.0,2.0,0.0,0.0,0.0,0.0,0.0,1.0,0.0,0.0,2.0,0.0,0.0,1.0,0.0,3.0,0.0,0.0
ND,2006-03-11,-0.2206896551724138,4.744827586206896,2.108730158730159,76.55578218878574,-5.141880341880342,6.0,3.0,0.0,0.0,0.0,0.0,0.0,1.0,0.0,0.0,2.0,0.0,0.0,0.0,0.0,3.0,1.0,1.0
ND,2006-03-12,-3.4934210526315788,1.5878260869565215,0.2444444444444444,76.8360564512239,-8.564035087719297,1.0,0.0,0.0,0.0,0.0,0.0,0.0,1.0,0.0,0.0,0.0,0.0,0.0,0.0,0.0,0.0,0.0,0.0
ND,2006-03-13,-6.535042735042735,-1.7661016949152544,0.0411290322580645,77.25986349852539,-11.326495726495727,8.0,0.0,0.0,0.0,0.0,0.0,0.0,5.0,0.0,0.0,3.0,0.0,0.0,0.0,0.0,6.0,0.0,0.0
ND,2006-03-14,-7.266239316239316,-1.6296610169491526,0.0617886178861788,78.41873303668952,-12.95042735042735,10.0,1.0,0.0,0.0,0.0,0.0,0.0,3.0,0.0,0.0,3.0,0.0,0.0,0.0,0.0,3.0,0.0,1.0
ND,2006-03-15,-6.692372881355933,-1.654621848739496,0.1269841269841269,77.04553305118381,-11.772881355932205,12.0,0.0,0.0,0.0,0.0,0.0,0.0,5.0,0.0,0.0,7.0,0.0,0.0,0.0,0.0,4.0,0.0,1.0
ND,2006-03-16,-7.187711864406779,-2.214406779661017,0.4152,77.79838323432746,-12.16101694915254,5.0,0.0,0.0,0.0,0.0,0.0,0.0,2.0,0.0,0.0,3.0,0.0,0.0,0.0,0.0,3.0,0.0,0.0
ND,2006-03-17,-6.190254237288136,0.0483050847457627,0.7024,71.32786841220239,-12.428813559322034,2.0,0.0,0.0,0.0,0.0,0.0,0.0,0.0,0.0,0.0,1.0,0.0,0.0,0.0,0.0,1.0,0.0,0.0
ND,2006-03-18,-4.55,-0.0208695652173913,0.610236220472441,73.31432901200822,-9.10353982300885,6.0,2.0,0.0,0.0,0.0,0.0,0.0,2.0,0.0,1.0,3.0,0.0,0.0,0.0,0.0,4.0,1.0,1.0
ND,2006-03-19,-4.408620689655172,-1.1586206896551725,2.507142857142857,68.95386462407025,-7.669230769230769,3.0,1.0,0.0,0.0,0.0,1.0,0.0,0.0,0.0,0.0,2.0,0.0,0.0,0.0,0.0,2.0,1.0,1.0
ND,2006-03-20,-4.530508474576272,-0.6890756302521008,0.4220472440944882,63.37879285945052,-8.371186440677965,2.0,0.0,0.0,0.0,0.0,0.0,0.0,1.0,0.0,0.0,1.0,0.0,0.0,0.0,0.0,1.0,0.0,0.0
ND,2006-03-21,-5.160416666666666,-0.1075,0.0140625,63.289222664157016,-10.213333333333331,0.0,0.0,0.0,0.0,0.0,0.0,0.0,1.0,0.0,0.0,0.0,0.0,0.0,0.0,0.0,0.0,0.0,0.0
ND,2006-03-22,-5.028925619834711,0.6760330578512397,0.0,69.27267017516805,-10.73388429752066,2.0,0.0,0.0,0.0,0.0,0.0,0.0,1.0,0.0,0.0,0.0,0.0,0.0,0.0,0.0,0.0,0.0,0.0
ND,2006-03-23,-4.413247863247864,2.669230769230769,0.0063492063492063,66.64950017133766,-11.495726495726496,3.0,2.0,0.0,0.0,0.0,0.0,0.0,1.0,0.0,0.0,2.0,0.0,0.0,0.0,0.0,0.0,0.0,1.0
ND,2006-03-24,-2.99875,3.2516666666666665,0.0,71.10382505768816,-9.249166666666667,1.0,0.0,0.0,0.0,0.0,0.0,0.0,0.0,0.0,0.0,1.0,0.0,0.0,0.0,0.0,0.0,0.0,0.0
ND,2006-03-25,-1.0969565217391304,3.3808695652173912,0.0,78.80995869253758,-5.574782608695652,3.0,0.0,0.0,0.0,0.0,0.0,0.0,0.0,0.0,0.0,1.0,0.0,0.0,0.0,0.0,0.0,0.0,0.0
ND,2006-03-26,0.8701754385964913,5.156140350877193,0.1137096774193548,77.10094563230655,-3.4295652173913043,11.0,0.0,0.0,0.0,0.0,0.0,0.0,4.0,0.0,1.0,2.0,0.0,0.0,0.0,0.0,2.0,1.0,0.0
ND,2006-03-27,2.4794117647058824,6.8533333333333335,1.0499999999999998,78.88724216409582,-1.947058823529412,12.0,0.0,0.0,1.0,0.0,0.0,0.0,2.0,0.0,0.0,5.0,1.0,0.0,6.0,0.0,4.0,2.0,0.0
ND,2006-03-28,2.895338983050848,9.363865546218488,0.3563492063492063,77.09461974415076,-3.6008474576271183,17.0,1.0,0.0,0.0,0.0,0.0,0.0,2.0,0.0,0.0,5.0,0.0,0.0,0.0,0.0,0.0,0.0,0.0
ND,2006-03-29,4.953781512605042,11.571428571428571,0.3062992125984252,80.65659984051733,-1.6638655462184877,18.0,2.0,0.0,0.0,0.0,0.0,0.0,4.0,0.0,0.0,5.0,0.0,0.0,1.0,0.0,0.0,1.0,0.0
ND,2006-03-30,4.316393442622951,8.232786885245902,5.313385826771653,91.9373682344744,0.3999999999999999,37.0,4.0,8.0,3.0,1.0,1.0,0.0,2.0,0.0,0.0,2.0,0.0,0.0,7.0,0.0,4.0,1.0,0.0
ND,2006-03-31,2.141949152542373,6.870588235294118,7.938211382113821,84.92385620688306,-2.644915254237288,12.0,0.0,1.0,0.0,0.0,2.0,0.0,0.0,0.0,0.0,4.0,1.0,0.0,3.0,1.0,5.0,3.0,0.0
ND,2006-04-01,4.55301724137931,11.03931623931624,0.1411764705882353,77.68569475272419,-2.0043103448275863,9.0,0.0,0.0,0.0,1.0,0.0,0.0,3.0,0.0,0.0,4.0,0.0,0.0,1.0,0.0,0.0,0.0,0.0
ND,2006-04-02,4.901293103448276,10.67948717948718,0.064963503649635,83.35040324759339,-0.9206896551724136,25.0,4.0,0.0,0.0,0.0,0.0,0.0,2.0,0.0,0.0,6.0,0.0,0.0,2.0,0.0,0.0,0.0,0.0
ND,2006-04-03,2.631779661016949,10.431666666666668,0.013235294117647,66.3029975939922,-5.1991525423728815,5.0,0.0,0.0,0.0,0.0,0.0,0.0,1.0,0.0,0.0,0.0,0.0,0.0,0.0,0.0,0.0,0.0,0.0
ND,2006-04-04,5.577350427350427,13.96864406779661,0.0,63.44786342843411,-2.852991452991453,2.0,0.0,1.0,0.0,0.0,0.0,0.0,0.0,0.0,0.0,1.0,0.0,0.0,0.0,0.0,0.0,0.0,0.0
ND,2006-04-05,8.754583333333333,17.138333333333332,0.0627737226277372,65.15178688271793,0.3708333333333333,5.0,0.0,1.0,0.0,0.0,0.0,0.0,2.0,0.0,0.0,3.0,0.0,0.0,0.0,0.0,0.0,0.0,0.0
ND,2006-04-06,8.10593220338983,15.271186440677964,0.8615942028985508,65.4401583165618,0.940677966101695,2.0,0.0,6.0,0.0,0.0,0.0,0.0,2.0,0.0,1.0,1.0,0.0,0.0,2.0,0.0,0.0,0.0,0.0
ND,2006-04-07,2.826293103448276,10.2982905982906,0.5905109489051096,61.48907817824195,-4.651282051282052,0.0,0.0,1.0,0.0,0.0,0.0,0.0,0.0,0.0,0.0,0.0,0.0,0.0,0.0,0.0,0.0,0.0,0.0
ND,2006-04-08,4.2732758620689655,12.48119658119658,0.0145985401459854,60.01449658766764,-4.004310344827586,4.0,1.0,0.0,0.0,0.0,0.0,0.0,0.0,0.0,0.0,2.0,0.0,0.0,0.0,0.0,0.0,0.0,1.0
ND,2006-04-09,8.10603448275862,16.70769230769231,0.0789855072463768,60.46244092048629,-0.5439655172413793,1.0,0.0,1.0,0.0,0.0,0.0,0.0,2.0,0.0,0.0,1.0,0.0,0.0,4.0,0.0,0.0,0.0,0.0
ND,2006-04-10,10.70495867768595,20.018181818181816,0.3503649635036496,61.622065426959416,1.3917355371900826,8.0,1.0,15.0,0.0,2.0,0.0,0.0,2.0,0.0,0.0,2.0,0.0,0.0,4.0,0.0,0.0,0.0,0.0
ND,2006-04-11,11.76818181818182,20.131147540983605,1.1452554744525547,66.74376148451029,3.409090909090909,7.0,0.0,1.0,0.0,0.0,0.0,0.0,0.0,0.0,0.0,3.0,0.0,0.0,1.0,0.0,0.0,0.0,0.0
ND,2006-04-12,10.886363636363637,19.051239669421488,0.064963503649635,62.16625788728162,2.721487603305785,2.0,1.0,1.0,0.0,0.0,0.0,0.0,1.0,0.0,0.0,2.0,0.0,0.0,0.0,0.0,0.0,0.0,0.0
ND,2006-04-13,12.949173553719008,21.40909090909091,0.0868613138686131,56.92709479310538,4.489256198347108,2.0,0.0,4.0,0.0,0.0,0.0,0.0,1.0,0.0,0.0,1.0,0.0,0.0,7.0,0.0,0.0,0.0,0.0
ND,2006-04-14,13.222689075630251,23.78083333333333,0.0666666666666666,50.8328834728341,2.642016806722689,0.0,0.0,2.0,0.0,0.0,0.0,0.0,0.0,0.0,0.0,0.0,0.0,0.0,0.0,0.0,0.0,0.0,0.0
ND,2006-04-15,15.23034188034188,24.763865546218486,0.0,51.11802062690315,5.682051282051281,0.0,0.0,1.0,0.0,0.0,0.0,0.0,0.0,0.0,0.0,0.0,0.0,0.0,2.0,0.0,0.0,0.0,0.0
ND,2006-04-16,16.441101694915254,25.13728813559322,0.1529411764705882,54.28361083788538,7.744915254237288,0.0,0.0,8.0,0.0,0.0,0.0,0.0,0.0,0.0,0.0,0.0,0.0,0.0,3.0,0.0,0.0,0.0,0.0
ND,2006-04-17,14.768907563025213,22.031932773109244,1.0261194029850746,63.00343445420874,7.505882352941176,3.0,0.0,9.0,0.0,1.0,0.0,0.0,1.0,0.0,0.0,2.0,0.0,0.0,3.0,0.0,0.0,0.0,0.0
ND,2006-04-18,10.51218487394958,15.2275,10.603007518796993,74.96475561916701,5.757983193277311,8.0,1.0,19.0,1.0,1.0,1.0,0.0,1.0,0.0,0.0,2.0,0.0,0.0,7.0,0.0,2.0,0.0,0.0
ND,2006-04-19,6.511965811965812,9.89406779661017,11.598473282442749,83.08455651480543,3.122881355932204,11.0,1.0,5.0,1.0,0.0,1.0,0.0,1.0,0.0,0.0,5.0,1.0,0.0,7.0,1.0,2.0,0.0,0.0
ND,2006-04-20,7.845338983050848,12.264406779661018,3.14351145038168,80.04079907169458,3.426271186440678,13.0,2.0,3.0,1.0,2.0,0.0,0.0,1.0,0.0,0.0,4.0,1.0,0.0,5.0,0.0,1.0,0.0,0.0
ND,2006-04-21,10.002542372881356,16.991666666666667,0.9044444444444444,72.9021008290635,2.9796610169491524,9.0,3.0,1.0,0.0,1.0,0.0,0.0,0.0,0.0,0.0,4.0,0.0,0.0,1.0,0.0,0.0,0.0,1.0
ND,2006-04-22,11.86822033898305,20.19152542372881,0.0036764705882352,63.4523750498219,3.544915254237288,9.0,0.0,0.0,0.0,0.0,0.0,0.0,1.0,0.0,0.0,4.0,0.0,0.0,0.0,0.0,0.0,0.0,0.0
ND,2006-04-23,10.995338983050848,19.197457627118645,0.7073529411764706,65.47490661209484,2.80672268907563,9.0,0.0,0.0,2.0,0.0,2.0,0.0,0.0,0.0,0.0,4.0,0.0,0.0,6.0,1.0,3.0,1.0,0.0
ND,2006-04-24,6.428151260504202,13.91,2.063432835820896,68.10625137463126,-0.9974789915966388,3.0,0.0,1.0,0.0,1.0,0.0,0.0,0.0,0.0,0.0,1.0,0.0,0.0,4.0,0.0,2.0,1.0,0.0
ND,2006-04-25,4.4842975206611575,12.473553719008263,0.0022058823529411,49.931703530560526,-3.5049586776859507,0.0,0.0,0.0,0.0,0.0,0.0,0.0,1.0,0.0,0.0,0.0,0.0,0.0,0.0,0.0,0.0,0.0,0.0
ND,2006-04-26,8.039583333333333,17.199166666666667,0.0316176470588235,44.73475158130914,-1.147107438016529,0.0,0.0,0.0,0.0,0.0,0.0,0.0,0.0,0.0,0.0,0.0,0.0,0.0,2.0,0.0,0.0,0.0,0.0
ND,2006-04-27,11.417355371900827,20.33884297520661,0.3823529411764705,52.7550911968442,2.495867768595041,0.0,0.0,9.0,0.0,0.0,0.0,0.0,0.0,0.0,0.0,0.0,0.0,0.0,5.0,0.0,0.0,0.0,0.0
ND,2006-04-28,12.702564102564104,20.18728813559322,1.987313432835821,70.42662086144495,5.235042735042735,7.0,0.0,18.0,0.0,4.0,0.0,0.0,1.0,0.0,0.0,3.0,0.0,0.0,7.0,0.0,0.0,0.0,0.0
ND,2006-04-29,11.115254237288134,16.75762711864407,2.21037037037037,84.30421727403233,5.472881355932203,24.0,3.0,4.0,0.0,3.0,0.0,0.0,0.0,0.0,0.0,6.0,0.0,0.0,5.0,0.0,0.0,0.0,0.0
ND,2006-04-30,9.496581196581197,12.605982905982907,2.9094890510948908,89.05806907979672,6.387179487179487,17.0,1.0,1.0,0.0,0.0,0.0,0.0,1.0,0.0,0.0,7.0,0.0,0.0,6.0,0.0,0.0,0.0,0.0
ND,2006-05-01,8.978333333333333,12.345,5.378102189781021,85.88982744777783,5.615702479338843,15.0,0.0,0.0,0.0,0.0,0.0,0.0,0.0,0.0,0.0,6.0,0.0,0.0,5.0,0.0,0.0,0.0,0.0
ND,2006-05-02,8.21967213114754,14.113934426229507,1.6935714285714285,73.85569667180859,2.3254098360655737,7.0,0.0,0.0,1.0,0.0,0.0,0.0,0.0,0.0,0.0,4.0,0.0,0.0,7.0,0.0,0.0,0.0,0.0
ND,2006-05-03,7.493032786885245,12.327049180327869,1.3562043795620438,73.51971133722937,2.6590163934426227,2.0,0.0,0.0,0.0,0.0,0.0,0.0,1.0,0.0,0.0,1.0,0.0,0.0,5.0,0.0,0.0,0.0,0.0
ND,2006-05-04,4.683471074380166,8.26198347107438,0.1934782608695652,73.49532308614228,1.1049586776859504,4.0,0.0,0.0,0.0,0.0,0.0,0.0,0.0,0.0,0.0,3.0,0.0,0.0,2.0,0.0,2.0,1.0,0.0
ND,2006-05-05,5.198728813559322,12.172881355932205,0.0021897810218978,60.71611829636205,-1.7605042016806722,2.0,0.0,0.0,0.0,0.0,0.0,0.0,1.0,0.0,0.0,0.0,0.0,0.0,0.0,0.0,0.0,0.0,0.0
ND,2006-05-06,11.637603305785126,20.74710743801653,0.0145985401459854,49.32173587901961,2.5280991735537186,0.0,0.0,0.0,0.0,0.0,0.0,0.0,0.0,0.0,0.0,0.0,0.0,0.0,0.0,0.0,0.0,0.0,0.0
ND,2006-05-07,15.100826446280992,23.56694214876033,0.5007194244604316,55.08169081617205,6.612295081967213,2.0,0.0,12.0,0.0,0.0,0.0,0.0,0.0,0.0,0.0,1.0,0.0,0.0,5.0,0.0,0.0,0.0,0.0
ND,2006-05-08,14.606910569105692,22.620967741935484,1.2073529411764703,63.27145027839072,6.634959349593496,2.0,0.0,5.0,0.0,2.0,0.0,0.0,0.0,0.0,0.0,1.0,0.0,0.0,5.0,0.0,0.0,0.0,0.0
ND,2006-05-09,12.363524590163934,19.101626016260163,0.344927536231884,62.11043545830165,5.659836065573771,2.0,0.0,2.0,0.0,0.0,0.0,0.0,0.0,0.0,0.0,1.0,0.0,0.0,2.0,0.0,0.0,0.0,0.0
ND,2006-05-10,8.673170731707316,14.508130081300813,1.5457142857142858,72.15771344486565,2.8382113821138213,4.0,0.0,1.0,0.0,0.0,0.0,0.0,0.0,0.0,0.0,4.0,0.0,0.0,5.0,0.0,0.0,0.0,0.0
ND,2006-05-11,6.210245901639344,13.172950819672131,1.1832116788321168,62.98408260872575,-0.7540322580645161,1.0,0.0,0.0,0.0,0.0,0.0,0.0,0.0,0.0,0.0,1.0,0.0,0.0,0.0,0.0,0.0,0.0,0.0
ND,2006-05-12,7.851249999999999,16.21311475409836,0.010948905109489,54.03155209747393,-0.5950000000000001,0.0,0.0,0.0,0.0,0.0,0.0,0.0,1.0,0.0,0.0,0.0,0.0,0.0,3.0,0.0,1.0,0.0,0.0
ND,2006-05-13,9.316528925619837,16.92479338842975,0.5883211678832116,63.73534239346348,1.7082644628099173,2.0,0.0,0.0,0.0,0.0,0.0,0.0,0.0,0.0,0.0,2.0,0.0,0.0,4.0,0.0,1.0,0.0,0.0
ND,2006-05-14,9.584873949579832,16.023529411764706,0.1328467153284671,72.67165208202768,3.146218487394958,4.0,0.0,0.0,0.0,0.0,0.0,0.0,0.0,0.0,0.0,2.0,0.0,0.0,2.0,0.0,0.0,0.0,0.0
ND,2006-05-15,10.685537190082645,17.544628099173554,0.0131386861313868,71.5606848143823,3.826446280991736,8.0,0.0,0.0,0.0,0.0,0.0,0.0,3.0,0.0,0.0,3.0,1.0,0.0,2.0,0.0,0.0,0.0,0.0
ND,2006-05-16,12.957377049180328,22.128688524590164,0.0,59.73450524629402,3.786065573770492,9.0,0.0,0.0,0.0,0.0,0.0,0.0,0.0,0.0,0.0,1.0,0.0,0.0,0.0,0.0,0.0,0.0,0.0
ND,2006-05-17,16.597933884297518,25.017213114754096,0.0,44.83049974238752,8.325409836065575,2.0,0.0,0.0,0.0,0.0,0.0,0.0,0.0,0.0,0.0,0.0,0.0,0.0,2.0,0.0,0.0,0.0,0.0
ND,2006-05-18,17.683196721311475,26.59430894308943,0.2102189781021897,47.96938582957133,8.722950819672132,0.0,0.0,5.0,0.0,0.0,0.0,0.0,0.0,0.0,0.0,0.0,0.0,0.0,7.0,0.0,0.0,0.0,0.0
ND,2006-05-19,17.746341463414634,27.08467741935484,0.0934782608695652,51.7436304500062,8.364227642276422,1.0,0.0,3.0,0.0,0.0,0.0,0.0,1.0,0.0,0.0,0.0,0.0,0.0,3.0,0.0,0.0,0.0,0.0
ND,2006-05-20,14.573140495867769,21.92479338842975,0.4036764705882353,57.92940333029061,7.221487603305785,1.0,0.0,0.0,0.0,0.0,0.0,0.0,1.0,0.0,0.0,1.0,0.0,0.0,4.0,0.0,0.0,0.0,0.0
ND,2006-05-21,10.985714285714286,17.961344537815126,2.0931818181818183,54.86677691032656,4.010084033613445,1.0,0.0,2.0,0.0,0.0,0.0,0.0,0.0,0.0,0.0,1.0,0.0,0.0,4.0,0.0,0.0,0.0,0.0
ND,2006-05-22,14.325833333333332,22.644166666666667,0.4287878787878788,51.118562612609246,6.007499999999999,0.0,0.0,1.0,0.0,0.0,0.0,0.0,0.0,0.0,0.0,0.0,0.0,0.0,1.0,0.0,0.0,0.0,0.0
ND,2006-05-23,20.68708333333333,28.8,1.2333333333333334,53.30165199466633,12.574166666666668,2.0,0.0,13.0,0.0,1.0,1.0,0.0,0.0,0.0,0.0,1.0,0.0,0.0,7.0,0.0,0.0,0.0,0.0
ND,2006-05-24,20.29837398373984,26.60967741935484,11.203703703703704,78.22263264233008,14.028455284552846,10.0,0.0,15.0,0.0,1.0,0.0,0.0,3.0,0.0,3.0,7.0,0.0,0.0,7.0,0.0,0.0,0.0,0.0
ND,2006-05-25,16.870731707317074,22.450406504065043,5.613533834586466,75.92556134401612,11.294354838709678,7.0,0.0,6.0,0.0,0.0,0.0,0.0,0.0,0.0,0.0,2.0,0.0,0.0,5.0,0.0,0.0,0.0,0.0
ND,2006-05-26,18.36487603305785,25.64793388429752,0.5043795620437955,70.26801445642342,11.054918032786883,8.0,0.0,17.0,2.0,0.0,0.0,0.0,0.0,0.0,0.0,3.0,0.0,0.0,6.0,0.0,0.0,0.0,0.0
ND,2006-05-27,20.12627118644068,27.27983193277311,1.550381679389313,67.5317402893452,12.938983050847456,11.0,0.0,19.0,2.0,2.0,0.0,0.0,2.0,0.0,1.0,3.0,0.0,0.0,4.0,0.0,0.0,0.0,0.0
ND,2006-05-28,19.56068376068376,25.64017094017094,1.894696969696969,76.51535373329644,13.48119658119658,13.0,1.0,8.0,1.0,0.0,0.0,0.0,1.0,0.0,1.0,4.0,0.0,0.0,3.0,0.0,0.0,0.0,0.0
ND,2006-05-29,16.946186440677966,22.78487394957984,2.663358778625954,72.31822172926351,11.201694915254237,6.0,0.0,6.0,1.0,1.0,0.0,0.0,0.0,0.0,0.0,3.0,0.0,0.0,5.0,0.0,0.0,0.0,0.0
ND,2006-05-30,15.880833333333332,23.44083333333333,0.3397058823529412,54.885781727067226,8.320661157024793,1.0,0.0,2.0,0.0,0.0,0.0,0.0,0.0,0.0,0.0,0.0,0.0,0.0,2.0,0.0,0.0,0.0,0.0
ND,2006-05-31,16.900416666666665,23.964166666666664,1.6920289855072463,62.56939269191601,9.82396694214876,2.0,0.0,11.0,0.0,0.0,1.0,0.0,1.0,0.0,1.0,2.0,0.0,0.0,7.0,0.0,0.0,0.0,0.0
ND,2006-06-01,17.248760330578513,25.57685950413224,1.247142857142857,59.67654672999591,8.920491803278688,2.0,0.0,2.0,0.0,2.0,0.0,0.0,2.0,0.0,0.0,1.0,0.0,0.0,3.0,0.0,0.0,0.0,0.0
ND,2006-06-02,19.837704918032784,28.985245901639345,0.0618705035971222,50.20655128354666,10.69016393442623,0.0,0.0,0.0,0.0,0.0,0.0,0.0,1.0,0.0,0.0,0.0,0.0,0.0,0.0,0.0,0.0,0.0,0.0
ND,2006-06-03,21.664285714285715,30.23109243697479,1.046376811594203,49.00973385331244,13.097478991596638,1.0,0.0,11.0,0.0,2.0,0.0,0.0,0.0,0.0,0.0,0.0,0.0,0.0,5.0,0.0,0.0,0.0,0.0
ND,2006-06-04,21.49297520661157,29.654545454545453,2.077536231884058,60.52172716954441,13.331404958677687,1.0,0.0,10.0,1.0,0.0,0.0,0.0,0.0,0.0,1.0,0.0,0.0,0.0,5.0,0.0,0.0,0.0,0.0
ND,2006-06-05,20.73553719008265,27.387603305785124,2.1355072463768114,67.07559317903505,14.083471074380164,4.0,0.0,9.0,0.0,2.0,0.0,0.0,2.0,0.0,0.0,1.0,0.0,0.0,7.0,0.0,0.0,0.0,0.0
ND,2006-06-06,19.87310924369748,27.769166666666667,0.797841726618705,58.46579319821093,11.990756302521008,0.0,0.0,1.0,0.0,2.0,0.0,0.0,0.0,0.0,0.0,0.0,0.0,0.0,0.0,0.0,0.0,0.0,0.0
ND,2006-06-07,19.57583333333333,27.585833333333333,0.0181159420289855,54.521058318958566,11.565833333333334,0.0,0.0,0.0,0.0,0.0,0.0,0.0,0.0,0.0,0.0,0.0,0.0,0.0,0.0,0.0,0.0,0.0,0.0
ND,2006-06-08,17.315573770491802,23.054918032786883,1.2116788321167884,63.01461490719209,11.576229508196722,2.0,0.0,5.0,0.0,0.0,0.0,0.0,1.0,0.0,0.0,1.0,0.0,0.0,7.0,0.0,0.0,0.0,0.0
ND,2006-06-09,13.71198347107438,16.852032520325206,7.402189781021898,82.69295332300531,10.63388429752066,10.0,0.0,11.0,0.0,0.0,0.0,0.0,0.0,0.0,0.0,7.0,0.0,0.0,7.0,0.0,0.0,0.0,0.0
ND,2006-06-10,11.492016806722688,14.633613445378153,4.088970588235294,77.37237353202286,8.364166666666668,8.0,0.0,4.0,0.0,0.0,0.0,0.0,1.0,0.0,0.0,3.0,0.0,0.0,5.0,0.0,0.0,0.0,0.0
ND,2006-06-11,12.736974789915967,17.003333333333334,2.9770370370370367,77.14020862743126,8.500840336134454,12.0,0.0,1.0,0.0,0.0,0.0,0.0,0.0,0.0,0.0,5.0,0.0,0.0,6.0,0.0,0.0,0.0,0.0
ND,2006-06-12,15.068487394957984,20.688235294117646,1.2343283582089553,75.19473654218321,9.44873949579832,12.0,2.0,2.0,0.0,0.0,0.0,0.0,0.0,0.0,0.0,4.0,0.0,0.0,4.0,0.0,0.0,0.0,0.0
ND,2006-06-13,17.352083333333333,23.84916666666667,0.5463235294117647,68.38421045169169,10.855,1.0,0.0,5.0,0.0,0.0,0.0,0.0,1.0,0.0,0.0,0.0,0.0,0.0,1.0,0.0,0.0,0.0,0.0
ND,2006-06-14,19.201680672268907,25.645,1.058273381294964,65.39037984903389,12.729411764705882,4.0,0.0,17.0,1.0,0.0,0.0,0.0,1.0,0.0,1.0,1.0,0.0,0.0,3.0,0.0,0.0,0.0,0.0
ND,2006-06-15,21.08991596638656,26.923529411764708,2.5153284671532847,70.0251691354044,15.256302521008404,8.0,0.0,10.0,0.0,1.0,0.0,0.0,0.0,0.0,0.0,3.0,0.0,0.0,5.0,0.0,0.0,0.0,0.0
ND,2006-06-16,20.369747899159663,27.215126050420167,0.7166666666666667,69.64876975933943,13.541666666666666,3.0,0.0,3.0,0.0,1.0,0.0,0.0,1.0,0.0,0.0,2.0,0.0,0.0,2.0,0.0,0.0,0.0,0.0
ND,2006-06-17,19.84406779661017,26.65169491525424,0.2471014492753623,60.48356391855136,13.057983193277312,2.0,0.0,4.0,0.0,2.0,0.0,0.0,1.0,0.0,0.0,1.0,0.0,0.0,3.0,0.0,0.0,0.0,0.0
ND,2006-06-18,18.24957264957265,24.871186440677967,0.493525179856115,60.85368158806149,11.647863247863247,2.0,0.0,1.0,0.0,1.0,0.0,0.0,1.0,0.0,0.0,1.0,0.0,0.0,6.0,0.0,0.0,0.0,0.0
ND,2006-06-19,17.46916666666667,24.95537190082645,0.9568345323741008,67.322172394569,10.006611570247934,3.0,0.0,1.0,0.0,0.0,0.0,0.0,2.0,0.0,0.0,0.0,0.0,0.0,3.0,0.0,0.0,0.0,0.0
ND,2006-06-20,20.085416666666667,26.82644628099173,0.3611510791366906,60.7706865656596,13.338333333333331,1.0,0.0,0.0,0.0,0.0,0.0,0.0,2.0,0.0,0.0,0.0,0.0,0.0,6.0,0.0,0.0,0.0,0.0
ND,2006-06-21,19.16611570247934,25.68264462809917,0.2630434782608696,59.19697940245982,12.649586776859504,1.0,0.0,2.0,0.0,0.0,0.0,0.0,0.0,0.0,0.0,0.0,0.0,0.0,2.0,0.0,0.0,0.0,0.0
ND,2006-06-22,17.6577868852459,24.68934426229508,1.3802919708029198,65.63149808671731,10.626229508196722,2.0,0.0,1.0,0.0,1.0,0.0,0.0,0.0,0.0,0.0,0.0,0.0,0.0,5.0,0.0,0.0,0.0,0.0
ND,2006-06-23,18.9218487394958,26.078333333333333,0.8456521739130435,63.19659442046138,11.742016806722688,2.0,0.0,13.0,0.0,0.0,1.0,0.0,0.0,0.0,0.0,2.0,0.0,0.0,6.0,0.0,0.0,0.0,0.0
ND,2006-06-24,18.30413223140496,25.271311475409835,2.7,68.79642801174924,11.325619834710745,2.0,1.0,24.0,0.0,3.0,1.0,0.0,1.0,0.0,0.0,1.0,0.0,0.0,6.0,0.0,0.0,0.0,0.0
ND,2006-06-25,17.36848739495798,24.90833333333333,2.772262773722628,64.48316050427475,9.805882352941175,2.0,0.0,5.0,0.0,1.0,1.0,0.0,1.0,0.0,0.0,1.0,0.0,0.0,0.0,0.0,0.0,0.0,0.0
ND,2006-06-26,18.84631147540984,26.86639344262295,0.5318840579710146,57.139051403236735,10.826229508196722,2.0,0.0,4.0,0.0,0.0,0.0,0.0,4.0,0.0,0.0,0.0,0.0,0.0,6.0,0.0,0.0,0.0,0.0
ND,2006-06-27,17.823360655737705,26.41788617886179,0.2128571428571428,60.45418856632703,9.112295081967211,9.0,0.0,3.0,0.0,0.0,0.0,0.0,6.0,0.0,0.0,4.0,0.0,0.0,0.0,0.0,0.0,0.0,0.0
ND,2006-06-28,19.163821138211382,27.630894308943088,0.0,55.17721850336739,10.696747967479675,0.0,0.0,0.0,0.0,0.0,0.0,0.0,3.0,0.0,0.0,0.0,0.0,0.0,0.0,0.0,0.0,0.0,0.0
ND,2006-06-29,22.688524590163933,31.568032786885247,0.0877697841726618,53.53934351612271,13.809016393442624,0.0,0.0,13.0,0.0,2.0,0.0,0.0,0.0,0.0,1.0,0.0,0.0,0.0,3.0,0.0,0.0,0.0,0.0
ND,2006-06-30,24.31776859504132,32.501652892561985,1.205072463768116,61.87787639869849,16.133884297520662,2.0,0.0,17.0,0.0,0.0,1.0,0.0,3.0,0.0,2.0,2.0,0.0,0.0,7.0,0.0,0.0,0.0,0.0
ND,2006-07-01,21.607627118644068,29.978813559322035,1.9746153846153844,63.11493230868303,13.236440677966105,5.0,1.0,10.0,0.0,0.0,0.0,0.0,5.0,0.0,0.0,3.0,0.0,0.0,2.0,0.0,0.0,0.0,0.0
ND,2006-07-02,21.19533898305085,29.98728813559322,0.4515151515151515,53.16738588276517,12.420168067226893,1.0,0.0,10.0,0.0,0.0,0.0,0.0,0.0,0.0,0.0,1.0,0.0,0.0,5.0,0.0,0.0,0.0,0.0
ND,2006-07-03,20.83589743589744,28.86610169491525,0.5834586466165413,58.32691688690569,12.81025641025641,1.0,0.0,5.0,0.0,0.0,0.0,0.0,2.0,0.0,0.0,0.0,0.0,0.0,0.0,0.0,0.0,0.0,0.0
ND,2006-07-04,18.98613445378152,27.09831932773109,0.0150375939849624,58.98159171391647,10.873949579831931,4.0,0.0,0.0,0.0,0.0,0.0,0.0,5.0,0.0,0.0,4.0,0.0,0.0,0.0,0.0,0.0,0.0,0.0
ND,2006-07-05,20.321610169491525,28.85338983050848,0.006060606060606,54.376041674847336,11.789830508474576,2.0,0.0,1.0,0.0,0.0,0.0,0.0,4.0,0.0,0.0,1.0,0.0,0.0,0.0,0.0,0.0,0.0,0.0
ND,2006-07-06,23.64,31.584166666666665,0.0,51.56358290729508,15.717355371900826,0.0,0.0,1.0,0.0,0.0,0.0,0.0,0.0,0.0,0.0,0.0,0.0,0.0,1.0,0.0,0.0,0.0,0.0
ND,2006-07-07,25.65798319327731,33.295833333333334,0.4664179104477612,52.23869324376454,17.990833333333335,1.0,0.0,11.0,0.0,0.0,0.0,0.0,1.0,0.0,1.0,0.0,0.0,0.0,4.0,0.0,0.0,0.0,0.0
ND,2006-07-08,24.502916666666668,33.9775,0.5,50.739218305445085,15.028333333333334,1.0,0.0,8.0,0.0,0.0,0.0,0.0,3.0,0.0,0.0,1.0,0.0,0.0,2.0,0.0,0.0,0.0,0.0
ND,2006-07-09,19.612393162393165,28.85384615384616,0.2233082706766917,60.440785418623406,10.36271186440678,0.0,0.0,1.0,0.0,0.0,0.0,0.0,0.0,0.0,0.0,0.0,0.0,0.0,0.0,0.0,0.0,0.0,0.0
ND,2006-07-10,19.16583333333333,27.964166666666664,0.0,60.77816764956686,10.346280991735538,0.0,0.0,0.0,0.0,0.0,0.0,0.0,1.0,0.0,0.0,0.0,0.0,0.0,1.0,0.0,0.0,0.0,0.0
ND,2006-07-11,23.8063025210084,32.792436974789915,0.0888059701492537,52.35199747780677,14.82016806722689,0.0,0.0,1.0,0.0,0.0,0.0,0.0,2.0,0.0,0.0,0.0,0.0,0.0,1.0,0.0,0.0,0.0,0.0
ND,2006-07-12,26.43025210084033,35.515,1.9579710144927536,54.14223458210803,17.364705882352943,2.0,0.0,24.0,0.0,3.0,0.0,0.0,2.0,0.0,4.0,2.0,0.0,0.0,4.0,0.0,0.0,0.0,0.0
ND,2006-07-13,25.94872881355932,34.003361344537815,5.62,62.30669022175592,17.944915254237287,2.0,0.0,19.0,0.0,1.0,0.0,0.0,1.0,0.0,2.0,1.0,0.0,0.0,4.0,0.0,0.0,0.0,0.0
ND,2006-07-14,23.909829059829057,33.34789915966387,0.3373134328358209,49.166161872285656,14.5,1.0,0.0,1.0,0.0,0.0,0.0,0.0,0.0,0.0,0.0,0.0,0.0,0.0,0.0,0.0,0.0,0.0,0.0
ND,2006-07-15,25.886206896551727,35.873275862068965,0.0059701492537313,49.4299971053702,15.899137931034485,0.0,0.0,0.0,0.0,0.0,0.0,0.0,0.0,0.0,0.0,0.0,0.0,0.0,0.0,0.0,0.0,0.0,0.0
ND,2006-07-16,26.86610169491525,36.59495798319328,0.0111940298507462,53.07765929393143,17.171186440677968,2.0,1.0,0.0,0.0,0.0,0.0,0.0,0.0,0.0,0.0,1.0,0.0,0.0,2.0,0.0,0.0,0.0,0.0
ND,2006-07-17,23.65924369747899,33.73,0.017037037037037,48.400482889973055,13.648333333333332,0.0,0.0,2.0,0.0,0.0,0.0,0.0,1.0,0.0,0.0,0.0,0.0,0.0,0.0,0.0,0.0,0.0,0.0
ND,2006-07-18,23.085416666666667,31.863333333333333,0.2696296296296296,48.71022126611634,14.3075,0.0,0.0,11.0,0.0,0.0,0.0,0.0,1.0,0.0,0.0,0.0,0.0,0.0,6.0,0.0,0.0,0.0,0.0
ND,2006-07-19,23.84631147540984,32.07704918032787,0.9592592592592591,52.961776906321845,15.615573770491803,0.0,0.0,7.0,0.0,1.0,0.0,0.0,0.0,0.0,0.0,0.0,0.0,0.0,6.0,0.0,0.0,0.0,0.0
ND,2006-07-20,19.85655737704918,27.92439024390244,2.12536231884058,60.16439155182536,11.800819672131148,6.0,0.0,18.0,0.0,3.0,0.0,0.0,2.0,0.0,0.0,2.0,0.0,0.0,6.0,0.0,0.0,0.0,0.0
ND,2006-07-21,19.97272727272728,27.483606557377048,3.805263157894737,68.90412659474885,12.494262295081969,11.0,0.0,4.0,0.0,1.0,0.0,0.0,0.0,0.0,0.0,3.0,0.0,0.0,2.0,0.0,0.0,0.0,0.0
ND,2006-07-22,22.56271186440678,31.01680672268908,0.0390977443609022,53.210828247109525,14.142372881355932,0.0,0.0,1.0,0.0,0.0,0.0,0.0,0.0,0.0,0.0,0.0,0.0,0.0,0.0,0.0,0.0,0.0,0.0
ND,2006-07-23,25.14958333333333,34.056666666666665,0.0819548872180451,52.78991259423843,16.2425,0.0,0.0,2.0,0.0,0.0,0.0,0.0,0.0,0.0,0.0,0.0,0.0,0.0,1.0,0.0,0.0,0.0,0.0
ND,2006-07-24,26.013223140495867,33.95619834710744,1.0548148148148149,56.663453572069095,18.070247933884296,1.0,0.0,20.0,0.0,0.0,0.0,0.0,0.0,0.0,1.0,1.0,0.0,0.0,6.0,0.0,0.0,0.0,0.0
ND,2006-07-25,24.72439024390244,32.169918699186994,3.22406015037594,65.83609961446999,17.27886178861789,3.0,0.0,27.0,0.0,0.0,0.0,0.0,2.0,0.0,2.0,0.0,0.0,0.0,5.0,0.0,0.0,0.0,0.0
ND,2006-07-26,23.309016393442626,31.60655737704918,1.4691729323308271,66.28667490966986,15.011475409836066,6.0,3.0,15.0,0.0,1.0,0.0,0.0,1.0,0.0,0.0,3.0,0.0,0.0,2.0,0.0,0.0,0.0,0.0
ND,2006-07-27,24.833739837398376,33.64552845528455,0.6992592592592592,56.80258305130387,16.021951219512196,2.0,0.0,2.0,0.0,0.0,0.0,0.0,0.0,0.0,0.0,0.0,0.0,0.0,1.0,0.0,0.0,0.0,0.0
ND,2006-07-28,25.175409836065576,33.28524590163934,0.42,57.44442829342716,17.065573770491802,2.0,0.0,12.0,0.0,0.0,0.0,0.0,0.0,0.0,0.0,2.0,0.0,0.0,6.0,0.0,0.0,0.0,0.0
ND,2006-07-29,22.199583333333333,30.5475,1.3365671641791044,65.92701413954269,13.851666666666668,4.0,0.0,6.0,0.0,0.0,0.0,0.0,0.0,0.0,0.0,1.0,0.0,0.0,2.0,0.0,0.0,0.0,0.0
ND,2006-07-30,25.339830508474577,33.72941176470589,0.3808823529411764,66.51654006318951,17.03361344537815,8.0,2.0,11.0,0.0,0.0,0.0,0.0,0.0,0.0,1.0,3.0,0.0,0.0,2.0,0.0,0.0,0.0,0.0
ND,2006-07-31,25.514406779661016,33.18135593220339,1.771111111111111,54.01519617413483,17.8375,2.0,0.0,12.0,0.0,0.0,0.0,0.0,1.0,0.0,0.0,1.0,0.0,0.0,5.0,0.0,0.0,0.0,0.0
ND,2006-08-01,20.13803418803419,27.95,0.1919117647058823,49.36810600721423,12.282051282051285,1.0,0.0,1.0,0.0,0.0,0.0,0.0,1.0,0.0,0.0,0.0,0.0,0.0,4.0,0.0,0.0,0.0,0.0
ND,2006-08-02,20.395416666666662,28.15333333333333,0.3308823529411764,55.12118026745946,12.64297520661157,1.0,0.0,3.0,0.0,0.0,0.0,0.0,1.0,0.0,0.0,0.0,0.0,0.0,4.0,0.0,0.0,0.0,0.0
ND,2006-08-03,21.06694214876033,31.03388429752066,0.1912408759124087,50.25425128447848,11.109016393442625,0.0,0.0,1.0,0.0,0.0,0.0,0.0,1.0,0.0,0.0,0.0,0.0,0.0,1.0,0.0,0.0,0.0,0.0
ND,2006-08-04,23.55666666666667,32.18842975206612,0.96231884057971,51.31425930005708,14.828333333333337,0.0,0.0,11.0,0.0,2.0,0.0,0.0,1.0,0.0,0.0,0.0,0.0,0.0,4.0,0.0,0.0,0.0,0.0
ND,2006-08-05,23.18196721311476,31.059016393442626,1.983941605839416,56.19088837366211,15.304918032786883,0.0,0.0,10.0,0.0,1.0,0.0,0.0,0.0,0.0,0.0,0.0,0.0,0.0,4.0,0.0,0.0,0.0,0.0
ND,2006-08-06,19.3344262295082,29.138524590163936,0.2233576642335766,47.63051999259687,9.53032786885246,1.0,0.0,0.0,0.0,0.0,0.0,0.0,1.0,0.0,0.0,0.0,0.0,0.0,0.0,0.0,0.0,0.0,0.0
ND,2006-08-07,21.07704918032787,30.483606557377048,0.0094890510948905,49.04694176135151,11.670491803278688,0.0,0.0,1.0,0.0,0.0,0.0,0.0,0.0,0.0,0.0,0.0,0.0,0.0,0.0,0.0,0.0,0.0,0.0
ND,2006-08-08,23.92172131147541,32.22049180327869,0.2051851851851852,56.141320647757006,15.62295081967213,0.0,0.0,0.0,0.0,0.0,0.0,0.0,0.0,0.0,0.0,0.0,0.0,0.0,2.0,0.0,0.0,0.0,0.0
ND,2006-08-09,25.035833333333336,32.37685950413223,2.457037037037037,65.2732945216962,17.725833333333334,8.0,1.0,20.0,1.0,1.0,0.0,0.0,2.0,0.0,0.0,1.0,0.0,0.0,5.0,0.0,0.0,0.0,0.0
ND,2006-08-10,24.30619834710744,31.61900826446281,5.05037037037037,72.43721827783335,16.993388429752066,6.0,1.0,22.0,0.0,2.0,0.0,0.0,0.0,0.0,0.0,2.0,0.0,0.0,5.0,0.0,0.0,0.0,0.0
ND,2006-08-11,23.969672131147544,31.577868852459016,0.9272058823529412,68.50028833396821,16.350406504065038,15.0,1.0,18.0,0.0,4.0,0.0,0.0,1.0,0.0,2.0,2.0,0.0,0.0,3.0,0.0,0.0,0.0,0.0
ND,2006-08-12,23.411570247933884,30.000826446281,4.579411764705882,70.22777978644935,16.822314049586776,13.0,0.0,30.0,0.0,3.0,0.0,0.0,3.0,0.0,0.0,4.0,0.0,0.0,6.0,0.0,0.0,0.0,0.0
ND,2006-08-13,19.607563025210087,25.668907563025208,8.61044776119403,75.76582976677776,13.546218487394958,10.0,0.0,19.0,0.0,0.0,1.0,0.0,0.0,0.0,1.0,6.0,0.0,0.0,7.0,0.0,0.0,0.0,0.0
ND,2006-08-14,18.13429752066116,25.52950819672131,1.3723880597014926,59.077007281750056,10.615702479338845,1.0,0.0,0.0,0.0,0.0,0.0,0.0,0.0,0.0,0.0,0.0,0.0,0.0,1.0,0.0,0.0,0.0,0.0
ND,2006-08-15,20.577916666666667,29.2075,0.125,53.4118505780176,11.923140495867768,1.0,0.0,5.0,0.0,0.0,0.0,0.0,1.0,0.0,0.0,0.0,0.0,0.0,2.0,0.0,0.0,0.0,0.0
ND,2006-08-16,22.94344262295082,30.445901639344264,1.3134328358208955,63.321940791180864,15.440983606557376,4.0,0.0,17.0,0.0,2.0,0.0,0.0,1.0,0.0,0.0,3.0,0.0,0.0,6.0,0.0,0.0,0.0,0.0
ND,2006-08-17,21.310504201680672,27.855,3.4367647058823527,74.90314251912426,14.802521008403362,11.0,1.0,21.0,0.0,2.0,0.0,0.0,0.0,0.0,1.0,3.0,1.0,0.0,5.0,0.0,0.0,0.0,0.0
ND,2006-08-18,18.137190082644626,23.419834710743803,9.286466165413533,80.35581661179474,12.854545454545455,7.0,1.0,18.0,0.0,0.0,0.0,0.0,0.0,0.0,0.0,5.0,0.0,0.0,7.0,0.0,0.0,0.0,0.0
ND,2006-08-19,17.410084033613447,24.81008403361345,1.342962962962963,69.4544341957294,10.088333333333331,8.0,1.0,3.0,0.0,0.0,0.0,0.0,0.0,0.0,0.0,3.0,0.0,0.0,0.0,0.0,0.0,0.0,0.0
ND,2006-08-20,20.347457627118644,28.274166666666662,0.6941176470588236,60.359715657851474,12.313559322033898,1.0,0.0,6.0,0.0,0.0,0.0,0.0,0.0,0.0,0.0,0.0,0.0,0.0,4.0,0.0,0.0,0.0,0.0
ND,2006-08-21,19.48884297520661,28.630578512396696,1.8940298507462687,57.93863504341533,10.481147540983606,1.0,0.0,4.0,0.0,0.0,0.0,0.0,0.0,0.0,0.0,0.0,0.0,0.0,1.0,0.0,0.0,0.0,0.0
ND,2006-08-22,20.23483606557377,28.839837398373984,0.8992700729927007,58.18619586037716,11.49344262295082,1.0,0.0,10.0,0.0,0.0,0.0,0.0,0.0,0.0,0.0,0.0,0.0,0.0,4.0,0.0,0.0,0.0,0.0
ND,2006-08-23,22.09713114754098,30.5,1.651851851851852,67.32081535508523,13.694262295081968,11.0,0.0,9.0,0.0,4.0,0.0,0.0,1.0,0.0,0.0,1.0,0.0,0.0,1.0,0.0,0.0,0.0,0.0
ND,2006-08-24,21.08360655737705,27.328688524590163,6.649264705882352,81.63370954351032,14.838524590163932,22.0,0.0,34.0,0.0,3.0,0.0,0.0,1.0,0.0,3.0,7.0,0.0,0.0,7.0,0.0,0.0,0.0,0.0
ND,2006-08-25,17.71625,23.785833333333336,9.064444444444446,73.37011469884024,11.647107438016528,9.0,0.0,7.0,0.0,2.0,0.0,0.0,0.0,0.0,0.0,3.0,0.0,0.0,1.0,0.0,0.0,0.0,0.0
ND,2006-08-26,18.669747899159663,26.38235294117647,0.1889705882352941,59.87782840022302,10.957142857142856,0.0,0.0,0.0,0.0,0.0,0.0,0.0,0.0,0.0,0.0,0.0,0.0,0.0,0.0,0.0,0.0,0.0,0.0
ND,2006-08-27,19.806837606837608,27.87008547008547,0.1110294117647058,62.11175926054469,11.743589743589745,1.0,1.0,0.0,0.0,0.0,0.0,0.0,0.0,0.0,0.0,0.0,0.0,0.0,0.0,0.0,0.0,0.0,0.0
ND,2006-08-28,19.559663865546216,27.375833333333333,0.0705882352941176,62.92249483997963,11.756302521008404,10.0,1.0,0.0,0.0,0.0,0.0,0.0,0.0,0.0,0.0,0.0,0.0,0.0,0.0,0.0,0.0,0.0,0.0
ND,2006-08-29,18.266115702479336,27.03471074380165,0.0,58.5412476454323,9.497520661157026,4.0,1.0,0.0,0.0,0.0,0.0,0.0,0.0,0.0,0.0,1.0,0.0,0.0,0.0,0.0,0.0,0.0,0.0
ND,2006-08-30,20.184836065573773,28.368852459016395,0.0,59.16237760226522,12.000819672131149,0.0,0.0,0.0,0.0,0.0,0.0,0.0,0.0,0.0,0.0,0.0,0.0,0.0,0.0,0.0,0.0,0.0,0.0
ND,2006-08-31,20.1175,27.1825,0.0058394160583941,57.280976493045856,13.0525,0.0,0.0,5.0,0.0,0.0,0.0,0.0,0.0,0.0,0.0,0.0,0.0,0.0,4.0,0.0,0.0,0.0,0.0
ND,2006-09-01,15.13801652892562,22.723140495867767,0.3474820143884892,62.60143638031369,7.552892561983471,1.0,0.0,0.0,0.0,0.0,0.0,0.0,0.0,0.0,0.0,1.0,0.0,0.0,3.0,0.0,0.0,0.0,0.0
ND,2006-09-02,14.189495798319328,20.20420168067227,3.581159420289855,69.98165464339523,8.174789915966386,4.0,0.0,0.0,0.0,0.0,0.0,0.0,0.0,0.0,0.0,3.0,0.0,0.0,4.0,0.0,0.0,0.0,0.0
ND,2006-09-03,15.544166666666666,22.328333333333333,2.81021897810219,69.22716555392026,8.76,4.0,1.0,0.0,0.0,0.0,0.0,0.0,0.0,0.0,0.0,2.0,0.0,0.0,3.0,0.0,0.0,0.0,0.0
ND,2006-09-04,17.15082644628099,25.92479338842975,0.0474820143884892,63.80241710715374,8.376859504132232,9.0,1.0,0.0,0.0,0.0,0.0,0.0,0.0,0.0,0.0,2.0,0.0,0.0,2.0,0.0,0.0,0.0,0.0
ND,2006-09-05,18.57190082644628,28.12809917355372,0.0568345323741007,56.48552422730068,9.02377049180328,0.0,0.0,0.0,0.0,0.0,0.0,0.0,0.0,0.0,0.0,0.0,0.0,0.0,1.0,0.0,0.0,0.0,0.0
ND,2006-09-06,19.3702479338843,29.020325203252032,0.0,55.66344249819433,9.708264462809918,0.0,0.0,0.0,0.0,0.0,0.0,0.0,2.0,0.0,0.0,0.0,0.0,0.0,1.0,0.0,0.0,0.0,0.0
ND,2006-09-07,19.68708333333333,29.52892561983471,0.1330935251798561,53.787882020642535,10.006611570247934,3.0,0.0,0.0,0.0,0.0,0.0,0.0,1.0,0.0,0.0,1.0,0.0,0.0,1.0,0.0,0.0,0.0,0.0
ND,2006-09-08,14.91404958677686,24.818852459016394,0.0366906474820143,60.31507275592868,5.05702479338843,2.0,0.0,1.0,0.0,0.0,0.0,0.0,1.0,0.0,0.0,0.0,0.0,0.0,0.0,0.0,0.0,0.0,0.0
ND,2006-09-09,11.481092436974787,18.8675,0.0,61.60918861270307,4.052941176470588,2.0,0.0,0.0,0.0,0.0,0.0,0.0,0.0,0.0,0.0,0.0,0.0,0.0,0.0,0.0,0.0,0.0,0.0
ND,2006-09-10,13.108264462809917,20.643801652892563,0.079136690647482,67.58044188356052,5.572727272727272,4.0,0.0,0.0,0.0,0.0,0.0,0.0,0.0,0.0,0.0,0.0,0.0,0.0,1.0,0.0,0.0,0.0,0.0
ND,2006-09-11,15.246311475409836,22.45655737704918,0.1741007194244604,73.69046969925627,8.016260162601625,13.0,2.0,1.0,0.0,0.0,0.0,0.0,1.0,0.0,0.0,3.0,0.0,0.0,2.0,0.0,0.0,0.0,0.0
ND,2006-09-12,16.695454545454545,25.22892561983471,0.0,65.01038800678029,8.16910569105691,12.0,2.0,0.0,0.0,0.0,0.0,0.0,1.0,0.0,0.0,5.0,0.0,0.0,0.0,0.0,0.0,0.0,0.0
ND,2006-09-13,19.4922131147541,29.61229508196721,0.0,52.80195122465405,9.372131147540983,3.0,0.0,0.0,0.0,0.0,0.0,0.0,2.0,0.0,0.0,0.0,0.0,0.0,0.0,0.0,0.0,0.0,0.0
ND,2006-09-14,20.39672131147541,29.540983606557376,0.0,55.28845675011878,11.252459016393445,2.0,0.0,0.0,0.0,0.0,0.0,0.0,1.0,0.0,0.0,0.0,0.0,0.0,0.0,0.0,0.0,0.0,0.0
ND,2006-09-15,20.4575,27.825619834710743,0.3510791366906474,61.98253596556584,13.084166666666668,6.0,1.0,16.0,0.0,1.0,0.0,1.0,0.0,0.0,1.0,1.0,0.0,0.0,6.0,0.0,0.0,0.0,0.0
ND,2006-09-16,16.302892561983473,22.39669421487603,3.904411764705882,82.25940790143383,10.209090909090907,7.0,0.0,23.0,0.0,1.0,1.0,0.0,1.0,0.0,1.0,4.0,0.0,0.0,7.0,0.0,0.0,0.0,0.0
ND,2006-09-17,9.087083333333334,13.186666666666667,6.978676470588235,83.12891024813639,4.941322314049587,10.0,0.0,5.0,0.0,0.0,2.0,0.0,0.0,0.0,0.0,5.0,1.0,0.0,7.0,1.0,1.0,1.0,0.0
ND,2006-09-18,6.396694214876033,9.068852459016394,6.886666666666667,86.1649950855773,3.6975409836065576,12.0,0.0,1.0,0.0,0.0,0.0,0.0,1.0,0.0,0.0,6.0,1.0,0.0,7.0,0.0,0.0,0.0,0.0
ND,2006-09-19,5.465833333333333,10.299173553719008,0.4202898550724637,73.07126946312681,0.6338842975206612,0.0,0.0,0.0,0.0,0.0,0.0,0.0,0.0,0.0,0.0,0.0,0.0,0.0,1.0,0.0,0.0,0.0,0.0
ND,2006-09-20,6.691803278688524,13.845081967213114,0.0079710144927536,68.46062597625256,-0.4614754098360656,0.0,0.0,1.0,0.0,0.0,0.0,0.0,0.0,0.0,0.0,0.0,0.0,0.0,1.0,0.0,0.0,0.0,0.0
ND,2006-09-21,9.46404958677686,15.920661157024794,1.6489051094890512,70.52560004149528,3.0074380165289254,8.0,0.0,0.0,0.0,0.0,0.0,0.0,1.0,0.0,0.0,4.0,0.0,0.0,7.0,0.0,0.0,0.0,0.0
ND,2006-09-22,10.445081967213117,13.884426229508197,12.067153284671534,90.98266090833404,7.005737704918033,11.0,0.0,1.0,0.0,0.0,1.0,0.0,0.0,0.0,0.0,7.0,0.0,0.0,7.0,0.0,0.0,0.0,0.0
ND,2006-09-23,9.8025,14.076666666666666,7.044444444444444,76.49608157584616,5.528333333333333,1.0,0.0,0.0,0.0,0.0,0.0,0.0,0.0,0.0,0.0,0.0,0.0,0.0,5.0,0.0,0.0,0.0,0.0
ND,2006-09-24,11.210833333333332,17.833333333333332,0.1705882352941176,67.37843392320244,4.588333333333334,0.0,0.0,0.0,0.0,0.0,0.0,0.0,0.0,0.0,0.0,0.0,0.0,0.0,1.0,0.0,0.0,0.0,0.0
ND,2006-09-25,12.49917355371901,19.878688524590164,0.1808823529411765,65.30786946069874,5.115702479338843,1.0,0.0,0.0,0.0,0.0,0.0,0.0,0.0,0.0,0.0,0.0,0.0,0.0,3.0,0.0,0.0,0.0,0.0
ND,2006-09-26,12.773140495867768,18.9672131147541,0.8905109489051095,69.87276642153095,6.587603305785124,3.0,0.0,4.0,0.0,1.0,0.0,0.0,1.0,0.0,0.0,1.0,0.0,0.0,7.0,0.0,0.0,0.0,0.0
ND,2006-09-27,9.34016393442623,15.126229508196722,3.045985401459854,78.72285036962708,3.554098360655738,5.0,0.0,2.0,0.0,1.0,0.0,0.0,1.0,0.0,0.0,3.0,0.0,0.0,7.0,0.0,0.0,0.0,0.0
ND,2006-09-28,6.12396694214876,13.335245901639343,0.6253623188405797,74.0847427796276,-1.1099173553719008,5.0,2.0,0.0,0.0,0.0,0.0,0.0,0.0,0.0,0.0,1.0,0.0,0.0,6.0,0.0,0.0,0.0,2.0
ND,2006-09-29,10.248347107438017,16.862809917355374,0.3746376811594202,64.88488166366088,3.681147540983608,2.0,0.0,0.0,0.0,0.0,0.0,0.0,1.0,0.0,0.0,1.0,0.0,0.0,4.0,0.0,0.0,0.0,0.0
ND,2006-09-30,14.308119658119658,22.03813559322034,0.0467153284671532,61.86448863021475,6.570085470085471,0.0,0.0,0.0,0.0,0.0,0.0,0.0,1.0,0.0,0.0,0.0,0.0,0.0,1.0,0.0,0.0,0.0,0.0
ND,2006-10-01,16.26782608695652,25.43565217391304,0.0,55.15911688221922,7.1,0.0,0.0,0.0,0.0,0.0,0.0,0.0,0.0,0.0,0.0,0.0,0.0,0.0,0.0,0.0,0.0,0.0,0.0
ND,2006-10-02,15.526495726495726,24.482905982905983,0.156060606060606,63.39114527716077,6.570085470085471,0.0,0.0,0.0,0.0,0.0,0.0,0.0,0.0,0.0,0.0,0.0,0.0,0.0,1.0,0.0,0.0,0.0,0.0
ND,2006-10-03,11.230672268907565,16.438333333333333,3.7818181818181817,75.53699357869415,6.052941176470588,7.0,0.0,0.0,0.0,0.0,0.0,0.0,0.0,0.0,0.0,3.0,0.0,0.0,7.0,0.0,0.0,0.0,0.0
ND,2006-10-04,6.8436440677966095,13.054237288135594,2.8953846153846152,74.10896705842306,0.6330508474576272,14.0,1.0,1.0,0.0,0.0,0.0,0.0,0.0,0.0,0.0,3.0,0.0,0.0,0.0,0.0,0.0,0.0,0.0
ND,2006-10-05,9.387068965517242,17.18717948717949,0.0060150375939849,69.4550033870053,1.5344827586206895,0.0,0.0,0.0,0.0,0.0,0.0,0.0,0.0,0.0,0.0,0.0,0.0,0.0,0.0,0.0,1.0,0.0,0.0
ND,2006-10-06,14.138461538461538,21.92627118644068,0.0285714285714285,69.30167356890921,6.282051282051282,3.0,0.0,0.0,0.0,0.0,0.0,0.0,1.0,0.0,0.0,0.0,0.0,0.0,0.0,0.0,0.0,0.0,0.0
ND,2006-10-07,16.93913043478261,24.708695652173912,0.2380597014925373,73.05380708249069,9.167241379310346,4.0,0.0,1.0,0.0,0.0,0.0,0.0,1.0,0.0,1.0,2.0,0.0,0.0,3.0,0.0,0.0,0.0,0.0
ND,2006-10-08,10.833620689655174,17.992241379310343,0.1947761194029851,65.33674778366984,3.695726495726496,1.0,0.0,0.0,0.0,0.0,0.0,0.0,0.0,0.0,0.0,0.0,0.0,0.0,0.0,0.0,0.0,0.0,0.0
ND,2006-10-09,5.296521739130435,11.342241379310344,0.0,67.80090881355255,-0.7543103448275862,1.0,0.0,0.0,0.0,0.0,0.0,0.0,1.0,0.0,0.0,0.0,0.0,0.0,0.0,0.0,0.0,0.0,0.0
ND,2006-10-10,4.608403361344537,11.424166666666668,0.750375939849624,70.2074973755481,-2.1825,8.0,0.0,0.0,0.0,0.0,2.0,0.0,0.0,0.0,0.0,6.0,0.0,0.0,7.0,2.0,5.0,0.0,0.0
ND,2006-10-11,0.3247899159663865,5.919672131147541,1.728358208955224,76.19769017987936,-5.228571428571429,3.0,2.0,0.0,1.0,0.0,1.0,0.0,4.0,0.0,0.0,3.0,0.0,0.0,0.0,0.0,5.0,1.0,2.0
ND,2006-10-12,-1.8441666666666665,2.5454545454545454,0.1856060606060606,68.43138836709998,-6.236666666666666,2.0,0.0,0.0,0.0,0.0,0.0,0.0,1.0,0.0,0.0,2.0,0.0,0.0,1.0,0.0,3.0,0.0,0.0
ND,2006-10-13,-0.0615702479338842,5.169421487603306,0.0022556390977443,60.43991090082368,-5.308196721311476,0.0,0.0,0.0,0.0,0.0,0.0,0.0,0.0,0.0,0.0,0.0,0.0,0.0,0.0,0.0,1.0,0.0,0.0
ND,2006-10-14,0.6809322033898306,8.647058823529411,0.0,53.48772271290333,-7.283050847457627,0.0,0.0,0.0,0.0,0.0,0.0,0.0,0.0,0.0,0.0,0.0,0.0,0.0,0.0,0.0,0.0,0.0,0.0
ND,2006-10-15,4.589075630252101,14.142857142857142,0.08796992481203,55.7497452462024,-5.006666666666666,1.0,0.0,1.0,0.0,0.0,0.0,0.0,1.0,0.0,0.0,0.0,0.0,0.0,0.0,0.0,0.0,0.0,0.0
ND,2006-10-16,8.0925,15.58099173553719,1.3458646616541354,75.51443530640647,0.5991666666666666,20.0,1.0,2.0,1.0,0.0,0.0,0.0,2.0,0.0,0.0,5.0,1.0,0.0,7.0,0.0,2.0,1.0,0.0
ND,2006-10-17,3.650833333333333,8.76694214876033,9.509774436090224,91.35965000741676,-1.4275,13.0,2.0,1.0,2.0,0.0,3.0,0.0,1.0,0.0,0.0,3.0,1.0,0.0,6.0,1.0,7.0,1.0,2.0
ND,2006-10-18,-0.8927966101694915,1.9266666666666663,1.418181818181818,77.51225475212576,-3.745378151260504,1.0,0.0,0.0,0.0,0.0,0.0,0.0,0.0,0.0,0.0,0.0,0.0,0.0,0.0,0.0,0.0,0.0,0.0
ND,2006-10-19,-0.2575,3.858333333333333,0.0808823529411764,80.33694313510055,-4.373333333333333,4.0,0.0,0.0,0.0,0.0,0.0,0.0,1.0,0.0,0.0,1.0,0.0,0.0,2.0,0.0,0.0,1.0,0.0
ND,2006-10-20,-0.0555084745762711,3.4855932203389832,0.2455882352941176,84.1582341898119,-3.5966101694915253,11.0,0.0,0.0,0.0,0.0,1.0,0.0,1.0,0.0,0.0,5.0,1.0,0.0,2.0,1.0,3.0,1.0,1.0
ND,2006-10-21,-1.6538461538461535,1.6282051282051282,0.0610294117647058,71.84060076241101,-4.935897435897436,4.0,0.0,0.0,0.0,0.0,0.0,0.0,2.0,0.0,0.0,2.0,0.0,0.0,1.0,0.0,5.0,1.0,0.0
ND,2006-10-22,-2.259051724137932,1.6452991452991452,0.0301470588235294,71.45474226206046,-6.162931034482758,1.0,0.0,0.0,0.0,0.0,0.0,0.0,3.0,0.0,0.0,0.0,0.0,0.0,0.0,0.0,3.0,1.0,0.0
ND,2006-10-23,-1.9579831932773109,3.894117647058824,0.0,73.30886285625128,-7.810084033613445,1.0,0.0,0.0,0.0,0.0,0.0,0.0,0.0,0.0,0.0,0.0,0.0,0.0,0.0,0.0,0.0,0.0,0.0
ND,2006-10-24,1.2533613445378151,7.63,0.0,71.17270110711956,-5.159663865546219,2.0,0.0,0.0,0.0,0.0,0.0,0.0,2.0,0.0,0.0,1.0,0.0,0.0,0.0,0.0,0.0,0.0,0.0
ND,2006-10-25,3.0930327868852463,10.876229508196722,0.0,72.7661336080048,-4.69016393442623,5.0,0.0,0.0,0.0,0.0,0.0,0.0,1.0,0.0,0.0,1.0,0.0,0.0,0.0,0.0,0.0,0.0,0.0
ND,2006-10-26,5.065983606557377,12.478688524590163,0.0,66.21578784785403,-2.34672131147541,3.0,0.0,0.0,0.0,0.0,0.0,0.0,0.0,0.0,0.0,0.0,0.0,0.0,1.0,0.0,0.0,0.0,0.0
ND,2006-10-27,5.729166666666667,11.98,0.0,59.68674826486535,-0.5216666666666667,2.0,0.0,0.0,0.0,0.0,0.0,0.0,1.0,0.0,0.0,1.0,0.0,0.0,0.0,0.0,0.0,0.0,0.0
ND,2006-10-28,4.218333333333333,10.445454545454544,0.0,59.29236369615772,-1.975833333333333,0.0,0.0,0.0,0.0,0.0,0.0,0.0,0.0,0.0,0.0,0.0,0.0,0.0,0.0,0.0,0.0,0.0,0.0
ND,2006-10-29,3.839406779661017,11.705,0.0562962962962962,63.58000335006947,-4.017796610169492,3.0,0.0,0.0,0.0,0.0,0.0,0.0,1.0,0.0,0.0,1.0,0.0,0.0,0.0,0.0,0.0,0.0,0.0
ND,2006-10-30,0.5418032786885245,6.6262295081967215,1.7518518518518518,79.82991209177248,-5.5426229508196725,8.0,1.0,0.0,0.0,0.0,1.0,0.0,2.0,2.0,0.0,6.0,0.0,0.0,1.0,1.0,7.0,2.0,4.0
ND,2006-10-31,-5.5225,-1.8108333333333333,1.125563909774436,70.60466213239498,-9.214754098360656,1.0,0.0,0.0,0.0,0.0,0.0,0.0,0.0,0.0,0.0,0.0,0.0,0.0,0.0,0.0,2.0,0.0,0.0
ND,2006-11-01,-6.07107438016529,-2.8454545454545457,0.0149606299212598,70.87208718841502,-9.296694214876034,1.0,0.0,0.0,0.0,0.0,0.0,0.0,2.0,0.0,0.0,1.0,0.0,0.0,0.0,0.0,7.0,1.0,0.0
ND,2006-11-02,-6.790336134453781,-2.4697478991596635,0.0,68.64973759002217,-11.1109243697479,0.0,0.0,0.0,0.0,0.0,0.0,0.0,0.0,0.0,0.0,0.0,0.0,0.0,0.0,0.0,5.0,0.0,0.0
ND,2006-11-03,-7.122083333333333,-1.095,0.02,73.11097748212984,-13.149166666666668,3.0,0.0,0.0,0.0,0.0,0.0,0.0,1.0,0.0,0.0,0.0,0.0,0.0,0.0,0.0,0.0,0.0,0.0
ND,2006-11-04,-0.5379310344827586,5.484615384615385,0.0,64.04876940891361,-6.636752136752137,1.0,0.0,0.0,0.0,0.0,0.0,0.0,0.0,0.0,0.0,0.0,0.0,0.0,0.0,0.0,0.0,0.0,0.0
ND,2006-11-05,4.965384615384616,13.20593220338983,0.0689922480620155,67.25356727871608,-3.231623931623932,4.0,0.0,0.0,0.0,0.0,0.0,0.0,0.0,0.0,0.0,1.0,0.0,0.0,5.0,0.0,0.0,0.0,0.0
ND,2006-11-06,5.850416666666666,13.864166666666668,0.0546153846153846,76.80389930865321,-2.1633333333333336,7.0,0.0,0.0,0.0,0.0,0.0,0.0,1.0,0.0,0.0,2.0,0.0,0.0,2.0,0.0,0.0,0.0,1.0
ND,2006-11-07,8.235123966942147,14.508264462809915,0.0717557251908397,75.15789595883295,1.96198347107438,7.0,0.0,0.0,0.0,0.0,0.0,0.0,1.0,0.0,0.0,2.0,0.0,0.0,5.0,0.0,0.0,0.0,0.0
ND,2006-11-08,9.886363636363637,16.979338842975206,0.3592307692307692,66.18476127335356,2.7885245901639344,5.0,0.0,0.0,0.0,0.0,0.0,0.0,0.0,0.0,0.0,1.0,0.0,0.0,3.0,0.0,0.0,0.0,0.0
ND,2006-11-09,2.51125,9.073333333333332,0.0023076923076923,73.07576112606421,-4.050833333333333,2.0,0.0,0.0,0.0,0.0,0.0,0.0,0.0,0.0,0.0,0.0,0.0,0.0,0.0,0.0,0.0,0.0,0.0
ND,2006-11-10,-3.788135593220339,0.7686440677966102,0.01,74.66877042201543,-8.326050420168066,2.0,0.0,0.0,0.0,0.0,0.0,0.0,1.0,0.0,0.0,1.0,0.0,0.0,0.0,0.0,0.0,0.0,0.0
ND,2006-11-11,-3.230833333333333,1.6283333333333334,0.0023076923076923,76.87318085513773,-8.09,3.0,0.0,0.0,0.0,0.0,0.0,0.0,1.0,0.0,0.0,2.0,0.0,0.0,1.0,0.0,0.0,0.0,0.0
ND,2006-11-12,-0.8714285714285714,3.5125,0.0,75.02915652641073,-5.294117647058823,12.0,0.0,0.0,0.0,0.0,0.0,0.0,2.0,0.0,0.0,3.0,0.0,0.0,0.0,0.0,0.0,0.0,0.0
ND,2006-11-13,-0.0680672268907562,6.2403361344537815,0.0267175572519083,69.92813731673273,-6.376470588235294,11.0,1.0,0.0,0.0,0.0,1.0,0.0,2.0,0.0,0.0,5.0,0.0,0.0,3.0,0.0,0.0,0.0,1.0
ND,2006-11-14,1.0359504132231403,7.129752066115703,0.0376923076923076,64.18545917771823,-5.0578512396694215,1.0,0.0,0.0,0.0,0.0,0.0,0.0,0.0,0.0,0.0,0.0,0.0,0.0,1.0,0.0,0.0,0.0,0.0
ND,2006-11-15,-2.6670833333333333,3.6925,0.0353846153846153,70.47387792783388,-9.026666666666667,2.0,0.0,0.0,0.0,0.0,0.0,0.0,1.0,0.0,0.0,0.0,0.0,0.0,0.0,0.0,1.0,0.0,0.0
ND,2006-11-16,-1.8570833333333328,3.234710743801653,0.0653846153846153,74.06774985849458,-6.9575,1.0,0.0,0.0,0.0,0.0,0.0,0.0,1.0,0.0,0.0,0.0,0.0,0.0,4.0,0.0,1.0,0.0,0.0
ND,2006-11-17,-1.3520491803278687,4.761475409836065,0.0837209302325581,67.81346194674897,-7.465573770491803,2.0,0.0,0.0,0.0,0.0,0.0,0.0,1.0,0.0,0.0,1.0,0.0,0.0,1.0,0.0,1.0,0.0,0.0
ND,2006-11-18,-1.6435897435897435,6.583760683760684,0.0,66.02455165365659,-9.870940170940171,0.0,0.0,0.0,0.0,0.0,0.0,0.0,0.0,0.0,0.0,0.0,0.0,0.0,0.0,0.0,0.0,0.0,0.0
ND,2006-11-19,-0.811344537815126,7.563025210084033,0.0,68.60066212104077,-9.185714285714283,1.0,0.0,0.0,0.0,0.0,0.0,0.0,0.0,0.0,0.0,1.0,0.0,0.0,0.0,0.0,0.0,0.0,0.0
ND,2006-11-20,2.9858333333333333,10.941666666666666,0.0,54.107183887628366,-4.97,1.0,0.0,0.0,0.0,0.0,0.0,0.0,0.0,0.0,0.0,0.0,0.0,0.0,0.0,0.0,0.0,0.0,0.0
ND,2006-11-21,5.430165289256198,13.934710743801652,0.0,62.13643830546639,-3.074380165289256,1.0,0.0,0.0,0.0,0.0,0.0,0.0,2.0,0.0,0.0,0.0,0.0,0.0,0.0,0.0,0.0,0.0,0.0
ND,2006-11-22,5.3844537815126055,13.789075630252102,0.0023255813953488,58.7772114911329,-3.0201680672268907,0.0,0.0,0.0,0.0,0.0,0.0,0.0,2.0,0.0,0.0,0.0,0.0,0.0,0.0,0.0,0.0,0.0,0.0
ND,2006-11-23,1.2860169491525424,8.623728813559323,0.0078740157480314,68.37600114840282,-6.051694915254237,2.0,0.0,0.0,1.0,0.0,0.0,0.0,2.0,0.0,0.0,1.0,0.0,0.0,2.0,0.0,0.0,1.0,0.0
ND,2006-11-24,0.3233050847457626,7.6,0.0222222222222222,57.30162338228589,-6.953389830508475,0.0,0.0,0.0,0.0,0.0,0.0,0.0,1.0,0.0,0.0,0.0,0.0,0.0,2.0,0.0,0.0,0.0,0.0
ND,2006-11-25,-6.260526315789474,1.4130434782608696,0.021259842519685,62.67337260821046,-13.849565217391303,1.0,0.0,0.0,0.0,0.0,1.0,0.0,2.0,0.0,0.0,0.0,0.0,0.0,0.0,0.0,1.0,0.0,0.0
ND,2006-11-26,-11.096120689655171,-7.22051282051282,0.1264,66.70438146343218,-14.847413793103447,0.0,0.0,0.0,0.0,0.0,0.0,0.0,0.0,0.0,0.0,0.0,0.0,0.0,0.0,0.0,1.0,0.0,0.0
ND,2006-11-27,-10.5125,-5.494827586206896,0.2016528925619834,83.29528376442202,-15.577777777777778,13.0,1.0,0.0,4.0,0.0,8.0,0.0,4.0,0.0,0.0,3.0,1.0,1.0,4.0,2.0,6.0,1.0,0.0
ND,2006-11-28,-9.09322033898305,-3.248305084745762,2.9540983606557374,88.64882204057474,-14.93813559322034,13.0,2.0,0.0,2.0,1.0,12.0,0.0,2.0,1.0,0.0,3.0,2.0,0.0,6.0,4.0,6.0,1.0,1.0
ND,2006-11-29,-15.03,-9.475,0.6552845528455284,72.74229378134875,-20.585,2.0,0.0,0.0,0.0,0.0,1.0,0.0,4.0,1.0,0.0,0.0,0.0,0.0,0.0,0.0,6.0,2.0,0.0
ND,2006-11-30,-15.945416666666668,-9.839166666666667,0.1368,74.7098166501197,-22.051666666666662,3.0,0.0,0.0,0.0,0.0,0.0,0.0,2.0,1.0,0.0,3.0,0.0,0.0,0.0,0.0,4.0,0.0,0.0
ND,2006-12-01,-11.081818181818182,-4.188429752066116,0.3948717948717949,77.08051632371838,-17.975206611570247,8.0,0.0,0.0,0.0,0.0,0.0,0.0,6.0,2.0,0.0,4.0,0.0,0.0,0.0,0.0,7.0,2.0,0.0
ND,2006-12-02,-14.19075630252101,-8.705042016806724,0.1363636363636363,74.55373129567336,-19.676470588235293,2.0,0.0,0.0,0.0,0.0,0.0,0.0,7.0,3.0,0.0,1.0,0.0,0.0,0.0,0.0,7.0,3.0,0.0
ND,2006-12-03,-17.08050847457627,-9.07542372881356,0.3311475409836065,76.9011113668693,-25.094117647058823,6.0,0.0,0.0,0.0,0.0,0.0,0.0,4.0,3.0,0.0,2.0,0.0,0.0,0.0,0.0,7.0,1.0,0.0
ND,2006-12-04,-12.923109243697478,-4.955,0.2586776859504132,75.49010172039196,-20.942857142857143,1.0,0.0,0.0,0.0,0.0,1.0,0.0,2.0,3.0,0.0,0.0,0.0,0.0,1.0,1.0,4.0,2.0,0.0
ND,2006-12-05,-6.3954545454545455,-0.0016528925619834,0.1729508196721311,77.1180300641274,-12.789256198347108,6.0,2.0,0.0,0.0,0.0,1.0,0.0,4.0,1.0,0.0,4.0,0.0,0.0,1.0,1.0,7.0,2.0,0.0
ND,2006-12-06,-9.521074380165288,-1.9254098360655736,0.4181818181818182,77.13470522032266,-17.091735537190083,8.0,0.0,0.0,0.0,0.0,3.0,0.0,5.0,2.0,0.0,3.0,1.0,1.0,2.0,1.0,7.0,2.0,0.0
ND,2006-12-07,-16.7,-7.647967479674797,0.0450819672131147,73.21788084413049,-25.752032520325205,3.0,0.0,0.0,0.0,0.0,0.0,0.0,2.0,0.0,0.0,1.0,0.0,0.0,0.0,0.0,0.0,0.0,0.0
ND,2006-12-08,-7.465447154471545,0.8617886178861789,0.0,74.2660139278502,-15.792682926829269,1.0,0.0,0.0,0.0,0.0,0.0,0.0,1.0,0.0,0.0,1.0,0.0,0.0,0.0,0.0,0.0,0.0,0.0
ND,2006-12-09,-0.2191666666666667,7.0225,0.0,72.24324400433316,-7.463636363636364,0.0,0.0,0.0,0.0,0.0,0.0,0.0,0.0,0.0,0.0,0.0,0.0,0.0,0.0,0.0,0.0,0.0,0.0
ND,2006-12-10,-2.14375,4.691666666666666,0.0,84.33084744482771,-8.979166666666666,17.0,1.0,0.0,0.0,0.0,0.0,0.0,1.0,0.0,0.0,5.0,0.0,0.0,0.0,0.0,0.0,0.0,1.0
ND,2006-12-11,-5.025416666666667,-0.95,0.0203252032520325,91.43691531924688,-9.100833333333332,51.0,5.0,0.0,1.0,0.0,3.0,0.0,1.0,0.0,0.0,7.0,1.0,1.0,1.0,0.0,0.0,0.0,5.0
ND,2006-12-12,-4.2669421487603305,-0.7073770491803278,0.0370967741935483,89.97611138132376,-7.87603305785124,32.0,5.0,0.0,1.0,0.0,2.0,0.0,1.0,0.0,0.0,7.0,1.0,1.0,1.0,0.0,0.0,0.0,2.0
ND,2006-12-13,-1.2591666666666663,3.3237704918032787,0.0878048780487805,72.74651591013014,-5.795833333333333,8.0,0.0,0.0,1.0,0.0,0.0,0.0,0.0,0.0,0.0,1.0,0.0,0.0,6.0,0.0,1.0,0.0,0.0
ND,2006-12-14,-0.035,4.5239669421487605,0.1528,75.21918686157188,-4.553333333333333,10.0,0.0,0.0,0.0,0.0,2.0,0.0,3.0,0.0,0.0,3.0,1.0,1.0,4.0,0.0,4.0,0.0,0.0
ND,2006-12-15,-2.663223140495868,3.35206611570248,0.082258064516129,82.31932699544548,-8.678512396694215,9.0,1.0,0.0,0.0,0.0,4.0,0.0,1.0,0.0,0.0,2.0,0.0,0.0,6.0,2.0,0.0,0.0,1.0
ND,2006-12-16,-1.35,2.925641025641026,0.0870967741935483,67.342710891581,-5.634745762711864,2.0,0.0,0.0,0.0,0.0,1.0,0.0,0.0,0.0,0.0,2.0,0.0,0.0,0.0,0.0,3.0,2.0,0.0
ND,2006-12-17,-5.309649122807017,-0.1008695652173913,0.0185483870967741,66.4919449918056,-10.45877192982456,1.0,0.0,0.0,0.0,0.0,0.0,0.0,0.0,0.0,0.0,0.0,0.0,0.0,0.0,0.0,3.0,0.0,0.0
ND,2006-12-18,-8.383471074380164,-1.8330578512396696,0.0024,68.85925629175532,-14.93388429752066,0.0,0.0,0.0,0.0,0.0,0.0,0.0,1.0,0.0,0.0,0.0,0.0,0.0,0.0,0.0,0.0,0.0,0.0
ND,2006-12-19,-4.092148760330578,2.4885245901639346,0.0184,51.16325983338965,-10.65702479338843,0.0,0.0,0.0,0.0,0.0,0.0,0.0,0.0,0.0,0.0,0.0,0.0,0.0,0.0,0.0,0.0,0.0,0.0
ND,2006-12-20,-2.891101694915254,3.989075630252101,0.0,61.36813039177833,-9.753389830508477,0.0,0.0,0.0,0.0,0.0,0.0,0.0,0.0,0.0,0.0,0.0,0.0,0.0,0.0,0.0,0.0,0.0,0.0
ND,2006-12-21,-4.903361344537816,2.9000000000000004,0.0,69.00201464168978,-12.70672268907563,2.0,0.0,0.0,0.0,0.0,0.0,0.0,1.0,0.0,0.0,0.0,0.0,0.0,0.0,0.0,1.0,0.0,0.0
ND,2006-12-22,-4.12,2.8383333333333334,0.004,69.83713340663374,-11.069421487603307,3.0,1.0,0.0,0.0,0.0,0.0,0.0,0.0,0.0,0.0,2.0,0.0,0.0,0.0,0.0,0.0,0.0,1.0
ND,2006-12-23,-3.1385593220338985,2.8296610169491525,0.0024193548387096,70.83505855795613,-9.10677966101695,0.0,0.0,0.0,0.0,0.0,0.0,0.0,0.0,0.0,0.0,0.0,0.0,0.0,0.0,0.0,0.0,0.0,0.0
ND,2006-12-24,-3.2895652173913046,1.742608695652174,0.0,68.5923950104959,-8.321739130434782,0.0,0.0,0.0,0.0,0.0,0.0,0.0,0.0,0.0,0.0,0.0,0.0,0.0,0.0,0.0,1.0,0.0,0.0
ND,2006-12-25,-6.0627192982456135,0.9105263157894736,0.0,70.55368293122935,-13.074137931034482,0.0,0.0,0.0,0.0,0.0,0.0,0.0,0.0,0.0,0.0,0.0,0.0,0.0,0.0,0.0,0.0,0.0,0.0
ND,2006-12-26,-3.856837606837607,2.328813559322034,0.0,65.88113570361982,-10.005128205128203,0.0,0.0,0.0,0.0,0.0,0.0,0.0,1.0,0.0,0.0,0.0,0.0,0.0,0.0,0.0,0.0,0.0,0.0
ND,2006-12-27,-0.8680672268907563,3.760833333333333,0.0080645161290322,72.98362726000931,-5.464166666666667,1.0,0.0,0.0,0.0,0.0,1.0,0.0,1.0,0.0,0.0,1.0,0.0,0.0,1.0,1.0,2.0,0.0,0.0
ND,2006-12-28,-1.4521008403361346,1.715126050420168,0.4274193548387097,76.96118654932206,-4.619327731092437,5.0,0.0,0.0,0.0,0.0,0.0,0.0,2.0,0.0,0.0,3.0,0.0,0.0,0.0,0.0,3.0,0.0,0.0
ND,2006-12-29,-3.834710743801653,-0.6256198347107438,2.8087301587301585,86.52994667971159,-7.0438016528925615,15.0,2.0,0.0,0.0,0.0,1.0,0.0,3.0,0.0,0.0,6.0,0.0,0.0,0.0,0.0,7.0,0.0,3.0
ND,2006-12-30,-6.760924369747899,-3.607563025210084,4.914876033057852,89.882806612206,-9.8875,20.0,6.0,0.0,1.0,0.0,2.0,0.0,3.0,0.0,0.0,3.0,1.0,0.0,2.0,1.0,6.0,0.0,5.0
ND,2006-12-31,-8.874358974358975,-4.522222222222222,9.076635514018692,82.8836480543462,-13.226495726495726,9.0,0.0,0.0,0.0,0.0,0.0,0.0,2.0,1.0,0.0,5.0,0.0,0.0,0.0,0.0,5.0,1.0,1.0
