STATE,DATE,PRCP,RH,TMIN,TMAX,TAVG,WT01,WT02,WT03,WT04,WT05,WT06,WT08,WT09,WT11
PA,2024-01-01,1.695862068965517,87.25244576743796,-0.1194915254237288,3.5296610169491527,1.705084745762712,26.0,4.0,0.0,2.0,0.0,0.0,3.0,0.0,0.0
PA,2024-01-02,0.402073732718894,72.4524375485169,-1.8909836065573769,2.607377049180328,0.3581967213114754,15.0,0.0,0.0,1.0,0.0,1.0,0.0,0.0,0.0
PA,2024-01-03,0.0169642857142857,73.57159816979163,-2.445081967213115,2.4540983606557374,0.0045081967213114,7.0,0.0,0.0,1.0,0.0,0.0,4.0,0.0,0.0
PA,2024-01-04,0.14627539503386,72.4536634796321,-2.4772357723577234,2.8780487804878048,0.2004065040650406,10.0,0.0,0.0,3.0,0.0,2.0,2.0,0.0,0.0
PA,2024-01-05,0.0488839285714285,62.4881949004412,-6.286178861788618,1.4357723577235773,-2.4252032520325204,0.0,0.0,0.0,4.0,0.0,0.0,1.0,0.0,0.0
PA,2024-01-06,1.9592505854800937,80.69966199959013,-6.729166666666667,1.41,-2.659583333333333,22.0,12.0,0.0,10.0,0.0,10.0,2.0,0.0,0.0
PA,2024-01-07,16.522602739726025,90.00032532046284,-2.7932773109243696,1.411764705882353,-0.6907563025210084,27.0,4.0,0.0,16.0,0.0,25.0,6.0,0.0,0.0
PA,2024-01-08,1.2222222222222223,75.07826435490509,-1.6442622950819672,2.875409836065574,0.6155737704918033,14.0,0.0,0.0,2.0,0.0,5.0,5.0,0.0,0.0
PA,2024-01-09,7.500220750551876,84.31320703721151,-2.252032520325203,5.982113821138212,1.865040650406504,34.0,6.0,0.0,8.0,0.0,5.0,3.0,0.0,3.0
PA,2024-01-10,44.00983606557377,75.01984124767591,0.497560975609756,9.54959349593496,5.023577235772358,23.0,2.0,2.0,10.0,1.0,4.0,4.0,0.0,12.0
PA,2024-01-11,0.536501079913607,66.67174516475139,0.3211382113821138,4.828455284552845,2.57479674796748,6.0,0.0,0.0,1.0,0.0,1.0,1.0,0.0,10.0
PA,2024-01-12,1.2433035714285714,69.4567199508836,-2.547154471544716,6.213821138211382,1.8333333333333333,17.0,2.0,0.0,1.0,0.0,1.0,1.0,0.0,0.0
PA,2024-01-13,16.729805615550756,77.83758388552124,-2.110084033613445,7.411764705882353,2.6508403361344537,40.0,2.0,2.0,6.0,0.0,4.0,5.0,0.0,6.0
PA,2024-01-14,0.6822115384615385,60.03430238933872,-5.869747899159663,3.247058823529412,-1.311344537815126,9.0,5.0,0.0,1.0,0.0,0.0,10.0,3.0,21.0
PA,2024-01-15,0.4191747572815533,57.308864593466055,-12.211475409836066,-2.695901639344262,-7.453688524590164,10.0,0.0,0.0,0.0,0.0,0.0,3.0,0.0,12.0
PA,2024-01-16,4.4093908629441625,78.79107879744532,-11.972131147540985,-5.24672131147541,-8.609426229508196,15.0,3.0,0.0,1.0,0.0,5.0,5.0,0.0,0.0
PA,2024-01-17,1.721091811414392,57.10085960156308,-14.631707317073172,-6.46829268292683,-10.55,1.0,0.0,0.0,4.0,0.0,6.0,4.0,0.0,0.0
PA,2024-01-18,0.0559440559440559,54.58560530235043,-13.776422764227643,-4.8983739837398375,-9.33739837398374,4.0,0.0,0.0,0.0,0.0,0.0,3.0,0.0,0.0
PA,2024-01-19,1.9714285714285715,79.15628103332229,-8.626829268292683,-2.321138211382114,-5.473983739837398,18.0,2.0,0.0,0.0,0.0,0.0,8.0,0.0,0.0
PA,2024-01-20,3.588831168831169,69.40360335970092,-11.669491525423728,-4.247457627118644,-7.958474576271187,9.0,0.0,0.0,0.0,0.0,0.0,9.0,6.0,1.0
PA,2024-01-21,0.313681592039801,64.9293923048529,-11.078813559322034,-5.473728813559322,-8.276271186440677,7.0,0.0,0.0,0.0,0.0,1.0,5.0,3.0,1.0
PA,2024-01-22,0.0506082725060827,62.6548345395495,-13.85609756097561,-1.8590163934426231,-7.87827868852459,1.0,0.0,0.0,0.0,0.0,0.0,0.0,0.0,0.0
PA,2024-01-23,0.2147540983606557,62.01690130937923,-10.21065573770492,2.7048780487804875,-3.75327868852459,16.0,2.0,0.0,9.0,0.0,13.0,7.0,0.0,0.0
PA,2024-01-24,2.2819221967963386,85.38743606520116,-0.0991735537190082,5.002479338842975,2.451652892561983,39.0,8.0,0.0,11.0,0.0,16.0,6.0,0.0,0.0
PA,2024-01-25,9.771553610503284,95.63071444675364,2.589430894308943,8.470731707317073,5.530081300813008,69.0,13.0,0.0,0.0,0.0,0.0,2.0,0.0,0.0
PA,2024-01-26,7.885619469026548,89.67245113579874,4.598360655737705,12.698360655737703,8.648360655737704,69.0,10.0,0.0,0.0,0.0,0.0,3.0,0.0,0.0
PA,2024-01-27,0.961214953271028,85.88064431680152,3.71,12.856666666666666,8.283333333333333,43.0,7.0,0.0,0.0,0.0,0.0,1.0,0.0,0.0
PA,2024-01-28,18.71386363636364,91.30774377477856,2.981512605042017,7.558823529411764,5.270168067226891,31.0,2.0,0.0,2.0,0.0,2.0,2.0,0.0,0.0
PA,2024-01-29,7.525,80.91201581220763,0.0999999999999999,4.595121951219513,2.347560975609756,17.0,0.0,0.0,1.0,0.0,4.0,3.0,0.0,0.0
PA,2024-01-30,0.1226027397260274,75.08144082370761,-0.5499999999999999,2.2959016393442626,0.8729508196721312,4.0,0.0,0.0,1.0,0.0,1.0,1.0,0.0,0.0
PA,2024-01-31,0.1100896860986547,80.15870361528314,-1.410655737704918,3.279508196721312,0.9344262295081968,15.0,2.0,0.0,2.0,0.0,2.0,3.0,0.0,0.0
PA,2024-02-01,0.0321917808219178,78.35915740478913,-1.403305785123967,5.904958677685951,2.250826446280992,16.0,2.0,0.0,0.0,0.0,1.0,3.0,0.0,0.0
PA,2024-02-02,1.3443708609271523,78.45144008338471,1.147107438016529,6.776859504132231,3.961983471074381,23.0,0.0,0.0,0.0,0.0,0.0,2.0,0.0,0.0
PA,2024-02-03,0.1530232558139534,63.46269450631961,-2.0177966101694915,6.206779661016949,2.094491525423729,8.0,0.0,0.0,0.0,0.0,0.0,0.0,0.0,0.0
PA,2024-02-04,0.0025761124121779,61.03272591162797,-4.726495726495727,7.782905982905983,1.5282051282051283,10.0,0.0,0.0,0.0,0.0,0.0,2.0,0.0,0.0
PA,2024-02-05,0.0064965197215777,64.5016157926531,-4.575206611570248,8.450413223140496,1.937603305785124,3.0,0.0,0.0,0.0,0.0,0.0,0.0,0.0,0.0
PA,2024-02-06,0.004054054054054,59.06428670356188,-5.832231404958678,5.514876033057851,-0.1586776859504132,0.0,0.0,0.0,0.0,0.0,0.0,2.0,0.0,0.0
PA,2024-02-07,0.0,58.05212607845951,-6.3,7.031404958677686,0.365702479338843,0.0,0.0,0.0,0.0,0.0,0.0,4.0,0.0,0.0
PA,2024-02-08,0.0,56.3985082062048,-4.799173553719009,10.587603305785125,2.894214876033058,0.0,0.0,0.0,0.0,0.0,0.0,2.0,0.0,0.0
PA,2024-02-09,0.1319004524886877,57.2172709753478,-0.6247933884297521,13.479338842975206,6.427272727272728,0.0,0.0,0.0,0.0,0.0,0.0,0.0,0.0,0.0
PA,2024-02-10,0.160377358490566,76.40182018678365,2.865811965811966,14.714529914529914,8.79017094017094,9.0,2.0,0.0,0.0,0.0,0.0,2.0,0.0,0.0
PA,2024-02-11,0.6844868735083532,73.78130190856905,1.830172413793104,12.349137931034482,7.089655172413793,9.0,1.0,2.0,0.0,1.0,0.0,2.0,0.0,0.0
PA,2024-02-12,0.1448113207547169,73.32015706106233,-2.01,7.264166666666667,2.627083333333333,18.0,1.0,0.0,0.0,0.0,0.0,4.0,0.0,0.0
PA,2024-02-13,13.01280193236715,73.63831968790358,-1.843801652892562,6.307438016528926,2.231818181818182,20.0,6.0,0.0,1.0,0.0,0.0,3.0,0.0,0.0
PA,2024-02-14,3.0325925925925925,55.56531617351518,-3.7413223140495866,3.671900826446281,-0.0347107438016528,4.0,0.0,0.0,0.0,0.0,0.0,1.0,1.0,1.0
PA,2024-02-15,0.0746478873239436,62.499177430926345,-8.242148760330577,2.853719008264463,-2.6942148760330578,7.0,1.0,0.0,0.0,0.0,0.0,4.0,0.0,0.0
PA,2024-02-16,0.5981735159817352,55.64020643808055,-5.941322314049587,5.547107438016529,-0.1971074380165289,14.0,1.0,0.0,1.0,0.0,0.0,4.0,1.0,2.0
PA,2024-02-17,5.346172839506172,73.4527714165865,-5.547008547008547,1.810169491525424,-1.8581196581196584,16.0,2.0,0.0,0.0,0.0,0.0,6.0,2.0,1.0
PA,2024-02-18,0.268922305764411,55.98637447330829,-8.965254237288136,0.2991525423728814,-4.333050847457627,2.0,0.0,0.0,0.0,0.0,0.0,1.0,1.0,0.0
PA,2024-02-19,0.0034146341463414,56.21679647926654,-7.577118644067797,2.91864406779661,-2.3292372881355936,0.0,0.0,0.0,0.0,0.0,0.0,0.0,0.0,0.0
PA,2024-02-20,0.0014150943396226,56.326837098955735,-8.438016528925619,4.744628099173554,-1.8466942148760328,0.0,0.0,0.0,0.0,0.0,0.0,2.0,0.0,0.0
PA,2024-02-21,0.0,60.626050214074986,-7.455371900826447,7.57107438016529,0.0578512396694214,0.0,0.0,0.0,0.0,0.0,0.0,0.0,0.0,0.0
PA,2024-02-22,1.1638297872340426,75.2417381265144,-3.644628099173554,8.46694214876033,2.4111570247933884,19.0,5.0,1.0,4.0,0.0,6.0,0.0,0.0,0.0
PA,2024-02-23,7.770495495495496,84.78897692886079,0.8355371900826446,7.07107438016529,3.953305785123967,58.0,9.0,1.0,2.0,0.0,4.0,3.0,0.0,0.0
PA,2024-02-24,0.9663573085846868,65.43384036876019,-3.2205128205128206,8.397457627118644,2.6004273504273505,21.0,0.0,0.0,0.0,0.0,0.0,1.0,0.0,0.0
PA,2024-02-25,0.0660287081339713,51.70150816843873,-8.800854700854702,3.1418803418803423,-2.82948717948718,0.0,0.0,0.0,0.0,0.0,0.0,0.0,0.0,0.0
PA,2024-02-26,0.0151869158878504,53.28434103390408,-5.652066115702479,9.651239669421487,1.9995867768595044,0.0,0.0,0.0,1.0,0.0,0.0,0.0,0.0,0.0
PA,2024-02-27,0.4130434782608695,67.51019297513793,0.2181818181818182,15.92,8.079166666666667,10.0,1.0,5.0,1.0,1.0,0.0,0.0,0.0,0.0
PA,2024-02-28,10.209409190371993,86.24976038316389,1.4766666666666666,15.683333333333334,8.58,29.0,2.0,66.0,0.0,2.0,0.0,0.0,0.0,6.0
PA,2024-02-29,9.335321100917431,52.79835123362201,-4.577685950413223,11.240495867768594,3.331404958677686,6.0,0.0,45.0,2.0,0.0,0.0,0.0,0.0,18.0
PA,2024-03-01,0.0591836734693877,49.20667635095417,-6.210655737704919,4.587704918032787,-0.8114754098360656,5.0,0.0,0.0,2.0,0.0,0.0,1.0,0.0,0.0
PA,2024-03-02,8.512155963302751,81.74541949352583,-2.9781512605042013,9.494957983193276,3.258403361344538,31.0,4.0,1.0,0.0,0.0,1.0,3.0,0.0,0.0
PA,2024-03-03,9.676905311778292,80.2345096778899,3.7210084033613446,11.796638655462184,7.758823529411765,53.0,6.0,1.0,0.0,0.0,0.0,2.0,0.0,0.0
PA,2024-03-04,0.0141203703703703,72.3379144736067,3.5098360655737704,16.75901639344262,10.134426229508197,48.0,4.0,0.0,0.0,0.0,0.0,1.0,0.0,0.0
PA,2024-03-05,2.384130434782609,77.70179489893185,5.05327868852459,18.152459016393443,11.602868852459016,31.0,2.0,2.0,0.0,0.0,0.0,2.0,0.0,0.0
PA,2024-03-06,6.852575107296138,93.38377077507762,7.204918032786885,15.475409836065571,11.34016393442623,60.0,8.0,1.0,0.0,0.0,0.0,2.0,0.0,0.0
PA,2024-03-07,10.376808510638298,82.67844511406925,5.086885245901639,13.2827868852459,9.18483606557377,36.0,1.0,2.0,0.0,0.0,0.0,3.0,0.0,0.0
PA,2024-03-08,0.0757174392935982,70.76595598848152,1.2450819672131148,13.029508196721313,7.137295081967213,39.0,4.0,0.0,0.0,0.0,0.0,2.0,0.0,0.0
PA,2024-03-09,5.324829157175398,81.12207258408549,2.379831932773109,12.747899159663865,7.563865546218487,29.0,2.0,1.0,0.0,0.0,0.0,5.0,0.0,1.0
PA,2024-03-10,26.379418344519017,79.02642973743801,0.7491525423728814,7.105084745762712,3.927118644067797,22.0,4.0,0.0,0.0,1.0,1.0,5.0,0.0,2.0
PA,2024-03-11,1.4495391705069125,50.56602726227926,-1.0278688524590165,5.772131147540984,2.3721311475409834,2.0,0.0,1.0,2.0,0.0,0.0,2.0,0.0,8.0
PA,2024-03-12,0.0752783964365256,43.0694576559742,0.2073770491803278,12.347540983606558,6.2774590163934425,0.0,0.0,0.0,0.0,0.0,0.0,1.0,0.0,3.0
PA,2024-03-13,0.0006564551422319,48.25226514191685,2.468595041322314,19.33636363636364,10.902479338842976,0.0,0.0,0.0,0.0,0.0,0.0,1.0,0.0,0.0
PA,2024-03-14,0.2087912087912088,52.65499140844127,3.3330578512396696,21.47107438016529,12.40206611570248,7.0,0.0,10.0,0.0,0.0,0.0,2.0,0.0,0.0
PA,2024-03-15,3.7337579617834393,70.62184164973634,4.621487603305786,20.83884297520661,12.730165289256195,12.0,1.0,26.0,0.0,0.0,0.0,2.0,0.0,0.0
PA,2024-03-16,0.4131519274376417,61.22262231946437,1.39327731092437,15.052941176470588,8.223109243697479,16.0,1.0,0.0,0.0,0.0,0.0,2.0,0.0,0.0
PA,2024-03-17,1.099546485260771,55.032708330455584,2.147899159663865,14.04873949579832,8.098319327731092,6.0,1.0,0.0,0.0,0.0,0.0,2.0,0.0,0.0
PA,2024-03-18,0.2160997732426303,59.86334076779072,-0.8008264462809918,9.292561983471074,4.2458677685950414,5.0,0.0,0.0,0.0,0.0,0.0,4.0,0.0,0.0
PA,2024-03-19,0.3083885209713024,56.350107699396496,-1.8107438016528925,3.8475,1.0154166666666666,7.0,0.0,0.0,1.0,0.0,0.0,4.0,0.0,2.0
PA,2024-03-20,0.2470066518847006,57.41615248896273,-2.081967213114754,7.08360655737705,2.5008196721311475,9.0,4.0,1.0,0.0,0.0,0.0,5.0,0.0,1.0
PA,2024-03-21,0.614765100671141,47.307612249828,-5.426229508196721,6.703278688524589,0.6385245901639345,1.0,0.0,0.0,2.0,0.0,0.0,0.0,0.0,1.0
PA,2024-03-22,0.0822222222222222,49.92690412290207,-6.770247933884298,4.7611570247933885,-1.0045454545454546,6.0,1.0,0.0,0.0,0.0,1.0,1.0,0.0,0.0
PA,2024-03-23,14.962979683972913,80.1912047398096,-4.531932773109244,7.174789915966387,1.3214285714285714,31.0,3.0,0.0,8.0,0.0,9.0,2.0,0.0,0.0
PA,2024-03-24,17.128735632183908,53.31858776981372,-4.608403361344537,5.436134453781513,0.4138655462184873,8.0,0.0,0.0,1.0,0.0,1.0,1.0,0.0,0.0
PA,2024-03-25,0.0959641255605381,44.130269350998326,-4.10983606557377,9.592622950819672,2.7413934426229507,0.0,0.0,0.0,0.0,0.0,0.0,0.0,0.0,0.0
PA,2024-03-26,0.3068432671081678,54.12788193506234,-0.4057377049180328,14.420491803278688,7.007377049180327,6.0,0.0,0.0,0.0,0.0,0.0,1.0,0.0,0.0
PA,2024-03-27,3.9816810344827593,78.35107930490665,3.7278688524590167,12.42622950819672,8.077049180327869,11.0,1.0,1.0,0.0,0.0,0.0,1.0,0.0,1.0
PA,2024-03-28,4.192324093816631,70.23835312013874,2.6450819672131147,12.844262295081966,7.744672131147541,21.0,2.0,0.0,0.0,0.0,0.0,3.0,0.0,0.0
PA,2024-03-29,0.0539301310043668,47.78486979712308,-0.0122950819672131,10.581147540983608,5.284426229508197,2.0,0.0,0.0,0.0,0.0,0.0,1.0,0.0,0.0
PA,2024-03-30,0.4413636363636363,55.57659372992845,-0.711764705882353,10.819327731092438,5.053781512605042,20.0,6.0,7.0,0.0,0.0,0.0,3.0,0.0,0.0
PA,2024-03-31,3.834811529933481,78.69425757201556,1.097457627118644,11.80593220338983,6.451694915254237,42.0,4.0,14.0,0.0,1.0,0.0,2.0,0.0,0.0
PA,2024-04-01,6.3694623655913984,83.49689758561466,4.734710743801653,12.589256198347108,8.661983471074379,31.0,3.0,6.0,0.0,0.0,0.0,3.0,0.0,0.0
PA,2024-04-02,20.93778705636744,91.2891208645065,6.258823529411765,12.101680672268907,9.180252100840336,48.0,4.0,26.0,0.0,0.0,0.0,6.0,0.0,0.0
PA,2024-04-03,40.3865306122449,90.65128639050609,5.315966386554622,10.471428571428572,7.893697478991597,42.0,4.0,23.0,0.0,0.0,0.0,5.0,0.0,3.0
PA,2024-04-04,21.75681818181818,85.15060394137222,1.434453781512605,8.277310924369749,4.855882352941177,48.0,6.0,11.0,1.0,2.0,0.0,2.0,0.0,2.0
PA,2024-04-05,2.623157894736842,74.55385423987506,1.3,7.356666666666666,4.328333333333333,22.0,0.0,4.0,5.0,0.0,1.0,6.0,0.0,0.0
PA,2024-04-06,0.8407744874715263,64.52380593546651,1.3752136752136752,7.288034188034189,4.331623931623931,7.0,0.0,0.0,3.0,1.0,0.0,1.0,0.0,0.0
PA,2024-04-07,0.0473441108545034,50.74761456458706,0.6084745762711864,12.81186440677966,6.710169491525424,8.0,0.0,0.0,0.0,0.0,0.0,1.0,0.0,0.0
PA,2024-04-08,0.0352941176470588,50.935965486707055,0.1999999999999999,16.598347107438016,8.399173553719008,0.0,0.0,0.0,0.0,0.0,0.0,1.0,0.0,0.0
PA,2024-04-09,0.0795555555555555,56.38266374259424,3.31900826446281,20.58512396694215,11.95206611570248,1.0,0.0,0.0,0.0,0.0,0.0,1.0,0.0,0.0
PA,2024-04-10,0.9523404255319148,71.13318473150022,6.94297520661157,22.725619834710745,14.834297520661158,15.0,0.0,1.0,0.0,0.0,0.0,4.0,0.0,0.0
PA,2024-04-11,3.5742677824267783,82.74543031488058,11.836363636363636,19.43719008264463,15.636776859504131,25.0,1.0,6.0,0.0,0.0,0.0,6.0,0.0,1.0
PA,2024-04-12,24.849090909090908,82.90776464565144,9.6675,19.07333333333333,14.370416666666667,26.0,0.0,6.0,0.0,0.0,0.0,2.0,0.0,6.0
PA,2024-04-13,9.42174840085288,62.1010709477014,5.214285714285714,12.821848739495795,9.018067226890755,10.0,0.0,0.0,0.0,0.0,0.0,0.0,0.0,3.0
PA,2024-04-14,0.5734374999999999,49.450847696694034,3.3466101694915253,17.163559322033898,10.25508474576271,8.0,0.0,22.0,0.0,0.0,0.0,3.0,0.0,4.0
PA,2024-04-15,5.4402061855670105,61.66916609957618,6.364166666666667,24.999166666666667,15.681666666666668,33.0,5.0,54.0,0.0,4.0,0.0,2.0,0.0,3.0
PA,2024-04-16,0.2048728813559322,44.68273147738759,4.241666666666666,22.750833333333333,13.49625,6.0,0.0,1.0,1.0,0.0,0.0,3.0,0.0,0.0
PA,2024-04-17,0.4579166666666666,61.24817732547492,6.0975206611570245,22.13305785123967,14.115289256198349,11.0,1.0,10.0,0.0,0.0,0.0,2.0,0.0,0.0
PA,2024-04-18,4.543522267206478,80.1602075053255,9.23801652892562,19.441322314049582,14.339669421487605,21.0,1.0,30.0,0.0,0.0,0.0,3.0,0.0,0.0
PA,2024-04-19,0.2740820734341253,78.41689281297695,7.512396694214876,16.681818181818183,12.097107438016527,19.0,1.0,0.0,0.0,0.0,0.0,5.0,0.0,0.0
PA,2024-04-20,1.0778993435448578,57.52012600970674,5.994067796610169,15.970338983050848,10.98220338983051,14.0,0.0,0.0,0.0,0.0,0.0,2.0,0.0,0.0
PA,2024-04-21,0.0251700680272108,52.94706926025925,0.3372881355932203,13.033050847457629,6.685169491525424,2.0,0.0,0.0,0.0,0.0,0.0,1.0,0.0,0.0
PA,2024-04-22,0.0065934065934065,49.00125310558013,-1.225,11.34,5.0575,0.0,0.0,0.0,0.0,0.0,0.0,3.0,0.0,0.0
PA,2024-04-23,0.0227765726681128,47.50903231255582,0.0125,16.993333333333332,8.502916666666668,2.0,0.0,0.0,0.0,0.0,0.0,1.0,0.0,0.0
PA,2024-04-24,0.7301052631578948,64.06910629247697,3.843333333333333,18.710833333333333,11.277083333333334,6.0,0.0,2.0,0.0,1.0,0.0,2.0,0.0,0.0
PA,2024-04-25,0.7095744680851064,58.89868141332998,2.3858333333333333,15.1025,8.744166666666667,5.0,0.0,0.0,0.0,0.0,0.0,2.0,0.0,0.0
PA,2024-04-26,0.0129870129870129,52.35310311361191,0.6208333333333333,15.299166666666668,7.96,1.0,0.0,0.0,0.0,0.0,0.0,0.0,0.0,0.0
PA,2024-04-27,1.1754923413566738,59.6389013146492,3.1863247863247866,17.01025641025641,10.098290598290598,9.0,0.0,3.0,0.0,0.0,0.0,3.0,0.0,0.0
PA,2024-04-28,2.0579399141630903,71.18554250871645,8.631623931623931,19.908620689655173,14.266810344827586,28.0,4.0,1.0,0.0,0.0,0.0,6.0,0.0,0.0
PA,2024-04-29,0.3767391304347826,62.13929293205247,11.38655462184874,27.585,19.49201680672269,40.0,5.0,0.0,0.0,0.0,0.0,4.0,0.0,0.0
PA,2024-04-30,0.2857451403887689,69.06717147255046,13.04017094017094,28.08974358974359,20.564957264957265,20.0,1.0,3.0,0.0,0.0,0.0,5.0,0.0,0.0
PA,2024-05-01,2.7531568228105905,61.05576873503104,11.016528925619834,25.503305785123967,18.2599173553719,48.0,9.0,7.0,0.0,1.0,0.0,4.0,0.0,0.0
PA,2024-05-02,0.010828025477707,51.34557801675749,10.884166666666664,27.20583333333333,19.045,15.0,0.0,0.0,0.0,0.0,0.0,8.0,0.0,0.0
PA,2024-05-03,0.0894168466522678,56.23129849638515,10.210833333333332,26.90833333333333,18.55958333333333,7.0,0.0,0.0,0.0,0.0,0.0,0.0,0.0,0.0
PA,2024-05-04,2.807064017660044,84.86692772764242,9.911764705882351,22.10252100840336,16.007142857142856,19.0,0.0,1.0,0.0,0.0,0.0,1.0,0.0,0.0
PA,2024-05-05,9.855744680851064,91.50395775751925,9.902542372881356,15.874576271186442,12.8885593220339,24.0,5.0,5.0,0.0,0.0,0.0,2.0,0.0,0.0
PA,2024-05-06,6.212058212058212,86.62499254823001,11.1,19.801652892561982,15.464462809917356,69.0,11.0,2.0,0.0,0.0,0.0,7.0,0.0,0.0
PA,2024-05-07,0.471069182389937,70.84078798040672,11.55327868852459,23.70819672131148,17.63073770491803,44.0,6.0,0.0,0.0,0.0,0.0,3.0,0.0,0.0
PA,2024-05-08,5.577165354330709,64.51028850161856,13.401639344262296,26.195901639344264,19.79877049180328,22.0,0.0,59.0,0.0,0.0,0.0,1.0,0.0,0.0
PA,2024-05-09,0.979492600422833,67.17862453470185,10.754098360655735,24.21311475409836,17.483606557377048,12.0,0.0,1.0,0.0,0.0,0.0,0.0,0.0,0.0
PA,2024-05-10,14.315368852459017,87.41810157978435,8.71967213114754,15.76198347107438,12.23801652892562,26.0,1.0,5.0,0.0,0.0,0.0,2.0,0.0,0.0
PA,2024-05-11,6.385529157667387,79.57698883345915,5.576271186440678,13.947457627118643,9.761864406779662,32.0,5.0,4.0,0.0,1.0,0.0,4.0,0.0,0.0
PA,2024-05-12,8.440350877192982,82.37554614526007,6.532758620689656,15.149137931034485,10.840948275862068,22.0,0.0,4.0,0.0,1.0,0.0,0.0,0.0,0.0
PA,2024-05-13,1.4545064377682402,68.67817220322841,6.51404958677686,18.229166666666668,12.377916666666666,15.0,1.0,0.0,0.0,0.0,0.0,2.0,0.0,0.0
PA,2024-05-14,0.5006423982869379,74.8251750770978,8.700840336134455,23.01176470588236,15.856302521008404,15.0,1.0,0.0,0.0,0.0,0.0,3.0,0.0,0.0
PA,2024-05-15,7.328194726166329,86.40068183229229,12.129752066115705,20.285123966942148,16.207438016528926,29.0,4.0,4.0,0.0,0.0,0.0,6.0,0.0,0.0
PA,2024-05-16,1.9471816283924843,79.27589084240803,12.438333333333333,21.066666666666663,16.7525,47.0,8.0,1.0,0.0,0.0,0.0,5.0,0.0,0.0
PA,2024-05-17,0.5753164556962025,82.5917696089703,12.619834710743802,22.18925619834711,17.404545454545453,18.0,0.0,4.0,0.0,0.0,0.0,1.0,0.0,0.0
PA,2024-05-18,6.6591792656587465,86.02021904751508,13.663865546218489,20.210924369747897,16.937394957983194,26.0,3.0,5.0,0.0,0.0,0.0,4.0,0.0,1.0
PA,2024-05-19,2.357522123893805,76.08995674277465,13.91271186440678,23.55,18.731355932203392,30.0,5.0,3.0,0.0,0.0,0.0,6.0,0.0,0.0
PA,2024-05-20,0.0313725490196078,71.53824113604794,12.41900826446281,26.60826446280992,19.513636363636365,48.0,6.0,1.0,0.0,0.0,0.0,4.0,0.0,0.0
PA,2024-05-21,0.0298507462686567,65.4306610797024,13.49327731092437,28.67142857142857,21.08235294117648,27.0,2.0,1.0,0.0,0.0,0.0,7.0,0.0,0.0
PA,2024-05-22,0.242489270386266,67.16287771761803,14.789256198347108,29.49586776859504,22.14256198347108,10.0,0.0,16.0,0.0,0.0,0.0,3.0,0.0,0.0
PA,2024-05-23,5.732244897959184,70.5031239357404,15.932773109243698,28.14583333333333,22.02899159663865,20.0,0.0,69.0,0.0,0.0,0.0,2.0,0.0,2.0
PA,2024-05-24,2.223109243697479,59.59249606319671,13.35966386554622,26.764705882352946,20.06218487394958,14.0,0.0,3.0,0.0,0.0,0.0,2.0,0.0,0.0
PA,2024-05-25,0.5486301369863014,66.45905688170934,12.86,28.193103448275863,20.51869565217392,23.0,8.0,26.0,0.0,1.0,0.0,4.0,0.0,0.0
PA,2024-05-26,6.125813449023862,76.81609359987081,14.218260869565215,27.890434782608697,21.05434782608696,58.0,16.0,52.0,0.0,0.0,0.0,7.0,0.0,2.0
PA,2024-05-27,5.656475583864118,81.0163416878786,16.18974358974359,26.666666666666668,21.42820512820513,30.0,2.0,45.0,0.0,0.0,0.0,6.0,0.0,1.0
PA,2024-05-28,6.037735849056604,69.5350241992127,14.187394957983193,24.372268907563026,19.27983193277311,15.0,1.0,20.0,0.0,0.0,0.0,3.0,0.0,2.0
PA,2024-05-29,2.1150515463917525,78.60016873708577,11.2,22.1,16.65,31.0,5.0,44.0,0.0,0.0,0.0,2.0,0.0,0.0
PA,2024-05-30,7.265537848605578,62.89222600982871,9.2781512605042,20.45294117647059,14.865546218487395,22.0,0.0,47.0,0.0,2.0,0.0,2.0,0.0,1.0
PA,2024-05-31,0.0197894736842105,51.00955126754106,5.708264462809918,20.79586776859504,13.25206611570248,10.0,0.0,0.0,0.0,0.0,0.0,1.0,0.0,0.0
PA,2024-06-01,0.0028138528138528,51.537759145189,6.788235294117647,24.09915966386555,15.443697478991597,8.0,0.0,0.0,0.0,0.0,0.0,1.0,0.0,0.0
PA,2024-06-02,0.1103225806451612,66.81235913755485,9.927731092436977,25.74453781512605,17.83613445378151,6.0,0.0,0.0,0.0,0.0,0.0,3.0,0.0,0.0
PA,2024-06-03,0.2467091295116772,71.71896985370606,14.091735537190084,24.605737704918035,19.33801652892562,25.0,6.0,0.0,0.0,0.0,0.0,3.0,0.0,0.0
PA,2024-06-04,0.0660416666666666,65.70688485882782,14.754166666666666,28.059504132231403,21.410416666666663,24.0,0.0,0.0,0.0,0.0,0.0,2.0,0.0,0.0
PA,2024-06-05,1.876859504132232,77.8877169086578,16.069421487603307,28.41487603305785,22.24214876033058,25.0,0.0,5.0,0.0,0.0,0.0,4.0,0.0,0.0
PA,2024-06-06,15.394186046511628,78.55929549710818,18.072950819672133,26.21311475409836,22.143032786885243,30.0,1.0,4.0,0.0,0.0,0.0,4.0,0.0,0.0
PA,2024-06-07,2.094093686354379,62.78543578445259,14.545454545454543,26.021487603305783,20.283471074380166,9.0,0.0,0.0,0.0,0.0,0.0,0.0,0.0,0.0
PA,2024-06-08,0.3456475583864119,58.57101857119113,11.685470085470088,23.51538461538461,17.60042735042735,3.0,0.0,0.0,0.0,0.0,0.0,1.0,0.0,0.0
PA,2024-06-09,0.8218614718614718,61.56129118523439,12.661206896551723,24.03879310344828,18.35,10.0,0.0,0.0,0.0,0.0,0.0,0.0,0.0,0.0
PA,2024-06-10,0.4369426751592357,64.4345784531844,11.2172131147541,22.485245901639345,16.85122950819672,7.0,0.0,0.0,0.0,0.0,0.0,1.0,0.0,1.0
PA,2024-06-11,0.0167701863354037,68.79771972561393,10.801666666666668,19.60083333333333,15.20125,9.0,1.0,0.0,0.0,0.0,0.0,1.0,0.0,0.0
PA,2024-06-12,0.0047227926078028,62.80314252553413,9.249180327868851,21.53688524590164,15.393032786885248,24.0,2.0,0.0,0.0,0.0,0.0,2.0,0.0,0.0
PA,2024-06-13,0.0,60.15339491827913,11.007438016528926,27.053719008264466,19.03057851239669,4.0,0.0,0.0,0.0,0.0,0.0,0.0,0.0,0.0
PA,2024-06-14,0.588583509513742,69.21712030529471,14.16198347107438,28.74462809917356,21.45330578512397,11.0,2.0,19.0,0.0,0.0,0.0,1.0,0.0,0.0
PA,2024-06-15,6.031302521008404,62.7637211477255,12.237606837606837,26.521367521367523,19.37948717948718,29.0,0.0,33.0,0.0,0.0,0.0,2.0,0.0,0.0
PA,2024-06-16,0.0112087912087912,59.04898463265863,10.977118644067795,26.499152542372883,18.73813559322034,3.0,0.0,0.0,0.0,0.0,0.0,0.0,0.0,0.0
PA,2024-06-17,0.1693965517241379,65.89534257701857,14.34793388429752,29.60082644628099,21.97438016528925,10.0,1.0,10.0,0.0,1.0,0.0,2.0,0.0,0.0
PA,2024-06-18,2.041386554621849,71.8468107146882,18.25163934426229,32.398360655737704,25.325,29.0,4.0,27.0,0.0,0.0,0.0,4.0,0.0,1.0
PA,2024-06-19,1.280922431865828,69.78008714309233,19.625619834710744,32.529752066115705,26.077685950413223,13.0,0.0,12.0,0.0,0.0,0.0,3.0,0.0,2.0
PA,2024-06-20,0.104059829059829,65.60225805664386,18.90666666666667,32.19,25.548333333333336,11.0,3.0,7.0,0.0,0.0,0.0,2.0,0.0,0.0
PA,2024-06-21,0.4563025210084033,63.8186488874127,19.34462809917355,33.08512396694215,26.21487603305785,22.0,2.0,13.0,0.0,0.0,0.0,5.0,0.0,0.0
PA,2024-06-22,1.1179871520342612,65.88348018391189,20.39237288135593,33.851694915254235,27.122033898305087,25.0,1.0,22.0,0.0,0.0,0.0,7.0,0.0,0.0
PA,2024-06-23,2.091044776119403,69.28710620434849,21.12457627118644,32.96610169491525,27.045338983050847,20.0,0.0,35.0,0.0,0.0,0.0,7.0,0.0,1.0
PA,2024-06-24,4.786458333333333,61.68861915934749,17.324793388429754,28.85123966942149,23.08801652892562,6.0,0.0,33.0,0.0,0.0,0.0,0.0,0.0,0.0
PA,2024-06-25,0.0110169491525423,55.40652908922406,13.39,27.691596638655465,20.524789915966384,5.0,0.0,0.0,0.0,0.0,0.0,0.0,0.0,1.0
PA,2024-06-26,1.4046315789473682,64.82445966254707,15.872268907563026,29.56218487394958,22.7172268907563,18.0,1.0,23.0,0.0,0.0,0.0,3.0,0.0,0.0
PA,2024-06-27,15.332163742690058,71.78561744696779,16.45714285714286,29.085714285714285,22.77142857142857,22.0,2.0,54.0,0.0,2.0,0.0,2.0,0.0,6.0
PA,2024-06-28,0.0564482029598308,58.8213299638509,12.20655737704918,26.441803278688525,19.32418032786885,9.0,0.0,1.0,0.0,0.0,0.0,2.0,0.0,1.0
PA,2024-06-29,2.061228813559322,72.05984477720237,15.229661016949152,27.88728813559322,21.558474576271188,19.0,2.0,23.0,0.0,0.0,0.0,2.0,0.0,0.0
PA,2024-06-30,13.643415637860082,80.68205910465394,19.120338983050846,28.809322033898304,23.964830508474577,21.0,0.0,63.0,0.0,0.0,0.0,2.0,0.0,3.0
PA,2024-07-01,4.43978947368421,61.36453966836294,13.065573770491802,27.60737704918033,20.336475409836066,2.0,0.0,9.0,0.0,0.0,0.0,3.0,0.0,2.0
PA,2024-07-02,0.0095744680851063,58.18251210762399,11.308264462809918,25.4,18.35708333333333,4.0,1.0,0.0,0.0,0.0,0.0,2.0,0.0,0.0
PA,2024-07-03,0.0091476091476091,59.04213060564192,13.760330578512397,28.484297520661155,21.122314049586777,3.0,0.0,0.0,0.0,0.0,0.0,3.0,0.0,0.0
PA,2024-07-04,0.5601713062098501,72.95130542079512,18.70338983050848,30.766949152542374,24.735169491525426,14.0,1.0,6.0,0.0,0.0,0.0,2.0,0.0,0.0
PA,2024-07-05,7.1576200417536535,80.0748088622402,20.76859504132232,31.167768595041323,25.96818181818182,38.0,2.0,9.0,0.0,0.0,0.0,6.0,0.0,0.0
PA,2024-07-06,2.154777070063694,69.79021675815912,21.29572649572649,31.24273504273504,26.26923076923077,16.0,1.0,9.0,0.0,0.0,0.0,1.0,0.0,0.0
PA,2024-07-07,0.5429487179487179,62.46872211586788,18.1991452991453,31.044444444444444,24.621794871794872,13.0,1.0,2.0,0.0,0.0,0.0,1.0,0.0,0.0
PA,2024-07-08,0.0213836477987421,61.81723626309183,17.64262295081967,31.479508196721312,24.56106557377049,10.0,1.0,0.0,0.0,0.0,0.0,3.0,0.0,0.0
PA,2024-07-09,0.3037267080745341,68.34366643427921,19.00983606557377,32.7672131147541,25.888524590163936,18.0,1.0,5.0,0.0,0.0,0.0,6.0,0.0,0.0
PA,2024-07-10,1.0657084188911703,70.87377818514356,20.534426229508195,32.69262295081968,26.613524590163934,14.0,0.0,18.0,0.0,0.0,0.0,5.0,0.0,1.0
PA,2024-07-11,6.4824457593688365,74.61229613043461,18.904098360655738,30.780327868852456,24.8422131147541,9.0,1.0,35.0,0.0,0.0,0.0,2.0,0.0,2.0
PA,2024-07-12,0.2798319327731093,75.55260377310054,17.022314049586775,26.524166666666662,21.7725,36.0,5.0,2.0,0.0,0.0,0.0,4.0,0.0,0.0
PA,2024-07-13,3.3243186582809225,70.0303185227884,17.983050847457626,30.47542372881356,24.2292372881356,25.0,2.0,2.0,0.0,0.0,0.0,7.0,0.0,0.0
PA,2024-07-14,0.6012847965738758,67.92636822090678,18.7364406779661,32.534745762711864,25.635593220338983,16.0,2.0,11.0,0.0,1.0,0.0,1.0,0.0,0.0
PA,2024-07-15,2.917758985200845,66.21466784542771,19.699173553719007,33.22644628099174,26.46280991735537,10.0,1.0,13.0,0.0,0.0,0.0,3.0,0.0,1.0
PA,2024-07-16,2.0190871369294605,62.726922295740565,20.16583333333333,33.986666666666665,27.07625,9.0,1.0,32.0,0.0,0.0,0.0,1.0,0.0,6.0
PA,2024-07-17,5.071084337349398,76.29930389943026,20.20413223140496,32.36776859504132,26.28595041322314,15.0,4.0,29.0,0.0,0.0,0.0,4.0,0.0,1.0
PA,2024-07-18,13.512307692307692,73.63297946136802,17.980833333333333,28.509166666666665,23.245,23.0,6.0,34.0,0.0,0.0,0.0,3.0,0.0,0.0
PA,2024-07-19,0.0160751565762004,61.4900337236754,13.367213114754096,27.11639344262295,20.24180327868853,12.0,1.0,0.0,0.0,0.0,0.0,3.0,0.0,0.0
PA,2024-07-20,0.140670859538784,66.88846252307258,14.54033613445378,27.73025210084033,21.135294117647057,10.0,1.0,1.0,0.0,0.0,0.0,1.0,0.0,0.0
PA,2024-07-21,0.6817204301075269,65.75114379095498,15.615517241379312,29.092241379310344,22.35387931034483,22.0,1.0,7.0,0.0,0.0,0.0,3.0,0.0,0.0
PA,2024-07-22,2.81301652892562,77.20827094527034,16.35081967213115,28.418852459016392,22.38483606557377,30.0,1.0,23.0,0.0,0.0,0.0,6.0,0.0,0.0
PA,2024-07-23,13.09360465116279,78.78062528463437,17.625,27.2025,22.41764705882353,32.0,6.0,46.0,0.0,0.0,0.0,5.0,0.0,1.0
PA,2024-07-24,1.3880239520958084,79.40630930363514,18.734710743801653,28.234710743801653,23.484710743801653,29.0,3.0,19.0,0.0,0.0,0.0,2.0,0.0,0.0
PA,2024-07-25,3.6599601593625497,73.810052780359,18.002479338842978,28.239669421487605,23.12107438016529,21.0,1.0,20.0,0.0,0.0,0.0,4.0,0.0,1.0
PA,2024-07-26,0.0783783783783783,59.27205888042249,13.505785123966945,27.305785123966945,20.40578512396694,4.0,0.0,1.0,0.0,0.0,0.0,2.0,0.0,0.0
PA,2024-07-27,0.0,57.73611158925258,13.198305084745764,27.94102564102564,20.56452991452992,8.0,0.0,0.0,0.0,0.0,0.0,3.0,0.0,0.0
PA,2024-07-28,0.0,57.99127468492132,13.68655462184874,29.68991596638656,21.688235294117646,5.0,0.0,0.0,0.0,0.0,0.0,4.0,0.0,0.0
PA,2024-07-29,0.012127659574468,66.91194326309348,15.36198347107438,31.223333333333336,23.2825,9.0,0.0,4.0,0.0,0.0,0.0,3.0,0.0,0.0
PA,2024-07-30,2.625987525987526,80.91308299634265,17.892436974789913,30.45798319327731,24.17521008403361,16.0,0.0,19.0,0.0,0.0,0.0,4.0,0.0,0.0
PA,2024-07-31,12.20595238095238,75.73528736561067,20.245,29.559663865546216,24.889495798319327,19.0,0.0,55.0,0.0,0.0,0.0,3.0,0.0,0.0
PA,2024-08-01,0.6885010266940452,70.84812844823804,19.37333333333333,31.83305785123968,25.585416666666667,13.0,0.0,9.0,0.0,0.0,0.0,4.0,0.0,0.0
PA,2024-08-02,5.846356275303643,79.28113878275978,20.2825,31.935537190082645,26.09375,23.0,3.0,42.0,0.0,0.0,0.0,2.0,0.0,0.0
PA,2024-08-03,11.304149377593362,85.23054589430267,20.22288135593221,29.410084033613444,24.8,40.0,4.0,53.0,0.0,0.0,0.0,3.0,0.0,1.0
PA,2024-08-04,12.190871369294603,79.97508281244858,19.537815126050425,28.485593220338984,24.005084745762712,46.0,8.0,55.0,0.0,0.0,0.0,2.0,0.0,0.0
PA,2024-08-05,0.984421052631579,70.84980063649515,17.81967213114754,30.4702479338843,24.12685950413223,30.0,1.0,7.0,0.0,0.0,0.0,4.0,0.0,0.0
PA,2024-08-06,4.923382045929019,79.66571543766717,18.49256198347108,30.92892561983471,24.71074380165289,32.0,2.0,45.0,0.0,0.0,0.0,3.0,0.0,0.0
PA,2024-08-07,30.028125,89.96899462781914,18.154098360655738,27.81393442622951,22.984016393442623,33.0,3.0,47.0,0.0,0.0,0.0,2.0,0.0,0.0
PA,2024-08-08,5.184661354581673,89.45201225103774,18.10082644628099,24.104166666666668,21.101666666666667,21.0,2.0,5.0,0.0,0.0,0.0,5.0,0.0,0.0
PA,2024-08-09,25.185513078470827,87.38657753218907,19.171900826446283,25.82479338842976,22.49834710743802,29.0,2.0,26.0,0.0,0.0,0.0,6.0,0.0,2.0
PA,2024-08-10,20.496907216494844,71.41363526651824,16.265254237288136,26.90338983050848,21.584322033898303,37.0,3.0,4.0,0.0,0.0,0.0,0.0,0.0,2.0
PA,2024-08-11,0.0380743982494529,66.33511892131564,13.431623931623932,25.497435897435896,19.464529914529912,9.0,0.0,0.0,0.0,0.0,0.0,0.0,0.0,0.0
PA,2024-08-12,0.2101479915433403,64.29227937712093,12.8900826446281,25.1297520661157,19.0099173553719,8.0,0.0,0.0,0.0,0.0,0.0,0.0,0.0,0.0
PA,2024-08-13,0.0122950819672131,68.0169808622873,12.39344262295082,25.517213114754096,18.95532786885246,18.0,1.0,0.0,0.0,0.0,0.0,1.0,0.0,0.0
PA,2024-08-14,0.0472164948453608,67.47279638971436,13.142372881355932,26.72016806722689,19.936016949152545,17.0,1.0,1.0,0.0,0.0,0.0,5.0,0.0,0.0
PA,2024-08-15,0.1468879668049792,66.44470537955685,13.669166666666666,27.934166666666663,20.789915966386555,19.0,0.0,1.0,0.0,0.0,0.0,5.0,0.0,0.0
PA,2024-08-16,0.0464065708418891,70.2812616583775,14.28235294117647,28.59,21.421008403361345,14.0,0.0,1.0,0.0,0.0,0.0,1.0,0.0,0.0
PA,2024-08-17,2.8234672304439745,80.86616362351968,17.154310344827586,26.92672413793104,22.04051724137931,20.0,0.0,11.0,0.0,0.0,0.0,7.0,0.0,0.0
PA,2024-08-18,7.683509513742071,85.65040952795303,18.968103448275865,26.863247863247864,22.904741379310344,33.0,2.0,52.0,0.0,0.0,0.0,5.0,0.0,1.0
PA,2024-08-19,8.814906832298137,86.17312753943595,17.428571428571427,25.93781512605042,21.683193277310927,35.0,2.0,38.0,0.0,0.0,0.0,5.0,0.0,0.0
PA,2024-08-20,1.6723790322580645,67.44902030974234,12.34621848739496,21.526666666666664,16.91470588235294,7.0,0.0,4.0,0.0,0.0,0.0,0.0,0.0,0.0
PA,2024-08-21,0.0195833333333333,66.51071097158224,8.535294117647059,20.164102564102564,14.335042735042736,10.0,1.0,0.0,0.0,0.0,0.0,1.0,0.0,0.0
PA,2024-08-22,0.2276073619631901,64.81724543068016,8.664406779661016,21.888983050847457,15.276694915254238,14.0,0.0,0.0,0.0,0.0,0.0,1.0,0.0,0.0
PA,2024-08-23,0.004602510460251,65.21072426159651,9.138842975206613,24.193388429752066,16.66611570247934,10.0,0.0,0.0,0.0,0.0,0.0,3.0,0.0,0.0
PA,2024-08-24,0.0017094017094017,66.30577696152027,10.485470085470086,26.615384615384617,18.550427350427352,21.0,1.0,0.0,0.0,0.0,0.0,1.0,0.0,0.0
PA,2024-08-25,0.020886075949367,69.13200758964615,12.536440677966102,28.38706896551724,20.46206896551724,21.0,1.0,0.0,0.0,0.0,0.0,2.0,0.0,0.0
PA,2024-08-26,0.185,71.85847501783215,14.65378151260504,29.29495798319328,21.97436974789916,29.0,3.0,2.0,0.0,0.0,0.0,5.0,0.0,0.0
PA,2024-08-27,0.6810204081632653,70.23445834802006,15.865254237288134,30.0890756302521,22.96822033898305,38.0,2.0,7.0,0.0,0.0,0.0,5.0,0.0,0.0
PA,2024-08-28,0.5203703703703704,70.23044929912714,17.844915254237286,31.75126050420168,24.76111111111112,13.0,1.0,10.0,0.0,0.0,0.0,3.0,0.0,1.0
PA,2024-08-29,1.4184426229508198,78.60999553790201,19.62268907563025,30.695833333333333,25.14117647058824,21.0,5.0,18.0,0.0,0.0,0.0,3.0,0.0,0.0
PA,2024-08-30,6.968839103869653,80.3309282815244,18.43706896551724,27.502586206896552,22.969827586206897,21.0,1.0,37.0,0.0,0.0,0.0,0.0,0.0,0.0
PA,2024-08-31,1.462472885032538,82.75288430610645,18.406194690265487,26.06283185840708,22.234513274336283,4.0,0.0,9.0,0.0,0.0,0.0,0.0,0.0,0.0
PA,2024-09-01,6.482441113490364,76.02998629181906,18.351304347826087,27.183478260869563,22.767391304347825,37.0,1.0,17.0,0.0,0.0,0.0,2.0,0.0,2.0
PA,2024-09-02,1.0114470842332617,61.773888200694,12.523931623931624,26.565811965811964,19.5448717948718,10.0,0.0,1.0,0.0,0.0,0.0,0.0,0.0,0.0
PA,2024-09-03,0.0095860566448801,57.99579704321242,7.4,22.36779661016949,14.870338983050848,10.0,1.0,0.0,0.0,0.0,0.0,3.0,0.0,0.0
PA,2024-09-04,0.0023305084745762,62.33595248059552,7.513333333333334,23.258333333333333,15.385833333333332,12.0,1.0,0.0,0.0,0.0,0.0,2.0,0.0,0.0
PA,2024-09-05,0.0012931034482758,64.70789713979201,8.643589743589743,24.747863247863247,16.695726495726497,22.0,3.0,0.0,0.0,0.0,0.0,3.0,0.0,0.0
PA,2024-09-06,0.2431372549019608,72.01301305143174,10.35897435897436,25.69059829059829,18.024786324786326,28.0,3.0,6.0,0.0,0.0,0.0,3.0,0.0,0.0
PA,2024-09-07,7.289263157894737,80.96163615285384,11.12136752136752,24.64786324786325,17.884615384615383,27.0,1.0,15.0,0.0,0.0,0.0,4.0,0.0,0.0
PA,2024-09-08,3.835578947368421,63.49518911503554,7.138983050847457,20.322881355932203,13.73093220338983,13.0,1.0,6.0,0.0,0.0,0.0,1.0,0.0,0.0
PA,2024-09-09,0.0253191489361702,61.89547613803961,6.57542372881356,20.88135593220339,13.728389830508474,6.0,0.0,0.0,0.0,0.0,0.0,0.0,0.0,0.0
PA,2024-09-10,0.2420289855072463,63.12485516633101,8.799166666666668,23.77542372881356,16.2864406779661,14.0,1.0,0.0,0.0,0.0,0.0,1.0,0.0,0.0
PA,2024-09-11,0.00062893081761,66.16621847776658,9.955,25.98983050847458,17.962711864406778,26.0,1.0,0.0,0.0,0.0,0.0,3.0,0.0,0.0
PA,2024-09-12,0.001039501039501,69.21834799881044,11.119834710743802,27.214166666666664,19.164583333333333,36.0,2.0,0.0,0.0,0.0,0.0,6.0,0.0,0.0
PA,2024-09-13,0.0024896265560165,69.88443474107616,11.81487603305785,27.16583333333333,19.49083333333333,37.0,2.0,0.0,0.0,0.0,0.0,4.0,0.0,0.0
PA,2024-09-14,0.0006315789473684,68.73358993564683,11.988235294117649,27.42542372881356,19.69406779661017,39.0,1.0,0.0,0.0,0.0,0.0,2.0,0.0,0.0
PA,2024-09-15,0.0010893246187363,64.66214740415218,12.452136752136752,27.997391304347826,20.219565217391303,27.0,2.0,0.0,0.0,0.0,0.0,4.0,0.0,0.0
PA,2024-09-16,0.0017094017094017,65.46264982284065,11.364705882352942,26.69237288135593,19.022457627118644,18.0,0.0,0.0,0.0,0.0,0.0,0.0,0.0,0.0
PA,2024-09-17,0.0193684210526315,75.6760623768902,12.14,25.21916666666667,18.687394957983194,10.0,0.0,0.0,0.0,0.0,0.0,1.0,0.0,0.0
PA,2024-09-18,0.387551867219917,77.87678940282497,14.356666666666666,24.315,19.335833333333333,14.0,0.0,0.0,0.0,0.0,0.0,2.0,0.0,0.0
PA,2024-09-19,0.953014553014553,67.21435398829166,14.647899159663863,25.121666666666663,19.88781512605042,26.0,5.0,0.0,0.0,0.0,0.0,4.0,0.0,0.0
PA,2024-09-20,0.0086206896551724,67.71682191380455,12.552892561983471,27.72416666666667,20.125833333333333,28.0,2.0,0.0,0.0,0.0,0.0,5.0,0.0,0.0
PA,2024-09-21,0.6776785714285714,72.35455254942599,13.658119658119658,27.68632478632479,20.672222222222224,22.0,2.0,18.0,0.0,1.0,0.0,2.0,0.0,0.0
PA,2024-09-22,6.001952277657267,77.63516739833982,14.221008403361344,25.961016949152544,20.07838983050848,35.0,5.0,45.0,0.0,3.0,0.0,3.0,0.0,1.0
PA,2024-09-23,1.83939393939394,84.20032355542934,14.695833333333333,22.85593220338983,18.75677966101695,28.0,0.0,0.0,0.0,0.0,0.0,2.0,0.0,0.0
PA,2024-09-24,5.543595041322314,85.4612556959329,14.818032786885244,19.807377049180328,17.312704918032786,21.0,1.0,3.0,0.0,0.0,0.0,2.0,0.0,0.0
PA,2024-09-25,3.69685534591195,87.03024248899204,15.04,18.973333333333336,16.969747899159664,24.0,1.0,14.0,0.0,0.0,0.0,0.0,0.0,0.0
PA,2024-09-26,6.551851851851851,91.2516360144722,16.352066115702478,20.984297520661155,18.66818181818181,25.0,1.0,6.0,0.0,0.0,0.0,1.0,0.0,0.0
PA,2024-09-27,3.020331950207469,90.64600739737776,17.18099173553719,22.596666666666668,19.87708333333333,48.0,5.0,0.0,0.0,0.0,0.0,3.0,0.0,0.0
PA,2024-09-28,3.621786492374728,90.59455210854117,17.221367521367522,21.597435897435897,19.40940170940171,46.0,1.0,0.0,0.0,0.0,0.0,6.0,0.0,0.0
PA,2024-09-29,3.271086956521739,92.82648502072207,16.573504273504273,20.612820512820512,18.593162393162395,42.0,2.0,0.0,0.0,0.0,0.0,2.0,0.0,0.0
PA,2024-09-30,4.295966029723992,89.50133286097626,15.821008403361343,19.28135593220339,17.552118644067797,35.0,2.0,0.0,0.0,0.0,0.0,3.0,0.0,0.0
PA,2024-10-01,6.3541841004184105,86.6433907035937,14.722950819672132,19.53636363636364,17.11694214876033,22.0,0.0,0.0,0.0,0.0,0.0,1.0,0.0,0.0
PA,2024-10-02,2.871907756813417,82.38068556874946,13.381967213114756,18.804918032786883,16.09344262295082,28.0,3.0,0.0,0.0,0.0,0.0,4.0,0.0,0.0
PA,2024-10-03,0.7703933747412008,75.41382660578635,9.50327868852459,19.747540983606555,14.625409836065574,53.0,5.0,0.0,0.0,0.0,0.0,5.0,0.0,0.0
PA,2024-10-04,0.035531914893617,79.82928544314305,9.02520325203252,23.03414634146341,16.02967479674797,60.0,7.0,0.0,0.0,0.0,0.0,5.0,0.0,0.0
PA,2024-10-05,0.0680434782608695,68.17653756609387,9.430252100840336,23.6218487394958,16.526050420168065,52.0,4.0,0.0,0.0,0.0,0.0,3.0,0.0,0.0
PA,2024-10-06,0.306401766004415,68.29014378993821,6.550420168067227,23.05546218487395,14.802941176470588,42.0,7.0,13.0,0.0,0.0,0.0,3.0,0.0,0.0
PA,2024-10-07,4.985802469135803,71.79850285632321,7.607317073170732,23.114634146341466,15.360975609756098,43.0,6.0,35.0,0.0,1.0,0.0,4.0,0.0,1.0
PA,2024-10-08,0.050524109014675,65.49502582677086,4.945901639344262,17.96776859504132,11.455,35.0,1.0,1.0,0.0,0.0,0.0,2.0,0.0,0.0
PA,2024-10-09,0.065,61.031389012862384,4.96198347107438,18.206611570247933,11.584297520661158,11.0,1.0,0.0,0.0,0.0,0.0,0.0,0.0,0.0
PA,2024-10-10,0.0553418803418803,61.5069246765843,3.882926829268293,16.76666666666667,10.32479674796748,12.0,0.0,0.0,0.0,0.0,0.0,3.0,0.0,1.0
PA,2024-10-11,0.0023454157782515,65.81814165002974,1.8663865546218488,16.630252100840337,9.248319327731092,22.0,2.0,0.0,0.0,0.0,0.0,3.0,0.0,0.0
PA,2024-10-12,0.0492407809110629,57.763915525506775,4.060169491525424,20.23728813559322,12.14872881355932,7.0,0.0,0.0,0.0,0.0,0.0,0.0,0.0,0.0
PA,2024-10-13,2.4643010752688173,69.77533618685975,8.387931034482758,21.649137931034485,15.01853448275862,17.0,1.0,15.0,0.0,0.0,0.0,2.0,0.0,0.0
PA,2024-10-14,3.781465517241379,68.4534675569557,7.283050847457627,19.2271186440678,13.214102564102564,27.0,3.0,19.0,0.0,0.0,0.0,1.0,0.0,0.0
PA,2024-10-15,0.6768736616702355,67.82383194191057,2.1115702479338845,12.317355371900828,7.214462809917355,13.0,1.0,1.0,1.0,1.0,0.0,2.0,0.0,0.0
PA,2024-10-16,0.7088421052631578,68.57537348377093,2.255371900826446,11.866942148760332,7.061157024793388,6.0,0.0,0.0,7.0,1.0,0.0,0.0,0.0,0.0
PA,2024-10-17,0.2145877378435517,64.53620101591277,0.7008130081300812,12.839837398373984,6.770325203252033,5.0,0.0,0.0,1.0,0.0,0.0,3.0,0.0,0.0
PA,2024-10-18,0.0061181434599156,57.44146588568312,0.805,16.591596638655464,8.704201680672268,20.0,2.0,0.0,0.0,0.0,0.0,6.0,0.0,0.0
PA,2024-10-19,0.0038297872340425,56.89293142005984,1.085593220338983,20.084745762711865,10.585169491525424,17.0,0.0,0.0,0.0,0.0,0.0,3.0,0.0,0.0
PA,2024-10-20,0.0,57.08372926547097,1.2822033898305083,21.91949152542373,11.60084745762712,12.0,0.0,0.0,0.0,0.0,0.0,3.0,0.0,0.0
PA,2024-10-21,0.0,55.31268363769851,2.7616666666666663,23.639166666666664,13.200416666666666,12.0,1.0,0.0,0.0,0.0,0.0,5.0,0.0,0.0
PA,2024-10-22,0.0006237006237006,57.95912734468488,5.8180327868852455,25.868032786885248,15.843032786885246,12.0,1.0,0.0,0.0,0.0,0.0,3.0,0.0,0.0
PA,2024-10-23,0.0384133611691022,56.12199752611224,6.934959349593496,26.086178861788618,16.510569105691058,11.0,0.0,3.0,0.0,0.0,0.0,1.0,0.0,0.0
PA,2024-10-24,0.5110655737704918,60.49954839965314,5.96829268292683,21.99837398373984,13.983333333333334,3.0,0.0,3.0,0.0,0.0,0.0,1.0,0.0,0.0
PA,2024-10-25,0.0035490605427974,61.84868479298365,0.4297520661157025,16.307438016528927,8.368595041322314,11.0,0.0,0.0,0.0,0.0,0.0,0.0,0.0,0.0
PA,2024-10-26,0.0086315789473684,56.969255419727546,2.1669491525423727,16.96551724137931,9.518260869565216,2.0,0.0,0.0,0.0,0.0,0.0,0.0,0.0,0.0
PA,2024-10-27,0.0,53.08954896381858,-0.4840336134453781,14.621186440677963,7.073728813559322,6.0,0.0,0.0,0.0,0.0,0.0,0.0,0.0,0.0
PA,2024-10-28,0.0012711864406779,52.88456539824503,-0.9836065573770492,14.614285714285714,6.828991596638655,5.0,0.0,0.0,0.0,0.0,0.0,0.0,0.0,0.0
PA,2024-10-29,0.017536534446764,62.44036876988979,1.034166666666667,18.009999999999998,9.522083333333336,2.0,0.0,0.0,0.0,0.0,0.0,0.0,0.0,0.0
PA,2024-10-30,0.1266384778012685,65.21156165964986,5.702542372881355,21.6825,13.67415254237288,6.0,0.0,0.0,0.0,0.0,0.0,1.0,0.0,0.0
PA,2024-10-31,0.010272536687631,64.09449118333887,8.663333333333332,25.1925,16.927916666666665,14.0,1.0,0.0,0.0,0.0,0.0,1.0,0.0,0.0
PA,2024-11-01,0.507815631262525,59.3063505136706,9.16260162601626,24.845081967213115,16.98688524590164,7.0,0.0,1.0,0.0,0.0,0.0,0.0,0.0,0.0
PA,2024-11-02,0.0216101694915254,58.68809469033237,3.834188034188034,17.12372881355932,10.447863247863248,3.0,0.0,0.0,0.0,0.0,0.0,0.0,0.0,0.0
PA,2024-11-03,0.0006410256410256,57.821388158972034,-1.0728813559322032,13.671794871794871,6.302136752136752,10.0,0.0,0.0,0.0,0.0,0.0,1.0,0.0,0.0
PA,2024-11-04,0.0012578616352201,55.927825974650254,0.3804878048780488,15.646341463414634,8.013414634146342,2.0,0.0,0.0,0.0,0.0,0.0,0.0,0.0,0.0
PA,2024-11-05,0.005020920502092,67.52998064374816,5.695081967213114,19.503278688524592,12.599180327868853,5.0,0.0,0.0,0.0,0.0,0.0,1.0,0.0,0.0
PA,2024-11-06,0.2039832285115304,72.98073319464177,10.6075,24.116666666666667,17.36208333333333,8.0,1.0,0.0,0.0,0.0,0.0,2.0,0.0,0.0
PA,2024-11-07,0.5718106995884773,71.20724549459923,9.74672131147541,21.50983606557377,15.62827868852459,18.0,3.0,0.0,0.0,0.0,0.0,1.0,0.0,0.0
PA,2024-11-08,0.0148225469728601,61.623881056960485,2.8801652892561984,18.152459016393443,10.520247933884296,35.0,3.0,0.0,0.0,0.0,0.0,1.0,0.0,0.0
PA,2024-11-09,0.0027484143763213,48.0526026291912,0.2564102564102564,15.763865546218488,8.011965811965812,9.0,0.0,0.0,0.0,0.0,0.0,2.0,0.0,0.0
PA,2024-11-10,1.1420718816067654,60.80370873111808,0.2483050847457627,12.884745762711866,6.582478632478632,19.0,0.0,0.0,0.0,0.0,0.0,2.0,0.0,0.0
PA,2024-11-11,12.545808966861598,77.25670462940312,6.1483333333333325,14.73801652892562,10.45375,20.0,0.0,0.0,0.0,0.0,0.0,0.0,0.0,0.0
PA,2024-11-12,0.2976939203354298,59.817230348827216,3.737190082644628,14.015702479338843,8.876446280991734,5.0,0.0,0.0,0.0,0.0,0.0,2.0,0.0,0.0
PA,2024-11-13,0.0069620253164556,54.67997433335477,-3.5663865546218485,9.642857142857142,3.0216101694915256,4.0,0.0,0.0,0.0,0.0,0.0,3.0,0.0,0.0
PA,2024-11-14,0.3292275574112734,59.13720945956828,-2.2231404958677685,9.821487603305783,3.799173553719008,11.0,0.0,0.0,1.0,0.0,0.0,1.0,0.0,0.0
PA,2024-11-15,4.141649899396379,82.19649135470848,2.668595041322314,8.399173553719008,5.533884297520661,31.0,7.0,0.0,0.0,0.0,0.0,3.0,0.0,1.0
PA,2024-11-16,0.4092274678111587,71.93078722794174,4.505833333333333,10.759166666666664,7.632499999999999,15.0,1.0,0.0,0.0,0.0,0.0,0.0,0.0,0.0
PA,2024-11-17,0.0206451612903225,71.56117780082373,0.8225,10.976470588235294,5.893697478991597,24.0,4.0,0.0,0.0,0.0,0.0,1.0,0.0,0.0
PA,2024-11-18,0.0125813449023861,71.05319011953105,1.6884297520661158,13.67190082644628,7.7025,18.0,0.0,0.0,0.0,0.0,0.0,1.0,0.0,0.0
PA,2024-11-19,0.1027484143763213,70.7110418386691,3.5116666666666663,15.565833333333334,9.53875,24.0,3.0,0.0,0.0,0.0,0.0,7.0,0.0,0.0
PA,2024-11-20,2.1111336032388666,82.08671341097308,4.852892561983471,15.296694214876034,10.074793388429752,52.0,7.0,4.0,0.0,0.0,0.0,8.0,0.0,0.0
PA,2024-11-21,14.890176817288802,84.81371801113093,1.4083333333333334,13.290082644628098,7.332916666666667,35.0,4.0,3.0,0.0,0.0,0.0,2.0,0.0,2.0
PA,2024-11-22,5.291041666666667,87.78972559500457,-0.185593220338983,4.7025,2.2508474576271187,28.0,3.0,0.0,0.0,0.0,0.0,1.0,0.0,0.0
PA,2024-11-23,10.320905172413791,81.29465627957036,0.593162393162393,5.586206896551724,3.089655172413793,17.0,1.0,0.0,0.0,0.0,1.0,2.0,0.0,0.0
PA,2024-11-24,1.073008849557522,75.05608407898411,2.204273504273504,7.755084745762712,4.97948717948718,15.0,0.0,0.0,0.0,0.0,0.0,0.0,0.0,0.0
PA,2024-11-25,0.2070021881838074,76.54139712061358,-0.7163934426229509,8.59672131147541,3.940163934426229,38.0,3.0,0.0,0.0,0.0,1.0,1.0,0.0,0.0
PA,2024-11-26,6.89959266802444,73.80913386023262,0.0330578512396694,11.552892561983471,5.792975206611571,37.0,1.0,2.0,0.0,0.0,0.0,1.0,0.0,0.0
PA,2024-11-27,0.6006593406593407,66.22948339702326,-0.5925619834710744,9.531404958677683,4.469421487603306,13.0,0.0,0.0,0.0,0.0,0.0,2.0,0.0,0.0
PA,2024-11-28,12.426769911504424,84.85766056605432,0.2794871794871795,7.079487179487179,3.6794871794871793,28.0,1.0,0.0,3.0,0.0,1.0,1.0,0.0,0.0
PA,2024-11-29,4.233564814814814,73.30370694812083,-1.4067796610169492,4.456410256410257,1.5039130434782608,15.0,3.0,0.0,1.0,0.0,0.0,3.0,0.0,0.0
PA,2024-11-30,0.4438679245283019,62.20862151566754,-6.094117647058824,1.1093220338983052,-2.4970338983050846,2.0,1.0,0.0,1.0,0.0,0.0,2.0,0.0,0.0
PA,2024-12-01,0.036697247706422,58.07680676311279,-7.8731092436974786,-0.7949579831932773,-4.334033613445378,2.0,1.0,0.0,0.0,0.0,0.0,2.0,0.0,0.0
PA,2024-12-02,0.1580135440180587,66.91287774329741,-7.464957264957265,0.3163793103448275,-3.5801724137931035,1.0,0.0,0.0,0.0,0.0,0.0,0.0,0.0,0.0
PA,2024-12-03,0.3326710816777041,69.21995654947803,-5.662295081967213,0.9360655737704918,-2.3631147540983606,2.0,0.0,0.0,0.0,0.0,0.0,0.0,0.0,0.0
PA,2024-12-04,0.2898901098901099,65.85816541970283,-6.133606557377049,1.819672131147541,-2.1569672131147537,5.0,0.0,0.0,1.0,0.0,0.0,0.0,0.0,0.0
PA,2024-12-05,2.369074492099323,70.10096566896013,-5.041322314049586,2.565289256198347,-1.23801652892562,6.0,2.0,5.0,3.0,0.0,1.0,0.0,0.0,2.0
PA,2024-12-06,0.8115124153498872,63.74121756812948,-5.552542372881356,-0.7658333333333334,-3.198728813559322,3.0,0.0,0.0,0.0,0.0,0.0,0.0,0.0,4.0
PA,2024-12-07,0.0812217194570135,57.84264686495628,-4.969565217391304,-0.177391304347826,-2.573478260869565,1.0,0.0,0.0,0.0,0.0,0.0,0.0,0.0,0.0
PA,2024-12-08,0.0069351230425055,51.10144248238049,-2.567241379310345,6.352586206896552,1.892672413793104,0.0,0.0,0.0,0.0,0.0,0.0,0.0,0.0,0.0
PA,2024-12-09,2.715418502202643,83.30966928474379,-0.6641666666666667,9.875,4.605416666666667,25.0,6.0,0.0,0.0,0.0,0.0,2.0,0.0,0.0
PA,2024-12-10,8.275732217573221,93.00350950576949,2.976470588235294,9.4175,6.186016949152543,61.0,0.0,4.0,0.0,0.0,0.0,0.0,0.0,0.0
PA,2024-12-11,10.194303797468356,93.25968416903514,2.931404958677686,12.449586776859505,7.690495867768595,49.0,0.0,0.0,0.0,0.0,0.0,1.0,0.0,0.0
PA,2024-12-12,17.394600431965443,58.66067197267536,-5.502586206896551,6.280508474576272,0.3900862068965517,12.0,0.0,1.0,1.0,0.0,0.0,1.0,0.0,4.0
PA,2024-12-13,0.0972789115646258,58.18014608553423,-8.348275862068965,-1.8577586206896552,-5.120869565217391,1.0,0.0,0.0,0.0,0.0,0.0,0.0,0.0,0.0
PA,2024-12-14,0.0105022831050228,63.78978995698746,-10.841739130434782,-0.8808695652173912,-5.871052631578947,0.0,0.0,0.0,0.0,0.0,0.0,0.0,0.0,0.0
PA,2024-12-15,0.7860411899313501,71.96705407928982,-9.006837606837607,1.3803418803418803,-3.813247863247863,8.0,0.0,0.0,4.0,0.0,1.0,0.0,0.0,0.0
PA,2024-12-16,10.699322799097066,92.98610822580258,-1.7541666666666669,4.107438016528926,1.165966386554622,59.0,9.0,0.0,25.0,0.0,25.0,0.0,0.0,0.0
PA,2024-12-17,4.462850971922245,81.00739135264757,1.2577586206896552,10.313333333333333,5.745689655172414,51.0,0.0,0.0,0.0,0.0,1.0,0.0,0.0,0.0
PA,2024-12-18,0.5804395604395604,81.94467096102362,-2.024576271186441,9.674358974358976,3.802608695652174,28.0,1.0,0.0,0.0,0.0,0.0,1.0,0.0,0.0
PA,2024-12-19,5.372033898305085,77.51362944160849,-1.639344262295082,4.563934426229507,1.4622950819672131,16.0,0.0,0.0,2.0,1.0,2.0,0.0,0.0,0.0
PA,2024-12-20,0.5221198156682028,81.38593227468374,-1.7016666666666669,1.6791666666666667,-0.01125,7.0,0.0,0.0,0.0,0.0,1.0,0.0,0.0,0.0
PA,2024-12-21,2.8917675544794186,72.77996494369302,-6.004273504273504,0.2324786324786324,-2.910775862068965,6.0,0.0,0.0,2.0,0.0,1.0,1.0,0.0,0.0
PA,2024-12-22,0.2943127962085308,62.60743234695659,-11.29310344827586,-3.730769230769231,-7.525431034482759,4.0,0.0,0.0,0.0,0.0,0.0,1.0,0.0,0.0
PA,2024-12-23,0.0444705882352941,63.92983883616444,-14.858474576271188,-4.125641025641025,-9.51025641025641,1.0,0.0,0.0,0.0,0.0,0.0,0.0,0.0,0.0
PA,2024-12-24,1.709478672985782,76.34067534400656,-10.938655462184874,0.7630252100840336,-5.087815126050421,10.0,2.0,0.0,0.0,0.0,0.0,2.0,0.0,0.0
PA,2024-12-25,0.2711943793911007,81.25408156780979,-2.4267241379310347,2.180172413793104,-0.1232758620689655,14.0,0.0,0.0,0.0,0.0,1.0,0.0,0.0,0.0
PA,2024-12-26,0.0074766355140186,74.84341004979552,-4.023529411764706,2.3588235294117648,-0.8323529411764706,7.0,0.0,0.0,0.0,0.0,0.0,0.0,0.0,0.0
PA,2024-12-27,0.0556064073226544,76.92804165640031,-4.516666666666667,4.788333333333333,0.1358333333333333,8.0,0.0,0.0,0.0,0.0,0.0,0.0,0.0,0.0
PA,2024-12-28,4.8478260869565215,86.20646609790953,-1.164655172413793,7.454782608695652,3.1214912280701754,34.0,2.0,0.0,0.0,0.0,0.0,0.0,0.0,0.0
PA,2024-12-29,4.551136363636363,89.90997389581493,3.602586206896552,13.21186440677966,8.377586206896552,65.0,1.0,0.0,0.0,0.0,0.0,0.0,0.0,1.0
PA,2024-12-30,6.211409395973154,72.16742484276402,3.1067226890756303,14.751639344262296,8.89327731092437,51.0,0.0,0.0,0.0,0.0,0.0,0.0,0.0,4.0
PA,2024-12-31,1.1167410714285717,73.01136176270268,-1.5708333333333333,9.353389830508474,3.901282051282051,10.0,0.0,3.0,0.0,0.0,0.0,0.0,0.0,1.0
