STATE,DATE,TAVG,PRCP,RH,TMIN,TMAX,WT01,WT02,WT03,WT04,WT05,WT06,WT07,WT08,WT09,WT11,WT13,WT14,WT15,WT16,WT17,WT18,WT19,WT22
CO,2007-01-01,-5.793820224719101,0.214190687361419,64.96831495965635,-12.873537604456825,1.280392156862745,2.0,0.0,0.0,0.0,0.0,0.0,0.0,2.0,0.0,0.0,0.0,0.0,0.0,0.0,0.0,0.0,0.0,0.0
CO,2007-01-02,-5.441620111731844,0.0993449781659388,62.66357838740302,-13.160387811634347,2.28,0.0,0.0,0.0,0.0,0.0,0.0,0.0,1.0,0.0,0.0,0.0,0.0,0.0,0.0,0.0,0.0,0.0,0.0
CO,2007-01-03,-2.634530386740332,0.1812972972972973,63.65365608397653,-10.181521739130435,4.921546961325967,3.0,0.0,0.0,0.0,0.0,0.0,0.0,3.0,0.0,0.0,0.0,0.0,0.0,0.0,0.0,0.0,0.0,0.0
CO,2007-01-04,-0.4837912087912088,0.4509169363538295,61.00146249008571,-6.80599455040872,5.816483516483516,13.0,1.0,0.0,0.0,0.0,0.0,0.0,3.0,0.0,3.0,1.0,0.0,0.0,1.0,0.0,0.0,0.0,1.0
CO,2007-01-05,-5.3084468664850135,6.0,78.6260008608151,-12.139945652173912,1.5158038147138966,30.0,7.0,0.0,2.0,0.0,2.0,0.0,6.0,0.0,2.0,5.0,0.0,0.0,2.0,1.0,7.0,3.0,3.0
CO,2007-01-06,-11.027472527472527,3.16008537886873,73.509437523369,-19.10383561643836,-2.9676712328767123,12.0,3.0,0.0,0.0,0.0,0.0,0.0,8.0,0.0,1.0,3.0,0.0,0.0,0.0,0.0,1.0,0.0,1.0
CO,2007-01-07,-9.732602739726028,0.3986784140969163,65.0115509780244,-16.755040871934607,-2.732786885245902,2.0,0.0,0.0,0.0,0.0,0.0,0.0,3.0,0.0,4.0,0.0,0.0,0.0,0.0,0.0,0.0,0.0,0.0
CO,2007-01-08,-4.857513661202185,0.1736216216216216,61.09737891227828,-11.842162162162165,2.125068119891008,2.0,0.0,0.0,0.0,0.0,0.0,0.0,6.0,0.0,7.0,0.0,0.0,0.0,0.0,0.0,0.0,0.0,0.0
CO,2007-01-09,-2.762806539509537,0.060239651416122,69.85773040347472,-10.796756756756755,5.3038147138964575,5.0,1.0,0.0,0.0,0.0,0.0,0.0,1.0,0.0,3.0,1.0,0.0,0.0,0.0,0.0,0.0,0.0,1.0
CO,2007-01-10,-2.143732970027248,0.0707158351409978,58.82916385340128,-9.592432432432432,5.331062670299728,2.0,1.0,0.0,0.0,0.0,0.0,0.0,2.0,0.0,1.0,1.0,0.0,0.0,0.0,0.0,0.0,0.0,1.0
CO,2007-01-11,-1.9048913043478264,0.1566810344827586,57.2729491723012,-8.955525606469003,5.139673913043478,25.0,2.0,0.0,1.0,0.0,3.0,0.0,2.0,0.0,1.0,6.0,1.0,0.0,2.0,1.0,3.0,0.0,2.0
CO,2007-01-12,-6.024863387978142,1.893230769230769,76.88653784804659,-11.62059620596206,-0.453551912568306,34.0,6.0,0.0,4.0,0.0,7.0,0.0,12.0,1.0,0.0,6.0,1.0,1.0,3.0,0.0,7.0,1.0,1.0
CO,2007-01-13,-10.761675824175825,2.7629399585921326,81.94641985976682,-15.379347826086958,-6.198356164383562,28.0,1.0,0.0,0.0,0.0,1.0,0.0,14.0,0.0,2.0,6.0,0.0,0.0,0.0,0.0,7.0,0.0,2.0
CO,2007-01-14,-15.07912087912088,2.090353697749196,81.71295219570409,-20.857220708446867,-9.33131868131868,26.0,5.0,0.0,0.0,0.0,1.0,0.0,14.0,0.0,1.0,7.0,0.0,0.0,0.0,0.0,7.0,0.0,4.0
CO,2007-01-15,-16.977868852459014,1.5040084388185653,75.6132283485352,-24.42411924119241,-9.557103825136611,8.0,1.0,0.0,0.0,0.0,0.0,0.0,8.0,0.0,0.0,1.0,0.0,0.0,0.0,0.0,2.0,0.0,1.0
CO,2007-01-16,-13.627410468319558,0.1298264642082429,67.37152440374456,-21.95956284153005,-5.266666666666667,6.0,0.0,0.0,0.0,0.0,1.0,0.0,4.0,0.0,0.0,2.0,0.0,0.0,0.0,0.0,0.0,0.0,0.0
CO,2007-01-17,-12.205494505494508,0.0954397394136808,66.7346089291532,-20.330517711171662,-4.060164835164835,7.0,1.0,0.0,0.0,0.0,1.0,0.0,5.0,0.0,2.0,2.0,0.0,0.0,0.0,0.0,1.0,0.0,0.0
CO,2007-01-18,-10.307596685082872,0.1234581497797356,63.75373973027327,-18.36849315068493,-2.2418732782369144,1.0,0.0,0.0,0.0,0.0,0.0,0.0,2.0,0.0,2.0,0.0,0.0,0.0,0.0,0.0,0.0,0.0,0.0
CO,2007-01-19,-8.272499999999999,0.1408529741863075,60.65806168710246,-16.72142857142857,0.1751381215469613,2.0,0.0,0.0,0.0,0.0,0.0,0.0,4.0,0.0,0.0,0.0,0.0,0.0,0.0,0.0,0.0,0.0,0.0
CO,2007-01-20,-7.751111111111111,0.4644618834080717,70.1413112014464,-14.792857142857144,-0.6980555555555555,23.0,6.0,0.0,1.0,0.0,2.0,0.0,6.0,0.0,1.0,7.0,0.0,0.0,0.0,0.0,7.0,0.0,3.0
CO,2007-01-21,-9.352354570637118,2.5024598930481283,82.32266935990519,-15.035616438356165,-3.711080332409973,31.0,6.0,0.0,0.0,0.0,1.0,0.0,9.0,0.0,1.0,6.0,0.0,0.0,0.0,0.0,7.0,1.0,3.0
CO,2007-01-22,-10.658653846153848,2.959569892473118,76.79788090695266,-18.43405994550409,-2.870879120879121,6.0,2.0,0.0,0.0,0.0,0.0,0.0,4.0,0.0,0.0,3.0,0.0,0.0,0.0,0.0,0.0,0.0,2.0
CO,2007-01-23,-7.113812154696132,0.102085620197585,68.64935706371253,-15.27917808219178,1.0781767955801105,3.0,1.0,0.0,0.0,0.0,0.0,0.0,2.0,0.0,0.0,1.0,0.0,0.0,0.0,0.0,0.0,0.0,1.0
CO,2007-01-24,-4.1976584022038566,0.0222222222222222,68.17431826010585,-12.364657534246575,4.0,1.0,0.0,0.0,0.0,0.0,0.0,0.0,1.0,0.0,0.0,0.0,0.0,0.0,0.0,0.0,0.0,0.0,0.0
CO,2007-01-25,-2.938324175824176,0.0180586907449209,64.24891345999411,-11.23179347826087,5.395604395604396,8.0,3.0,0.0,0.0,0.0,0.0,0.0,4.0,0.0,0.0,1.0,0.0,0.0,0.0,0.0,0.0,0.0,1.0
CO,2007-01-26,-3.440684931506849,0.0139844617092119,64.7622180008713,-11.791032608695652,4.963661202185793,13.0,2.0,0.0,0.0,0.0,0.0,0.0,4.0,0.0,0.0,1.0,0.0,0.0,0.0,0.0,0.0,0.0,1.0
CO,2007-01-27,-6.352588555858311,0.2149614961496149,77.65307084173239,-13.76837837837838,1.076566757493188,21.0,4.0,0.0,0.0,0.0,1.0,0.0,7.0,0.0,0.0,3.0,0.0,0.0,0.0,0.0,4.0,1.0,2.0
CO,2007-01-28,-7.854945054945055,0.2865638766519823,72.6367894898233,-15.916348773841962,0.2076923076923076,14.0,3.0,0.0,0.0,0.0,0.0,0.0,3.0,0.0,0.0,5.0,0.0,0.0,0.0,0.0,1.0,0.0,2.0
CO,2007-01-29,-6.773433242506812,0.0154616240266963,66.81375796607024,-14.797018970189702,1.2667574931880108,4.0,0.0,0.0,0.0,0.0,0.0,0.0,5.0,0.0,1.0,1.0,0.0,0.0,0.0,0.0,0.0,0.0,0.0
CO,2007-01-30,-7.824725274725274,0.2895833333333333,71.92663570134137,-15.138211382113822,-0.5258241758241758,7.0,1.0,0.0,0.0,0.0,0.0,0.0,1.0,0.0,0.0,0.0,0.0,0.0,0.0,0.0,1.0,0.0,0.0
CO,2007-01-31,-9.818767123287673,1.1846481876332624,80.33479246340607,-16.05694822888283,-3.622131147540984,24.0,4.0,0.0,0.0,0.0,0.0,0.0,9.0,0.0,1.0,5.0,0.0,0.0,0.0,0.0,7.0,1.0,2.0
CO,2007-02-01,-13.788994565217392,1.4307045215562564,78.9541152401229,-20.760270270270272,-6.83125,18.0,6.0,0.0,0.0,0.0,0.0,0.0,12.0,2.0,2.0,5.0,0.0,0.0,0.0,0.0,7.0,1.0,4.0
CO,2007-02-02,-15.271117166212534,1.760554371002132,69.5790358085605,-22.895663956639567,-7.656948228882833,11.0,0.0,0.0,0.0,0.0,0.0,0.0,8.0,1.0,6.0,2.0,0.0,0.0,0.0,0.0,4.0,0.0,0.0
CO,2007-02-03,-9.1724043715847,0.4958149779735682,62.50098097106857,-16.341576086956522,-2.01775956284153,6.0,2.0,0.0,0.0,0.0,0.0,0.0,5.0,0.0,5.0,1.0,0.0,0.0,0.0,0.0,0.0,0.0,1.0
CO,2007-02-04,-4.602717391304347,0.168876404494382,62.0261609702994,-12.54661246612466,3.3573369565217392,5.0,1.0,0.0,0.0,0.0,0.0,0.0,3.0,0.0,1.0,1.0,0.0,0.0,0.0,0.0,0.0,0.0,1.0
CO,2007-02-05,-1.1664383561643836,0.1005506607929515,64.12960106690976,-9.441847826086956,7.140273972602739,3.0,0.0,0.0,0.0,0.0,0.0,0.0,1.0,0.0,1.0,0.0,0.0,0.0,0.0,0.0,0.0,0.0,0.0
CO,2007-02-06,2.246153846153846,0.0425438596491228,64.46983678898387,-5.548648648648649,10.087704918032786,5.0,0.0,0.0,0.0,0.0,1.0,0.0,1.0,0.0,0.0,0.0,0.0,0.0,0.0,0.0,0.0,0.0,0.0
CO,2007-02-07,2.1204359673024524,0.0109649122807017,71.0646022902836,-5.301347708894879,9.56648501362398,43.0,7.0,0.0,0.0,0.0,1.0,0.0,4.0,0.0,0.0,3.0,0.0,0.0,0.0,0.0,0.0,0.0,3.0
CO,2007-02-08,0.2639566395663957,0.0140350877192982,73.62641416234088,-6.223387096774193,6.767750677506776,47.0,9.0,0.0,0.0,0.0,3.0,0.0,5.0,0.0,1.0,4.0,1.0,1.0,1.0,0.0,1.0,0.0,3.0
CO,2007-02-09,-0.3484764542936288,0.0544652701212789,70.80734631188503,-5.937669376693767,5.216620498614959,39.0,6.0,0.0,0.0,0.0,1.0,0.0,5.0,0.0,0.0,2.0,0.0,0.0,0.0,0.0,1.0,0.0,3.0
CO,2007-02-10,0.2287878787878788,0.1460850111856823,75.96957530077026,-4.767391304347826,5.207162534435262,38.0,7.0,0.0,0.0,0.0,1.0,0.0,6.0,0.0,0.0,3.0,0.0,0.0,0.0,0.0,1.0,0.0,3.0
CO,2007-02-11,1.2964577656675749,1.3257777777777775,77.37624732206646,-3.2975675675675675,5.865395095367847,31.0,3.0,0.0,1.0,0.0,1.0,0.0,6.0,0.0,0.0,5.0,0.0,0.0,1.0,0.0,0.0,0.0,2.0
CO,2007-02-12,-0.6895663956639566,1.2871490280777538,81.18779320102112,-6.27258064516129,4.870189701897019,52.0,12.0,0.0,1.0,0.0,7.0,0.0,8.0,0.0,0.0,5.0,1.0,0.0,3.0,0.0,6.0,0.0,2.0
CO,2007-02-13,-5.074254742547426,0.8969505783385909,82.67696016885195,-11.047439353099731,0.913279132791328,39.0,4.0,0.0,0.0,0.0,6.0,0.0,12.0,1.0,0.0,5.0,1.0,1.0,3.0,0.0,7.0,2.0,1.0
CO,2007-02-14,-7.932926829268292,2.051181911613566,82.68050673755667,-12.914824797843664,-2.9579945799458,27.0,7.0,0.0,0.0,0.0,0.0,0.0,17.0,0.0,1.0,5.0,0.0,0.0,0.0,0.0,6.0,0.0,2.0
CO,2007-02-15,-8.294672131147541,1.8965589155370173,76.59448728633697,-14.180592991913748,-2.433606557377049,17.0,2.0,0.0,0.0,0.0,0.0,0.0,13.0,0.0,2.0,2.0,0.0,0.0,0.0,0.0,5.0,1.0,2.0
CO,2007-02-16,-4.115890410958904,0.9702104097452936,67.34069270457485,-10.33641304347826,2.096986301369863,13.0,3.0,1.0,1.0,0.0,0.0,0.0,6.0,0.0,7.0,2.0,0.0,0.0,1.0,0.0,3.0,0.0,0.0
CO,2007-02-17,-2.440909090909091,1.343960826985854,60.94621187405471,-9.289373297002724,4.381043956043956,2.0,0.0,0.0,0.0,0.0,1.0,0.0,2.0,0.0,2.0,0.0,0.0,0.0,0.0,0.0,2.0,1.0,0.0
CO,2007-02-18,-1.2030386740331491,0.2642694063926941,59.05368883909437,-9.01967213114754,6.628374655647383,0.0,0.0,0.0,0.0,0.0,0.0,0.0,1.0,0.0,1.0,0.0,0.0,0.0,0.0,0.0,0.0,0.0,0.0
CO,2007-02-19,0.268005540166205,0.6941834451901566,63.4873847375674,-5.543013698630137,6.057300275482095,13.0,2.0,2.0,0.0,0.0,0.0,0.0,3.0,0.0,0.0,1.0,0.0,0.0,1.0,0.0,2.0,1.0,0.0
CO,2007-02-20,-1.4979338842975207,0.8022875816993464,72.32487662720104,-8.181471389645777,5.126098901098901,17.0,3.0,0.0,0.0,0.0,1.0,0.0,5.0,0.0,1.0,3.0,0.0,0.0,1.0,0.0,0.0,0.0,1.0
CO,2007-02-21,0.3283561643835617,0.1038031319910514,58.96218186631135,-7.239509536784741,7.906301369863014,1.0,0.0,0.0,0.0,0.0,0.0,0.0,2.0,0.0,0.0,0.0,0.0,0.0,0.0,0.0,0.0,0.0,0.0
CO,2007-02-22,1.7191576086956522,0.09321468298109,60.076545844614095,-6.542818428184282,10.004891304347826,15.0,4.0,0.0,0.0,0.0,0.0,0.0,5.0,0.0,0.0,3.0,0.0,0.0,0.0,0.0,0.0,0.0,1.0
CO,2007-02-23,-0.114010989010989,0.3305869074492099,54.2103431474251,-7.210626702997276,6.9912328767123295,21.0,8.0,0.0,0.0,0.0,1.0,0.0,8.0,0.0,5.0,4.0,0.0,0.0,1.0,0.0,2.0,0.0,2.0
CO,2007-02-24,-3.877146814404433,1.4839305103148752,67.62348196504743,-10.329781420765029,2.4742382271468144,15.0,6.0,0.0,0.0,0.0,0.0,0.0,11.0,1.0,10.0,1.0,0.0,0.0,2.0,0.0,6.0,1.0,2.0
CO,2007-02-25,-5.8931506849315065,0.789306029579067,64.21241383112422,-12.035245901639342,0.2384196185286103,5.0,0.0,0.0,0.0,0.0,0.0,0.0,3.0,0.0,4.0,0.0,0.0,0.0,0.0,0.0,0.0,0.0,0.0
CO,2007-02-26,-3.3544959128065392,0.9731762065095398,65.96772012233521,-8.94837837837838,2.237602179836512,6.0,0.0,0.0,0.0,0.0,0.0,0.0,3.0,0.0,4.0,0.0,0.0,0.0,0.0,0.0,0.0,0.0,0.0
CO,2007-02-27,-1.3884615384615384,0.8837028824833704,65.54175264272158,-7.555978260869565,4.752197802197802,12.0,5.0,0.0,0.0,0.0,0.0,0.0,4.0,0.0,2.0,2.0,0.0,0.0,1.0,0.0,1.0,0.0,0.0
CO,2007-02-28,-4.704781420765028,1.9514989293361884,75.46404160351678,-10.91358695652174,1.4934604904632154,26.0,14.0,0.0,0.0,0.0,1.0,0.0,8.0,0.0,2.0,5.0,0.0,0.0,1.0,0.0,7.0,1.0,3.0
CO,2007-03-01,-9.16662087912088,3.279587628865979,66.13615764321159,-15.274114441416897,-3.106027397260274,8.0,2.0,0.0,0.0,0.0,1.0,0.0,5.0,0.0,1.0,0.0,0.0,0.0,1.0,0.0,1.0,0.0,0.0
CO,2007-03-02,-9.519754768392373,0.7105489773950484,59.29983708026605,-15.07918918918919,-4.0329700272479565,9.0,3.0,0.0,0.0,0.0,0.0,0.0,8.0,0.0,3.0,1.0,0.0,0.0,0.0,0.0,4.0,0.0,1.0
CO,2007-03-03,-9.723966942148762,0.4117711771177118,54.99714158908586,-17.00408719346049,-2.4871584699453555,2.0,0.0,0.0,0.0,0.0,0.0,0.0,1.0,0.0,0.0,0.0,0.0,0.0,0.0,0.0,0.0,0.0,0.0
CO,2007-03-04,-4.627700831024931,0.4075112107623318,51.986737908783,-14.19016393442623,5.031593406593407,0.0,0.0,0.0,0.0,0.0,0.0,0.0,0.0,0.0,0.0,0.0,0.0,0.0,0.0,0.0,0.0,0.0,0.0
CO,2007-03-05,1.022357723577236,0.1234204793028322,53.69691218732437,-8.05027027027027,10.105135135135136,0.0,0.0,0.0,0.0,0.0,0.0,0.0,1.0,0.0,0.0,0.0,0.0,0.0,0.0,0.0,0.0,0.0,0.0
CO,2007-03-06,2.9689373297002724,0.0761904761904762,49.63260759322092,-5.67601078167116,11.647683923705722,7.0,1.0,0.0,0.0,0.0,0.0,0.0,2.0,0.0,0.0,0.0,0.0,0.0,1.0,0.0,0.0,0.0,0.0
CO,2007-03-07,3.414538043478261,0.0562098501070663,55.47304726303773,-4.817027027027027,11.649864498644988,2.0,0.0,0.0,0.0,0.0,0.0,0.0,0.0,0.0,0.0,0.0,0.0,0.0,0.0,0.0,0.0,0.0,0.0
CO,2007-03-08,3.193732970027248,0.8062165058949624,60.95693815626347,-3.8043360433604336,10.153532608695652,8.0,2.0,2.0,1.0,0.0,0.0,0.0,4.0,0.0,1.0,0.0,0.0,0.0,2.0,0.0,0.0,0.0,0.0
CO,2007-03-09,2.787092391304348,0.3761596548004315,58.81605159429715,-5.416531165311653,10.988858695652176,2.0,1.0,1.0,0.0,0.0,0.0,0.0,1.0,0.0,0.0,0.0,0.0,0.0,0.0,0.0,0.0,0.0,0.0
CO,2007-03-10,3.556849315068493,0.5767720828789531,61.10124718879541,-2.586684782608696,9.688767123287672,16.0,2.0,1.0,1.0,0.0,1.0,0.0,5.0,0.0,0.0,2.0,0.0,0.0,7.0,0.0,1.0,0.0,0.0
CO,2007-03-11,3.3827868852459013,2.225404858299595,69.79877264848837,-3.789402173913044,10.550546448087433,18.0,6.0,0.0,0.0,0.0,0.0,0.0,2.0,0.0,0.0,3.0,0.0,0.0,3.0,0.0,0.0,0.0,0.0
CO,2007-03-12,5.633288043478261,0.1173678532901833,52.53308631587354,-3.4679245283018867,14.724184782608695,4.0,1.0,0.0,0.0,0.0,0.0,0.0,0.0,0.0,0.0,0.0,0.0,0.0,0.0,0.0,0.0,0.0,0.0
CO,2007-03-13,7.684741144414169,0.0462203023758099,47.96688752024108,-1.7346883468834688,17.092643051771116,3.0,0.0,0.0,0.0,0.0,0.0,0.0,2.0,0.0,0.0,0.0,0.0,0.0,0.0,0.0,0.0,0.0,0.0
CO,2007-03-14,8.076366120218578,0.042548596112311,49.47042983068317,-0.5233062330623306,16.662841530054646,7.0,1.0,0.0,0.0,0.0,0.0,0.0,0.0,0.0,0.0,0.0,0.0,0.0,0.0,0.0,0.0,0.0,0.0
CO,2007-03-15,5.4082644628099175,0.0552060737527115,57.64516260139392,-1.9427792915531328,12.738292011019285,14.0,1.0,0.0,0.0,0.0,0.0,0.0,1.0,0.0,1.0,0.0,0.0,0.0,0.0,0.0,0.0,0.0,0.0
CO,2007-03-16,4.457692307692308,0.052267818574514,48.05370041150763,-3.9724795640326978,12.89123287671233,3.0,2.0,0.0,0.0,0.0,0.0,0.0,1.0,0.0,1.0,2.0,0.0,0.0,0.0,0.0,0.0,0.0,1.0
CO,2007-03-17,7.794214876033059,0.0140939597315436,40.59617986445527,-1.4983561643835617,17.11184573002755,0.0,0.0,0.0,0.0,0.0,0.0,0.0,0.0,0.0,0.0,0.0,0.0,0.0,0.0,0.0,0.0,0.0,0.0
CO,2007-03-18,9.056545961002788,0.0083426028921023,37.95312767773673,-0.4767123287671233,18.556545961002787,0.0,0.0,0.0,0.0,0.0,0.0,0.0,2.0,0.0,0.0,0.0,0.0,0.0,0.0,0.0,0.0,0.0,0.0
CO,2007-03-19,8.389697802197801,0.0275599128540305,43.25121445084336,-0.8940217391304348,17.666120218579234,1.0,0.0,0.0,0.0,0.0,0.0,0.0,2.0,0.0,0.0,0.0,0.0,0.0,0.0,0.0,0.0,0.0,0.0
CO,2007-03-20,7.933013698630138,0.0533333333333333,48.52847218042741,-0.2209239130434782,16.086338797814207,13.0,2.0,0.0,0.0,0.0,0.0,0.0,5.0,0.0,0.0,2.0,0.0,0.0,0.0,0.0,0.0,0.0,0.0
CO,2007-03-21,7.513797814207651,0.2727765726681128,44.21872835429674,0.6869918699186992,14.313934426229508,10.0,0.0,11.0,1.0,2.0,0.0,0.0,3.0,0.0,0.0,0.0,0.0,0.0,1.0,0.0,0.0,0.0,0.0
CO,2007-03-22,7.014754098360656,0.773931623931624,63.74235742504241,-0.1785907859078591,14.187158469945356,7.0,2.0,3.0,2.0,1.0,0.0,0.0,0.0,0.0,1.0,0.0,0.0,0.0,2.0,0.0,0.0,0.0,0.0
CO,2007-03-23,6.349445983379502,0.6730434782608695,63.65036841913683,-0.6835616438356165,13.330470914127424,17.0,1.0,19.0,0.0,1.0,1.0,0.0,2.0,0.0,0.0,1.0,0.0,0.0,6.0,0.0,0.0,0.0,0.0
CO,2007-03-24,5.04171270718232,8.139105613701238,85.00706973380683,0.0747945205479451,9.987292817679558,27.0,3.0,12.0,1.0,1.0,1.0,0.0,1.0,0.0,1.0,4.0,0.0,0.0,7.0,0.0,1.0,0.0,0.0
CO,2007-03-25,5.606887052341597,8.34423076923077,68.6616988361937,-0.3158469945355192,11.509366391184573,4.0,2.0,2.0,1.0,1.0,0.0,0.0,2.0,0.0,0.0,1.0,0.0,0.0,0.0,0.0,0.0,0.0,0.0
CO,2007-03-26,7.418595041322313,0.1975374732334047,56.6402460703494,-0.7128415300546449,15.48791208791209,4.0,0.0,1.0,0.0,0.0,0.0,0.0,0.0,0.0,0.0,0.0,0.0,0.0,2.0,0.0,0.0,0.0,0.0
CO,2007-03-27,8.025205479452055,0.8421906693711967,62.547652459006535,0.6169398907103826,15.437534246575344,28.0,5.0,9.0,1.0,3.0,0.0,0.0,1.0,0.0,4.0,2.0,0.0,0.0,3.0,0.0,1.0,0.0,0.0
CO,2007-03-28,3.4050824175824177,1.3029136316337149,55.82134613162704,-3.555040871934605,10.264109589041096,21.0,4.0,5.0,0.0,2.0,0.0,0.0,6.0,0.0,5.0,1.0,0.0,0.0,1.0,0.0,2.0,1.0,0.0
CO,2007-03-29,-1.349863387978142,3.3817,69.08470856273605,-7.91775956284153,5.218032786885246,19.0,4.0,1.0,1.0,2.0,0.0,0.0,7.0,0.0,1.0,3.0,0.0,0.0,1.0,0.0,5.0,2.0,1.0
CO,2007-03-30,-2.771951219512195,1.948171368861024,72.52799100020974,-9.566216216216215,4.0113821138211385,13.0,0.0,0.0,1.0,0.0,0.0,0.0,2.0,0.0,0.0,0.0,0.0,0.0,0.0,0.0,1.0,0.0,0.0
CO,2007-03-31,0.2461643835616438,0.6465270121278941,61.30115572150579,-7.044715447154472,7.4980821917808225,12.0,1.0,0.0,0.0,0.0,0.0,0.0,4.0,0.0,1.0,2.0,0.0,0.0,0.0,0.0,0.0,0.0,1.0
CO,2007-04-01,4.880327868852459,0.1742521367521367,50.75802765675134,-2.922702702702703,12.672131147540984,1.0,0.0,0.0,0.0,0.0,0.0,0.0,1.0,0.0,0.0,0.0,0.0,0.0,0.0,0.0,0.0,0.0,0.0
CO,2007-04-02,7.8080163043478255,0.0938349007314524,44.49806877979363,-0.3264864864864865,15.925,0.0,0.0,0.0,0.0,0.0,0.0,0.0,0.0,0.0,3.0,0.0,0.0,0.0,0.0,0.0,0.0,0.0,0.0
CO,2007-04-03,6.856010928961749,0.0423517169614984,44.35528751697633,-2.0214092140921407,15.707377049180328,0.0,0.0,0.0,0.0,0.0,0.0,0.0,0.0,0.0,0.0,0.0,0.0,0.0,0.0,0.0,0.0,0.0,0.0
CO,2007-04-04,5.964600550964188,0.1295715778474399,48.70956882970699,-2.134153005464481,14.093388429752066,0.0,0.0,2.0,0.0,0.0,0.0,0.0,0.0,0.0,1.0,0.0,0.0,0.0,1.0,0.0,0.0,0.0,0.0
CO,2007-04-05,6.088964577656676,0.7000000000000001,56.53606138628789,-1.3940379403794037,13.58858695652174,15.0,1.0,4.0,2.0,0.0,3.0,0.0,2.0,0.0,0.0,1.0,0.0,0.0,4.0,0.0,0.0,0.0,0.0
CO,2007-04-06,4.068563685636856,0.2846928499496475,67.3267984206891,-3.356873315363881,11.491056910569103,29.0,4.0,0.0,4.0,0.0,16.0,0.0,6.0,0.0,0.0,1.0,2.0,0.0,5.0,3.0,2.0,1.0,1.0
CO,2007-04-07,1.5924657534246576,0.965173116089613,71.61156401333645,-3.664130434782609,6.85464480874317,29.0,2.0,3.0,2.0,0.0,8.0,0.0,3.0,0.0,0.0,2.0,2.0,0.0,3.0,0.0,3.0,0.0,1.0
CO,2007-04-08,1.6664383561643836,2.47693898655636,80.99660165222787,-2.403551912568306,5.736438356164384,37.0,5.0,2.0,1.0,0.0,5.0,0.0,5.0,0.0,0.0,4.0,1.0,1.0,5.0,0.0,4.0,1.0,2.0
CO,2007-04-09,4.002702702702703,2.796028513238289,73.34904902077159,-1.7452830188679245,9.752162162162165,32.0,8.0,5.0,0.0,0.0,0.0,0.0,3.0,0.0,1.0,6.0,0.0,0.0,4.0,0.0,0.0,0.0,5.0
CO,2007-04-10,1.6688010899182562,2.2041707080504365,61.27548472781958,-4.977297297297297,8.277384196185286,20.0,5.0,15.0,4.0,5.0,0.0,0.0,4.0,0.0,5.0,2.0,0.0,0.0,7.0,0.0,1.0,0.0,0.0
CO,2007-04-11,-1.5799457994579946,0.663914373088685,45.47330550107113,-8.138378378378379,4.971815718157181,2.0,0.0,0.0,0.0,0.0,0.0,0.0,1.0,0.0,2.0,0.0,0.0,0.0,0.0,0.0,0.0,0.0,0.0
CO,2007-04-12,-1.0178861788617888,1.2435845213849288,61.99389652535172,-7.531351351351351,5.496476964769648,25.0,9.0,1.0,1.0,0.0,0.0,0.0,5.0,0.0,1.0,4.0,0.0,0.0,5.0,0.0,6.0,1.0,3.0
CO,2007-04-13,-0.5991847826086957,3.009073170731707,78.64380328483313,-6.110840108401084,4.913315217391304,24.0,10.0,2.0,0.0,0.0,2.0,0.0,4.0,0.0,1.0,1.0,1.0,0.0,3.0,0.0,6.0,0.0,3.0
CO,2007-04-14,0.5497275204359673,2.225869120654397,58.477974883015946,-8.025271739130435,9.130517711171665,13.0,7.0,0.0,0.0,0.0,1.0,0.0,3.0,0.0,0.0,2.0,0.0,0.0,1.0,1.0,0.0,0.0,3.0
CO,2007-04-15,5.7898071625344345,0.2073326248671625,46.97234670076014,-3.3627397260273977,14.956868131868132,2.0,0.0,4.0,1.0,0.0,0.0,0.0,1.0,0.0,1.0,0.0,0.0,0.0,1.0,0.0,0.0,0.0,0.0
CO,2007-04-16,7.244565217391305,0.7729166666666667,51.47603495984422,-0.8550135501355014,15.347826086956522,11.0,1.0,17.0,0.0,1.0,0.0,0.0,4.0,0.0,1.0,2.0,0.0,0.0,5.0,0.0,0.0,0.0,0.0
CO,2007-04-17,6.085027472527472,6.571785383903793,75.83767459047357,-0.8452316076294277,12.989863013698631,26.0,3.0,3.0,0.0,0.0,0.0,0.0,2.0,0.0,0.0,4.0,1.0,0.0,5.0,0.0,1.0,0.0,0.0
CO,2007-04-18,6.031593406593407,0.4065306122448979,59.36323921679303,-1.8847826086956525,13.884340659340658,23.0,4.0,4.0,0.0,2.0,0.0,1.0,6.0,0.0,5.0,3.0,0.0,0.0,0.0,0.0,0.0,0.0,0.0
CO,2007-04-19,4.366530054644809,0.1901538461538461,40.17668870172981,-4.082016348773842,12.80136612021858,8.0,1.0,1.0,1.0,0.0,0.0,0.0,3.0,0.0,4.0,0.0,0.0,0.0,0.0,0.0,0.0,0.0,0.0
CO,2007-04-20,5.931967213114754,0.15552016985138,38.389663370871205,-2.8567567567567567,14.687704918032786,5.0,1.0,0.0,0.0,0.0,0.0,0.0,0.0,0.0,1.0,0.0,0.0,0.0,0.0,0.0,0.0,0.0,0.0
CO,2007-04-21,6.329452054794521,0.4835306781485468,43.62129544952441,-0.9426630434782608,13.572054794520549,7.0,1.0,7.0,1.0,5.0,0.0,0.0,3.0,0.0,1.0,1.0,0.0,0.0,6.0,0.0,1.0,1.0,0.0
CO,2007-04-22,5.82986301369863,2.4844155844155846,60.91128006057964,-1.436065573770492,13.08032786885246,8.0,0.0,7.0,1.0,3.0,0.0,0.0,2.0,0.0,2.0,2.0,0.0,0.0,5.0,0.0,0.0,0.0,0.0
CO,2007-04-23,6.27574931880109,1.2367203219315894,62.01579170806915,-0.0029891304347826,12.544836956521738,22.0,0.0,24.0,2.0,9.0,0.0,0.0,0.0,0.0,2.0,3.0,0.0,0.0,5.0,0.0,0.0,1.0,0.0
CO,2007-04-24,4.070798898071626,11.78806104129264,79.87883384617528,-1.0290410958904108,9.13443526170799,32.0,6.0,12.0,0.0,2.0,0.0,0.0,3.0,0.0,6.0,2.0,0.0,0.0,7.0,0.0,5.0,0.0,1.0
CO,2007-04-25,3.7860335195530728,18.66479128856624,70.82985243072822,-2.332782369146005,9.83100558659218,8.0,0.0,1.0,0.0,2.0,1.0,0.0,0.0,0.0,0.0,0.0,0.0,0.0,2.0,0.0,1.0,0.0,0.0
CO,2007-04-26,5.739256198347107,0.5487154150197628,58.95568685410296,-2.022677595628416,13.508791208791209,4.0,0.0,13.0,2.0,2.0,0.0,0.0,1.0,0.0,1.0,0.0,0.0,0.0,5.0,0.0,0.0,0.0,0.0
CO,2007-04-27,8.109289617486338,0.7178467507274491,59.537688958841706,-0.5871934604904632,16.810382513661203,2.0,0.0,1.0,0.0,0.0,0.0,0.0,3.0,0.0,0.0,0.0,0.0,0.0,0.0,0.0,0.0,0.0,0.0
CO,2007-04-28,10.704532967032966,0.0876857749469214,48.253175657443016,1.4877384196185286,19.90274725274725,0.0,0.0,2.0,0.0,1.0,0.0,0.0,2.0,0.0,0.0,0.0,0.0,0.0,0.0,0.0,0.0,0.0,0.0
CO,2007-04-29,12.908333333333331,0.1274488697524219,45.2738782983925,3.472252747252748,22.29222222222222,0.0,0.0,15.0,0.0,1.0,0.0,0.0,0.0,0.0,2.0,0.0,0.0,0.0,1.0,0.0,0.0,0.0,0.0
CO,2007-04-30,13.313013698630137,0.1453207150368033,47.70450457510675,4.156403269754769,22.474246575342463,3.0,0.0,18.0,0.0,2.0,0.0,0.0,3.0,0.0,1.0,0.0,0.0,0.0,2.0,0.0,0.0,0.0,0.0
CO,2007-05-01,12.375342465753423,0.8378269617706237,58.66107903509513,3.959510869565217,20.76109589041096,5.0,0.0,33.0,0.0,5.0,0.0,0.0,2.0,0.0,0.0,2.0,0.0,0.0,4.0,0.0,0.0,0.0,0.0
CO,2007-05-02,10.25420054200542,3.2615900383141763,72.69003972396976,4.036388140161725,16.465853658536584,13.0,0.0,4.0,1.0,0.0,0.0,0.0,1.0,0.0,0.0,2.0,0.0,0.0,5.0,0.0,0.0,0.0,0.0
CO,2007-05-03,9.524119241192412,0.6590583418628454,63.3497719762772,1.8975741239892183,17.10379403794038,16.0,2.0,11.0,0.0,0.0,0.0,0.0,1.0,0.0,0.0,3.0,0.0,0.0,1.0,0.0,0.0,0.0,0.0
CO,2007-05-04,7.013451086956521,1.3626746506986027,59.46560720248357,0.0649595687331536,13.900543478260868,19.0,2.0,26.0,1.0,5.0,0.0,0.0,5.0,0.0,1.0,2.0,0.0,0.0,4.0,0.0,0.0,0.0,0.0
CO,2007-05-05,4.763760217983651,4.886376274328081,70.75435165853824,-0.5696476964769648,10.067119565217393,21.0,5.0,24.0,3.0,12.0,0.0,0.0,3.0,0.0,2.0,1.0,0.0,0.0,3.0,0.0,3.0,0.0,0.0
CO,2007-05-06,3.023024523160763,6.640337711069419,72.51862917968788,-2.535230352303523,8.55967302452316,17.0,2.0,9.0,1.0,1.0,0.0,0.0,4.0,0.0,1.0,2.0,0.0,0.0,7.0,0.0,2.0,0.0,0.0
CO,2007-05-07,4.407392473118279,5.357446808510638,71.72498407815897,-1.8546916890080427,10.664516129032258,9.0,0.0,2.0,0.0,0.0,0.0,0.0,2.0,0.0,0.0,1.0,0.0,0.0,6.0,0.0,1.0,0.0,0.0
CO,2007-05-08,6.564809782608696,0.5757338551859099,58.05336991679031,-1.4601078167115904,14.553804347826087,2.0,0.0,3.0,0.0,0.0,0.0,0.0,2.0,0.0,0.0,0.0,0.0,0.0,2.0,0.0,0.0,0.0,0.0
CO,2007-05-09,9.317349726775957,0.1601220752797558,51.112116833874,0.559620596205962,18.05597826086957,4.0,1.0,2.0,0.0,1.0,0.0,0.0,3.0,0.0,0.0,1.0,0.0,0.0,2.0,0.0,0.0,0.0,0.0
CO,2007-05-10,11.471349862258954,0.157815631262525,47.138313579484674,2.531062670299728,20.28763736263736,0.0,0.0,3.0,0.0,0.0,0.0,0.0,3.0,0.0,0.0,0.0,0.0,0.0,1.0,0.0,0.0,0.0,0.0
CO,2007-05-11,13.33154269972452,0.0622680412371134,43.88819542156592,3.9473972602739726,22.624931506849315,0.0,0.0,3.0,0.0,0.0,0.0,0.0,2.0,0.0,0.0,0.0,0.0,0.0,0.0,0.0,0.0,0.0,0.0
CO,2007-05-12,14.498611111111112,0.0622621564482029,43.573755696893805,5.362912087912088,23.490331491712706,0.0,0.0,20.0,0.0,0.0,0.0,0.0,2.0,0.0,1.0,0.0,0.0,0.0,2.0,0.0,0.0,0.0,0.0
CO,2007-05-13,14.786712328767122,0.1916666666666666,45.81904593757842,6.110899182561307,23.34371584699453,1.0,0.0,35.0,0.0,2.0,0.0,0.0,2.0,0.0,1.0,0.0,0.0,0.0,3.0,0.0,0.0,0.0,0.0
CO,2007-05-14,14.325951086956522,0.5675757575757575,51.178068325656426,5.840921409214093,22.705149051490515,16.0,0.0,47.0,1.0,11.0,0.0,0.0,0.0,0.0,4.0,1.0,0.0,0.0,6.0,0.0,0.0,0.0,0.0
CO,2007-05-15,11.459178082191782,6.431034482758621,62.53276587353863,3.325,19.427322404371584,16.0,0.0,14.0,0.0,0.0,0.0,0.0,1.0,0.0,1.0,5.0,0.0,0.0,6.0,0.0,0.0,0.0,0.0
CO,2007-05-16,10.802861035422344,0.3695049504950495,59.4093342402314,2.950948509485095,18.6159891598916,10.0,1.0,26.0,1.0,3.0,0.0,0.0,5.0,0.0,1.0,2.0,0.0,0.0,2.0,0.0,0.0,0.0,0.0
CO,2007-05-17,11.444021739130434,0.7786069651741293,59.21181622951893,3.482655826558265,19.314634146341465,7.0,1.0,35.0,0.0,4.0,0.0,0.0,3.0,0.0,2.0,0.0,0.0,0.0,4.0,0.0,0.0,0.0,0.0
CO,2007-05-18,11.997677595628414,0.7131901840490797,55.81350952062148,3.2728997289972903,20.69509536784741,6.0,1.0,28.0,2.0,2.0,0.0,0.0,2.0,0.0,1.0,0.0,0.0,0.0,2.0,0.0,1.0,0.0,0.0
CO,2007-05-19,13.30958904109589,0.3440625,51.92484498726797,4.546049046321526,21.95923913043478,7.0,1.0,45.0,0.0,2.0,0.0,0.0,2.0,0.0,0.0,1.0,0.0,0.0,3.0,0.0,0.0,0.0,0.0
CO,2007-05-20,13.327146814404433,0.8884102564102564,57.0677273906046,4.963736263736264,21.55509641873278,8.0,0.0,50.0,0.0,2.0,0.0,0.0,4.0,0.0,0.0,0.0,0.0,0.0,4.0,0.0,0.0,0.0,0.0
CO,2007-05-21,12.75521978021978,0.92890625,57.910241983027,4.572207084468665,20.74153005464481,5.0,0.0,41.0,1.0,1.0,0.0,0.0,3.0,0.0,0.0,0.0,0.0,0.0,6.0,0.0,0.0,0.0,0.0
CO,2007-05-22,8.61900826446281,2.629633113828786,63.683099352276514,1.81456043956044,15.423497267759563,18.0,2.0,23.0,3.0,6.0,0.0,0.0,1.0,0.0,1.0,1.0,0.0,0.0,6.0,0.0,1.0,0.0,0.0
CO,2007-05-23,5.475951086956522,4.769384057971014,71.91515520472456,-0.2241192411924119,11.149184782608694,21.0,0.0,21.0,2.0,7.0,1.0,0.0,2.0,0.0,0.0,5.0,1.0,0.0,6.0,0.0,1.0,0.0,0.0
CO,2007-05-24,5.498767123287671,7.572385321100917,65.56861445533403,-1.968206521739131,12.959836065573771,6.0,1.0,2.0,1.0,1.0,0.0,0.0,0.0,0.0,0.0,1.0,0.0,0.0,1.0,0.0,0.0,0.0,0.0
CO,2007-05-25,9.331593406593406,0.1593846153846154,54.37608825468921,1.610899182561308,17.04230769230769,8.0,0.0,11.0,0.0,2.0,0.0,0.0,0.0,0.0,1.0,0.0,0.0,0.0,2.0,0.0,0.0,0.0,0.0
CO,2007-05-26,11.202465753424658,0.3429473684210526,51.01069542381862,2.7931880108991822,19.602465753424656,1.0,0.0,16.0,0.0,0.0,0.0,0.0,2.0,0.0,2.0,0.0,0.0,0.0,3.0,0.0,0.0,0.0,0.0
CO,2007-05-27,12.650415512465374,0.2764519535374868,51.42707842846952,4.183746556473829,21.13324099722992,20.0,3.0,16.0,0.0,1.0,0.0,0.0,1.0,0.0,0.0,1.0,0.0,0.0,2.0,0.0,0.0,0.0,0.0
CO,2007-05-28,14.305,0.8913089005235602,47.31290147990188,5.85524861878453,22.731944444444444,4.0,0.0,22.0,0.0,1.0,0.0,0.0,0.0,0.0,1.0,1.0,0.0,0.0,4.0,0.0,0.0,0.0,0.0
CO,2007-05-29,11.94271978021978,1.1313432835820896,52.90159523034991,3.979234972677596,19.932692307692307,14.0,1.0,50.0,1.0,13.0,0.0,0.0,3.0,0.0,4.0,0.0,0.0,0.0,6.0,0.0,1.0,0.0,0.0
CO,2007-05-30,9.245192307692308,8.22021371326803,58.24956404441271,1.1166212534059945,17.339835164835165,7.0,1.0,33.0,2.0,9.0,1.0,0.0,0.0,0.0,2.0,0.0,0.0,0.0,5.0,0.0,0.0,0.0,0.0
CO,2007-05-31,10.32158774373259,1.0674664107485603,46.720672498905735,1.8773480662983424,18.7595567867036,3.0,0.0,4.0,0.0,1.0,0.0,0.0,1.0,0.0,0.0,1.0,0.0,0.0,0.0,0.0,0.0,0.0,0.0
CO,2007-06-01,11.349860724233984,0.158207452165156,50.360532465414856,3.476243093922652,19.22590529247911,1.0,0.0,3.0,0.0,0.0,0.0,0.0,3.0,0.0,0.0,0.0,0.0,0.0,1.0,0.0,0.0,0.0,0.0
CO,2007-06-02,12.251236263736264,0.1751565762004175,54.593266677355054,4.081743869209809,20.405494505494502,1.0,0.0,25.0,1.0,3.0,0.0,0.0,4.0,0.0,0.0,0.0,0.0,0.0,4.0,0.0,0.0,0.0,0.0
CO,2007-06-03,12.92715877437326,1.1316316316316315,54.29948980343237,4.647513812154696,21.203621169916435,2.0,0.0,42.0,1.0,7.0,0.0,0.0,3.0,0.0,1.0,0.0,0.0,0.0,6.0,0.0,0.0,0.0,0.0
CO,2007-06-04,13.03005540166205,1.044672531769306,57.24880428363797,4.776438356164384,21.240720221606647,4.0,1.0,36.0,2.0,4.0,0.0,0.0,2.0,0.0,0.0,0.0,0.0,0.0,5.0,0.0,1.0,0.0,0.0
CO,2007-06-05,14.676601671309191,0.8634577603143418,54.52418960222862,6.167768595041323,23.12382271468144,8.0,2.0,25.0,0.0,1.0,0.0,0.0,5.0,0.0,1.0,1.0,0.0,0.0,2.0,0.0,0.0,0.0,0.0
CO,2007-06-06,13.06625,0.4214916584887144,38.81690845298926,4.96353591160221,21.142699724517907,4.0,0.0,6.0,1.0,1.0,0.0,2.0,9.0,0.0,24.0,0.0,0.0,0.0,1.0,0.0,0.0,0.0,0.0
CO,2007-06-07,8.225616438356164,0.4109768378650553,47.241626015644606,0.8814713896457765,15.543835616438356,3.0,0.0,1.0,0.0,1.0,0.0,0.0,2.0,0.0,9.0,0.0,0.0,0.0,1.0,0.0,0.0,0.0,0.0
CO,2007-06-08,8.319390581717451,0.2857433808553971,51.03000843360569,-1.1224043715846994,17.760220994475137,1.0,0.0,2.0,1.0,0.0,0.0,0.0,2.0,0.0,1.0,0.0,0.0,0.0,0.0,0.0,0.0,0.0,0.0
CO,2007-06-09,12.773055555555556,0.0728813559322033,41.53686154910352,3.1994490358126724,22.452908587257618,0.0,0.0,17.0,0.0,0.0,0.0,0.0,0.0,0.0,0.0,0.0,0.0,0.0,5.0,0.0,0.0,0.0,0.0
CO,2007-06-10,15.101805555555554,0.207434554973822,41.02533450577245,5.360439560439561,24.84542936288089,0.0,0.0,7.0,0.0,0.0,0.0,0.0,1.0,0.0,0.0,0.0,0.0,0.0,0.0,0.0,0.0,0.0,0.0
CO,2007-06-11,16.32074175824176,0.274922600619195,39.622058230023605,7.351771117166212,25.38928571428572,8.0,1.0,22.0,0.0,0.0,0.0,0.0,4.0,0.0,1.0,0.0,0.0,0.0,5.0,0.0,0.0,0.0,0.0
CO,2007-06-12,14.031717451523544,3.5184331797235022,65.62525929143007,7.688493150684932,20.376584022038568,25.0,0.0,44.0,0.0,4.0,0.0,0.0,2.0,0.0,1.0,5.0,0.0,0.0,7.0,0.0,0.0,0.0,0.0
CO,2007-06-13,12.52896174863388,9.223654015887025,64.98154652376226,5.562162162162162,19.51830601092896,8.0,0.0,7.0,0.0,0.0,0.0,0.0,0.0,0.0,0.0,2.0,0.0,0.0,5.0,0.0,0.0,0.0,0.0
CO,2007-06-14,13.5801652892562,1.6548923679060663,52.83975890937731,5.292119565217392,21.834065934065936,3.0,1.0,1.0,0.0,0.0,0.0,0.0,0.0,0.0,0.0,0.0,0.0,0.0,1.0,0.0,0.0,0.0,0.0
CO,2007-06-15,16.209641873278237,0.2216326530612244,49.48495732765551,7.387431693989072,25.131404958677688,20.0,4.0,2.0,0.0,0.0,0.0,0.0,2.0,0.0,0.0,2.0,0.0,0.0,1.0,0.0,0.0,0.0,0.0
CO,2007-06-16,18.031843575419,0.0822033898305084,49.2135702924623,9.028055555555556,27.15208913649025,11.0,1.0,24.0,0.0,2.0,0.0,0.0,3.0,0.0,0.0,1.0,0.0,0.0,1.0,0.0,0.0,0.0,0.0
CO,2007-06-17,18.477042253521127,0.2739539748953974,44.40740240072752,9.631284916201118,27.34145658263305,2.0,0.0,13.0,0.0,2.0,0.0,0.0,0.0,0.0,2.0,0.0,0.0,0.0,0.0,0.0,0.0,0.0,0.0
CO,2007-06-18,16.587671232876712,0.3777327935222672,35.54432383157122,7.363487738419619,25.92219178082192,1.0,1.0,4.0,0.0,0.0,0.0,0.0,4.0,0.0,1.0,0.0,0.0,0.0,0.0,0.0,0.0,0.0,0.0
CO,2007-06-19,16.76584699453552,0.0207818930041152,36.89443271867816,7.253116531165312,26.390983606557377,9.0,0.0,1.0,0.0,0.0,0.0,0.0,5.0,0.0,0.0,0.0,0.0,0.0,0.0,0.0,0.0,0.0,0.0
CO,2007-06-20,18.95977961432507,0.0231884057971014,36.32661625580492,9.154768392370572,28.80826446280992,6.0,1.0,4.0,0.0,0.0,0.0,0.0,4.0,0.0,0.0,0.0,0.0,0.0,0.0,0.0,0.0,0.0,0.0
CO,2007-06-21,19.59159779614325,0.0422360248447204,35.1662630754471,10.158469945355192,29.05232876712329,1.0,0.0,22.0,0.0,1.0,0.0,0.0,4.0,0.0,1.0,0.0,0.0,0.0,2.0,0.0,0.0,0.0,0.0
CO,2007-06-22,18.73328767123288,0.4282674772036474,42.898431398278014,9.465489130434785,28.025956284153004,3.0,0.0,33.0,0.0,2.0,0.0,0.0,3.0,0.0,1.0,0.0,0.0,0.0,4.0,0.0,0.0,0.0,0.0
CO,2007-06-23,18.39068493150685,1.252200614124872,43.76724716556843,8.287738419618528,28.523287671232875,1.0,0.0,7.0,0.0,0.0,0.0,0.0,1.0,0.0,0.0,0.0,0.0,0.0,0.0,0.0,0.0,0.0,0.0
CO,2007-06-24,19.68063186813187,0.0184404636459431,37.30847032359341,9.953804347826088,29.51895604395604,0.0,0.0,12.0,0.0,0.0,0.0,0.0,0.0,0.0,1.0,0.0,0.0,0.0,1.0,0.0,0.0,0.0,0.0
CO,2007-06-25,20.090958904109588,0.0525933609958506,34.63129824234129,10.412771739130434,29.8827397260274,0.0,0.0,18.0,0.0,0.0,0.0,0.0,6.0,0.0,2.0,0.0,0.0,0.0,1.0,0.0,0.0,0.0,0.0
CO,2007-06-26,19.38269230769231,0.5549648946840521,41.05479118969124,9.9613698630137,28.84945054945055,6.0,1.0,29.0,1.0,4.0,0.0,0.0,3.0,0.0,3.0,0.0,0.0,0.0,6.0,0.0,0.0,0.0,0.0
CO,2007-06-27,17.847375690607734,1.710233918128655,53.05854242371704,9.386301369863014,26.317307692307693,9.0,0.0,25.0,1.0,5.0,0.0,0.0,4.0,0.0,1.0,2.0,0.0,0.0,4.0,0.0,1.0,0.0,0.0
CO,2007-06-28,17.728296703296703,0.8261044176706827,48.92393322740667,9.220380434782609,26.2854794520548,6.0,0.0,23.0,0.0,2.0,0.0,0.0,4.0,0.0,0.0,1.0,0.0,0.0,3.0,0.0,0.0,0.0,0.0
CO,2007-06-29,18.221546961325966,0.3114315139031925,46.78029001012622,9.05917808219178,27.392857142857142,1.0,0.0,12.0,0.0,2.0,0.0,0.0,1.0,0.0,0.0,0.0,0.0,0.0,1.0,0.0,0.0,0.0,0.0
CO,2007-06-30,19.23756906077348,0.0755015839493136,40.947278412777976,9.8850136239782,28.72513812154696,6.0,0.0,9.0,0.0,0.0,0.0,0.0,2.0,0.0,0.0,1.0,0.0,0.0,0.0,0.0,0.0,0.0,0.0
CO,2007-07-01,19.93342696629213,0.0365503080082135,41.33942089926409,10.082271468144045,29.867226890756303,5.0,1.0,8.0,0.0,0.0,0.0,0.0,2.0,0.0,1.0,0.0,0.0,0.0,2.0,0.0,0.0,0.0,0.0
CO,2007-07-02,20.75208333333333,0.1478348439073514,41.23559364378317,10.942739726027398,30.681944444444444,8.0,1.0,7.0,0.0,1.0,0.0,0.0,5.0,0.0,1.0,0.0,0.0,0.0,0.0,0.0,0.0,0.0,0.0
CO,2007-07-03,20.97799442896936,0.1971802618328298,40.13611773430558,10.941369863013698,31.08467966573816,6.0,0.0,32.0,0.0,9.0,0.0,0.0,2.0,0.0,1.0,0.0,0.0,0.0,5.0,0.0,0.0,0.0,0.0
CO,2007-07-04,20.017079889807164,1.475171065493646,43.68842468507798,10.63934426229508,29.436263736263733,3.0,0.0,38.0,0.0,2.0,0.0,0.0,2.0,0.0,2.0,1.0,0.0,0.0,2.0,0.0,0.0,0.0,0.0
CO,2007-07-05,18.633378746594005,1.4565388397246803,50.226098882329104,10.155978260869563,27.15367847411444,2.0,0.0,27.0,0.0,3.0,0.0,0.0,5.0,0.0,2.0,1.0,0.0,0.0,1.0,0.0,0.0,0.0,0.0
CO,2007-07-06,18.478201634877383,0.9625368731563422,48.46495769157804,9.76457765667575,27.19182561307902,2.0,0.0,15.0,0.0,0.0,0.0,0.0,0.0,0.0,0.0,1.0,0.0,0.0,1.0,0.0,0.0,0.0,0.0
CO,2007-07-07,19.433888888888887,0.4114432989690721,43.13226226894692,10.347933884297522,28.569166666666664,0.0,0.0,33.0,0.0,2.0,0.0,0.0,2.0,0.0,1.0,0.0,0.0,0.0,2.0,0.0,0.0,0.0,0.0
CO,2007-07-08,19.62375690607735,0.6048533872598585,43.09652534384944,10.747123287671233,28.476795580110497,0.0,0.0,34.0,1.0,2.0,0.0,0.0,4.0,0.0,1.0,0.0,0.0,0.0,5.0,0.0,0.0,0.0,0.0
CO,2007-07-09,18.90592286501377,1.758271375464684,45.57577763478894,9.593989071038251,28.253296703296705,0.0,0.0,9.0,0.0,2.0,0.0,0.0,0.0,0.0,0.0,0.0,0.0,0.0,2.0,0.0,0.0,0.0,0.0
CO,2007-07-10,19.29515235457064,0.1664688427299703,45.19865476678287,10.760330578512397,27.86537396121884,7.0,0.0,31.0,0.0,3.0,0.0,0.0,6.0,0.0,2.0,0.0,0.0,0.0,4.0,0.0,0.0,0.0,0.0
CO,2007-07-11,18.71098901098901,1.0482986767485822,51.128785928523165,10.382016348773842,27.08931506849316,3.0,0.0,34.0,0.0,4.0,0.0,0.0,5.0,0.0,0.0,1.0,0.0,0.0,3.0,0.0,0.0,0.0,0.0
CO,2007-07-12,17.680027548209367,1.5321361058601135,57.10197355540116,10.36975476839237,24.958677685950413,6.0,0.0,43.0,0.0,7.0,0.0,1.0,4.0,0.0,2.0,0.0,0.0,0.0,5.0,0.0,0.0,0.0,0.0
CO,2007-07-13,17.040109890109893,3.893131868131869,57.79040271892168,8.5213698630137,25.54423076923077,5.0,1.0,20.0,0.0,1.0,0.0,0.0,1.0,0.0,1.0,0.0,0.0,0.0,0.0,0.0,0.0,0.0,0.0
CO,2007-07-14,18.64680555555556,0.3775634517766497,45.55416077152461,9.95414364640884,27.34583333333333,3.0,0.0,27.0,0.0,1.0,0.0,0.0,1.0,0.0,1.0,0.0,0.0,0.0,4.0,0.0,0.0,0.0,0.0
CO,2007-07-15,19.57388888888889,0.633033033033033,43.02161967582308,10.13939393939394,29.06611111111111,0.0,0.0,17.0,0.0,1.0,0.0,0.0,2.0,0.0,1.0,0.0,0.0,0.0,1.0,0.0,0.0,0.0,0.0
CO,2007-07-16,20.58060941828255,0.2903865213082259,37.90560478307064,11.200275482093664,30.018559556786705,0.0,0.0,21.0,0.0,0.0,0.0,0.0,0.0,0.0,1.0,0.0,0.0,0.0,1.0,0.0,0.0,0.0,0.0
CO,2007-07-17,20.91638888888889,0.2686686686686686,40.164737295141215,11.604395604395604,30.218333333333334,2.0,0.0,29.0,0.0,1.0,0.0,0.0,3.0,0.0,0.0,0.0,0.0,0.0,1.0,0.0,0.0,0.0,0.0
CO,2007-07-18,21.10413223140496,0.7787172011661807,45.280217106227546,12.074246575342467,30.17548209366392,1.0,0.0,39.0,0.0,1.0,0.0,0.0,2.0,0.0,0.0,0.0,0.0,0.0,2.0,0.0,0.0,0.0,0.0
CO,2007-07-19,20.36284530386741,1.6910939012584705,54.42013967872912,12.188186813186814,28.56187845303868,13.0,2.0,46.0,0.0,3.0,0.0,0.0,3.0,0.0,0.0,2.0,0.0,0.0,6.0,0.0,0.0,0.0,0.0
CO,2007-07-20,19.21988950276243,5.073441994247363,65.85883540464695,12.222375690607734,26.201098901098906,12.0,1.0,25.0,0.0,2.0,0.0,0.0,2.0,0.0,0.0,1.0,0.0,0.0,6.0,0.0,0.0,0.0,0.0
CO,2007-07-21,19.754608938547484,1.4405811623246494,58.61332690291547,12.21861111111111,27.29553072625698,6.0,0.0,39.0,0.0,0.0,0.0,0.0,0.0,0.0,0.0,0.0,0.0,0.0,2.0,0.0,0.0,0.0,0.0
CO,2007-07-22,20.35505617977528,1.717258382642998,53.28210807278447,11.938718662952644,28.82612359550562,1.0,0.0,27.0,0.0,0.0,0.0,0.0,3.0,0.0,0.0,0.0,0.0,0.0,3.0,0.0,0.0,0.0,0.0
CO,2007-07-23,20.676308539944905,0.7891389432485323,49.69508202466663,12.09123287671233,29.25934065934066,3.0,0.0,34.0,0.0,0.0,0.0,0.0,1.0,0.0,0.0,1.0,0.0,0.0,4.0,0.0,0.0,0.0,0.0
CO,2007-07-24,20.206094182825485,0.8185978578383641,52.108110877301954,11.638461538461538,28.822651933701657,1.0,0.0,27.0,0.0,1.0,0.0,0.0,2.0,0.0,0.0,0.0,0.0,0.0,2.0,0.0,0.0,0.0,0.0
CO,2007-07-25,20.342520775623267,0.66779324055666,51.215334626926186,12.17802197802198,28.5005540166205,2.0,0.0,44.0,0.0,2.0,0.0,0.0,4.0,0.0,0.0,0.0,0.0,0.0,2.0,0.0,0.0,0.0,0.0
CO,2007-07-26,19.49380165289256,2.332961931290622,56.72523771543492,11.76620879120879,27.18241758241758,5.0,0.0,50.0,0.0,1.0,0.0,0.0,1.0,0.0,1.0,0.0,0.0,0.0,5.0,0.0,0.0,0.0,0.0
CO,2007-07-27,18.56404958677686,5.395711678832116,66.90006484870324,11.931593406593407,25.154670329670328,15.0,0.0,60.0,0.0,1.0,0.0,0.0,2.0,0.0,0.0,1.0,0.0,0.0,5.0,0.0,0.0,0.0,0.0
CO,2007-07-28,17.847252747252746,10.65947653429603,71.6408044855085,11.30521978021978,24.38928571428572,18.0,0.0,48.0,0.0,2.0,0.0,0.0,1.0,0.0,0.0,3.0,0.0,0.0,6.0,0.0,0.0,0.0,0.0
CO,2007-07-29,18.10892857142857,3.006364513018322,65.04714223709645,10.73945205479452,25.470054945054947,17.0,2.0,42.0,0.0,1.0,0.0,0.0,1.0,0.0,0.0,2.0,0.0,0.0,5.0,0.0,0.0,0.0,0.0
CO,2007-07-30,18.57341597796143,1.603326810176125,59.34666356210604,10.884065934065935,26.2534435261708,19.0,1.0,34.0,0.0,1.0,0.0,0.0,1.0,0.0,0.0,2.0,0.0,0.0,1.0,0.0,0.0,0.0,0.0
CO,2007-07-31,19.39835164835165,1.461793372319688,54.962527296038,11.49068493150685,27.276986301369863,18.0,3.0,22.0,0.0,1.0,0.0,0.0,5.0,0.0,0.0,1.0,0.0,0.0,1.0,0.0,0.0,0.0,0.0
CO,2007-08-01,19.850706214689264,0.5339603960396039,52.43101602258359,11.690140845070422,27.97219101123596,16.0,2.0,27.0,0.0,0.0,0.0,0.0,4.0,0.0,0.0,0.0,0.0,0.0,4.0,0.0,0.0,0.0,0.0
CO,2007-08-02,19.47346368715084,2.8601128880526807,61.71630634774175,12.329805013927576,26.6072625698324,11.0,0.0,35.0,0.0,0.0,0.0,0.0,2.0,0.0,0.0,1.0,0.0,0.0,2.0,0.0,0.0,0.0,0.0
CO,2007-08-03,19.01736694677871,11.255525606469002,67.78276022549055,12.77715877437326,25.23109243697479,24.0,1.0,42.0,0.0,0.0,0.0,0.0,3.0,0.0,0.0,2.0,0.0,0.0,4.0,0.0,0.0,0.0,0.0
CO,2007-08-04,19.2361971830986,2.642843601895734,64.99307455791507,12.80560224089636,25.672957746478872,11.0,0.0,41.0,1.0,2.0,0.0,0.0,2.0,0.0,0.0,2.0,0.0,0.0,7.0,0.0,0.0,0.0,0.0
CO,2007-08-05,19.041408450704225,4.465103189493433,64.40979504088152,11.997752808988764,26.07211267605634,13.0,0.0,54.0,0.0,1.0,0.0,0.0,1.0,0.0,1.0,1.0,0.0,0.0,5.0,0.0,0.0,0.0,0.0
CO,2007-08-06,18.459129213483145,6.524116607773852,70.8004860640915,12.04873949579832,24.85505617977528,8.0,0.0,63.0,0.0,4.0,0.0,0.0,1.0,0.0,0.0,0.0,0.0,0.0,6.0,0.0,0.0,0.0,0.0
CO,2007-08-07,17.46196581196581,4.75379746835443,69.29415992932805,11.164772727272728,23.739488636363635,15.0,0.0,60.0,0.0,2.0,0.0,0.0,1.0,0.0,2.0,1.0,0.0,0.0,7.0,0.0,0.0,0.0,0.0
CO,2007-08-08,17.64211267605634,2.5617375231053603,56.45010672827039,9.73511235955056,25.55758426966292,4.0,1.0,9.0,0.0,0.0,0.0,0.0,2.0,0.0,0.0,1.0,0.0,0.0,1.0,0.0,0.0,0.0,0.0
CO,2007-08-09,18.91137640449438,0.1866990291262136,43.64647638799516,10.003361344537815,27.83585434173669,1.0,0.0,13.0,0.0,1.0,0.0,0.0,1.0,0.0,0.0,0.0,0.0,0.0,2.0,0.0,0.0,0.0,0.0
CO,2007-08-10,19.847033898305085,0.3712745098039215,45.67427558956214,11.45154929577465,28.228169014084507,0.0,0.0,24.0,0.0,0.0,0.0,0.0,2.0,0.0,0.0,0.0,0.0,0.0,5.0,0.0,0.0,0.0,0.0
CO,2007-08-11,19.694972067039107,0.9180541624874624,43.75449527754978,10.696666666666667,28.691061452513967,1.0,0.0,11.0,0.0,0.0,0.0,0.0,1.0,0.0,0.0,1.0,0.0,0.0,4.0,0.0,0.0,0.0,0.0
CO,2007-08-12,20.42217514124294,0.5794354838709677,48.6697980600166,12.108988764044945,28.729943502824856,3.0,0.0,32.0,0.0,0.0,0.0,0.0,1.0,0.0,0.0,0.0,0.0,0.0,5.0,0.0,0.0,0.0,0.0
CO,2007-08-13,20.96480446927374,0.6049659201557935,47.43868971870424,12.427222222222223,29.50670391061452,6.0,0.0,41.0,0.0,0.0,0.0,0.0,1.0,0.0,0.0,0.0,0.0,0.0,4.0,0.0,0.0,0.0,0.0
CO,2007-08-14,20.69159663865546,1.332190476190476,50.39619399931558,12.459052924791086,28.92044817927171,2.0,0.0,47.0,0.0,0.0,0.0,0.0,1.0,0.0,0.0,0.0,0.0,0.0,3.0,0.0,0.0,0.0,0.0
CO,2007-08-15,19.431792717086832,2.265384615384616,59.94453688248688,11.76536312849162,27.077591036414567,9.0,0.0,59.0,0.0,4.0,0.0,0.0,1.0,0.0,0.0,2.0,0.0,0.0,7.0,0.0,0.0,0.0,0.0
CO,2007-08-16,18.760614525139665,5.066041108132261,60.33762448192157,10.624791086350976,26.89469273743017,3.0,0.0,36.0,0.0,2.0,0.0,0.0,2.0,0.0,0.0,1.0,0.0,0.0,5.0,0.0,0.0,0.0,0.0
CO,2007-08-17,18.832865168539325,1.9209864603481623,59.072751735621225,11.26759776536313,26.35477528089888,8.0,1.0,50.0,0.0,2.0,0.0,0.0,0.0,0.0,1.0,0.0,0.0,0.0,3.0,0.0,0.0,0.0,0.0
CO,2007-08-18,18.90141242937853,2.1250240615976903,58.7463000071072,11.383661971830984,26.420338983050847,4.0,0.0,51.0,0.0,1.0,0.0,0.0,1.0,0.0,0.0,0.0,0.0,0.0,6.0,0.0,0.0,0.0,0.0
CO,2007-08-19,19.07829131652661,2.468421052631579,57.48044212255215,11.101114206128134,27.03389355742297,8.0,0.0,24.0,0.0,1.0,0.0,0.0,0.0,0.0,0.0,0.0,0.0,0.0,2.0,0.0,0.0,0.0,0.0
CO,2007-08-20,19.754621848739493,0.7874766355140187,43.37785670261389,11.486871508379888,27.997206703910614,0.0,0.0,2.0,0.0,0.0,0.0,0.0,1.0,0.0,0.0,0.0,0.0,0.0,0.0,0.0,0.0,0.0,0.0
CO,2007-08-21,19.947050561797752,0.0201960784313725,38.2935519506328,10.34245810055866,29.55210084033613,0.0,0.0,4.0,0.0,0.0,0.0,0.0,4.0,0.0,0.0,0.0,0.0,0.0,1.0,0.0,0.0,0.0,0.0
CO,2007-08-22,19.862150837988825,0.2928433268858801,42.80249941952876,10.678551532033426,29.05195530726257,4.0,0.0,36.0,0.0,3.0,0.0,0.0,3.0,0.0,0.0,0.0,0.0,0.0,3.0,0.0,0.0,0.0,0.0
CO,2007-08-23,17.394774011299436,2.110376492194674,52.72863579630524,9.36225352112676,25.43820224719101,12.0,0.0,58.0,0.0,10.0,0.0,0.0,3.0,0.0,3.0,2.0,0.0,0.0,6.0,0.0,0.0,0.0,0.0
CO,2007-08-24,16.508100558659216,6.613160173160173,59.255587775222615,8.75933147632312,24.248324022346367,20.0,1.0,38.0,1.0,5.0,0.0,0.0,3.0,0.0,0.0,2.0,0.0,0.0,7.0,0.0,1.0,0.0,0.0
CO,2007-08-25,17.632719546742212,0.2969276511397423,50.29554744322088,8.483333333333333,26.662816901408448,25.0,4.0,4.0,0.0,0.0,0.0,0.0,6.0,0.0,0.0,3.0,0.0,0.0,0.0,0.0,0.0,0.0,0.0
CO,2007-08-26,19.05472222222222,0.1141116751269035,41.54396367593543,10.16759002770083,27.936944444444443,7.0,1.0,37.0,0.0,0.0,0.0,0.0,1.0,0.0,0.0,0.0,0.0,0.0,1.0,0.0,0.0,0.0,0.0
CO,2007-08-27,17.36755617977528,1.0672131147540984,52.493530980932846,10.198039215686274,24.540896358543417,9.0,0.0,24.0,0.0,0.0,0.0,0.0,0.0,0.0,0.0,1.0,0.0,0.0,5.0,0.0,0.0,0.0,0.0
CO,2007-08-28,16.935893854748603,2.528251121076233,63.13623746587408,9.282451253481897,24.582122905027934,8.0,1.0,24.0,0.0,2.0,0.0,0.0,2.0,0.0,0.0,1.0,0.0,0.0,3.0,0.0,0.0,0.0,0.0
CO,2007-08-29,16.9187675070028,1.7517403574788335,65.24172196730079,9.339385474860336,24.485994397759104,19.0,1.0,29.0,0.0,1.0,0.0,0.0,3.0,0.0,0.0,4.0,0.0,0.0,4.0,0.0,0.0,0.0,0.0
CO,2007-08-30,16.930758426966293,1.5599412340842311,62.89815670160829,9.011764705882351,24.751540616246498,19.0,2.0,18.0,0.0,0.0,0.0,0.0,2.0,0.0,0.0,4.0,0.0,0.0,1.0,0.0,0.0,0.0,0.0
CO,2007-08-31,17.762569832402235,0.5905583756345177,55.83798661733181,9.46434540389972,25.94679665738161,9.0,1.0,25.0,0.0,2.0,0.0,0.0,2.0,0.0,0.0,0.0,0.0,0.0,3.0,0.0,0.0,0.0,0.0
CO,2007-09-01,18.11583333333333,0.8170611439842209,54.329371486479,9.803047091412743,26.322160664819943,2.0,0.0,28.0,1.0,1.0,0.0,0.0,1.0,0.0,0.0,0.0,0.0,0.0,4.0,0.0,0.0,0.0,0.0
CO,2007-09-02,18.356145251396647,0.8544731610337972,51.25583230488487,10.05041782729805,26.559888579387188,0.0,0.0,32.0,0.0,2.0,0.0,0.0,1.0,0.0,0.0,0.0,0.0,0.0,3.0,0.0,0.0,0.0,0.0
CO,2007-09-03,17.98509749303621,1.4007936507936507,50.69012552649716,9.39556786703601,26.49833333333333,5.0,0.0,37.0,0.0,2.0,0.0,0.0,1.0,0.0,0.0,1.0,0.0,0.0,1.0,0.0,0.0,0.0,0.0
CO,2007-09-04,17.68650137741047,1.1244117647058824,51.17525492325849,9.001098901098901,26.26016483516484,5.0,2.0,26.0,0.0,0.0,0.0,0.0,2.0,0.0,0.0,1.0,0.0,0.0,3.0,0.0,0.0,0.0,0.0
CO,2007-09-05,17.515068493150686,1.10947265625,54.36013035079185,9.67896174863388,25.3454794520548,8.0,0.0,58.0,0.0,0.0,0.0,0.0,3.0,0.0,0.0,1.0,0.0,0.0,6.0,0.0,0.0,0.0,0.0
CO,2007-09-06,16.429041095890412,3.746931407942239,64.86188485058727,8.908196721311475,23.944931506849315,9.0,1.0,25.0,0.0,4.0,0.0,0.0,1.0,0.0,0.0,0.0,0.0,0.0,3.0,0.0,0.0,0.0,0.0
CO,2007-09-07,15.077397260273973,0.4076171875,51.2356689487757,6.601366120218579,23.56767123287672,0.0,0.0,4.0,0.0,1.0,0.0,0.0,1.0,0.0,0.0,0.0,0.0,0.0,2.0,0.0,0.0,0.0,0.0
CO,2007-09-08,15.183195592286502,0.0816580310880829,46.21432024215935,6.4912328767123295,23.779670329670328,4.0,1.0,6.0,0.0,0.0,0.0,0.0,1.0,0.0,0.0,0.0,0.0,0.0,2.0,0.0,0.0,0.0,0.0
CO,2007-09-09,14.837361111111113,0.8310344827586207,56.12146592284134,6.404143646408841,23.19058171745152,14.0,0.0,19.0,0.0,0.0,0.0,0.0,1.0,0.0,1.0,2.0,0.0,0.0,6.0,0.0,0.0,0.0,0.0
CO,2007-09-10,12.239071038251366,1.4161199625117151,65.68048722405013,5.2008152173913045,19.22016348773842,29.0,3.0,10.0,0.0,1.0,0.0,0.0,4.0,0.0,0.0,4.0,1.0,0.0,6.0,0.0,0.0,0.0,0.0
CO,2007-09-11,11.972038567493112,0.3236274509803922,48.38313962291135,3.0676712328767124,20.82191780821918,8.0,2.0,6.0,0.0,0.0,0.0,0.0,5.0,0.0,0.0,2.0,0.0,0.0,0.0,0.0,0.0,0.0,0.0
CO,2007-09-12,14.309863013698632,0.1037698412698412,42.61676992555487,5.346594005449592,23.19344262295082,1.0,0.0,3.0,0.0,0.0,0.0,0.0,5.0,0.0,0.0,0.0,0.0,0.0,1.0,0.0,0.0,0.0,0.0
CO,2007-09-13,15.052868852459016,0.0887450199203187,41.87915892148328,5.70054347826087,24.30217983651226,0.0,0.0,0.0,0.0,0.0,0.0,0.0,3.0,0.0,0.0,0.0,0.0,0.0,0.0,0.0,0.0,0.0,0.0
CO,2007-09-14,14.401092896174864,0.1007014028056112,48.869410952650114,6.401630434782609,22.31798365122616,1.0,0.0,12.0,0.0,0.0,0.0,0.0,2.0,0.0,1.0,0.0,0.0,0.0,3.0,0.0,0.0,0.0,0.0
CO,2007-09-15,15.054109589041095,0.2606995884773662,47.91787561590308,7.398365122615803,22.70601092896175,1.0,0.0,15.0,0.0,1.0,0.0,0.0,2.0,0.0,1.0,0.0,0.0,0.0,1.0,0.0,0.0,0.0,0.0
CO,2007-09-16,15.928472222222222,1.2448785638859556,51.1162301922705,8.220718232044199,23.646831955922863,6.0,0.0,49.0,0.0,1.0,0.0,0.0,5.0,0.0,2.0,0.0,0.0,0.0,3.0,0.0,0.0,0.0,0.0
CO,2007-09-17,13.06565934065934,5.789528301886792,69.19744065702743,6.61639344262295,19.43917808219178,16.0,0.0,43.0,1.0,3.0,0.0,0.0,2.0,0.0,0.0,3.0,0.0,0.0,7.0,0.0,0.0,0.0,0.0
CO,2007-09-18,11.304670329670328,2.478344562078922,56.33399193897946,3.678142076502733,18.81065573770492,9.0,2.0,3.0,0.0,1.0,0.0,0.0,0.0,0.0,1.0,1.0,0.0,0.0,0.0,0.0,0.0,0.0,0.0
CO,2007-09-19,12.627900552486189,0.1245417515274949,48.04309888323351,3.8846153846153846,21.28324175824176,13.0,2.0,3.0,0.0,0.0,0.0,0.0,1.0,0.0,0.0,0.0,0.0,0.0,1.0,0.0,0.0,0.0,0.0
CO,2007-09-20,14.685753424657534,0.19010101010101,48.07331077959577,6.579836512261581,22.68770491803279,3.0,0.0,7.0,0.0,0.0,0.0,0.0,0.0,0.0,1.0,1.0,0.0,0.0,2.0,0.0,0.0,0.0,0.0
CO,2007-09-21,15.456986301369865,0.2321392016376663,46.75516406523449,6.8095367847411445,24.020765027322405,6.0,1.0,4.0,0.0,1.0,0.0,0.0,0.0,0.0,0.0,1.0,0.0,0.0,0.0,0.0,0.0,0.0,0.0
CO,2007-09-22,15.392479108635095,0.3422268907563025,49.32316920118081,6.471745152354571,24.182044198895028,7.0,1.0,9.0,0.0,0.0,0.0,0.0,2.0,0.0,0.0,1.0,0.0,0.0,1.0,0.0,0.0,0.0,0.0
CO,2007-09-23,13.208472222222223,4.0021966527196655,60.70993363525251,6.498898071625344,19.811602209944752,14.0,0.0,24.0,0.0,0.0,0.0,0.0,3.0,0.0,2.0,2.0,0.0,0.0,4.0,0.0,0.0,0.0,0.0
CO,2007-09-24,9.463013698630135,5.062627197039777,66.07308501605112,2.8926630434782608,15.91502732240437,21.0,3.0,13.0,0.0,5.0,0.0,0.0,1.0,0.0,1.0,1.0,1.0,0.0,2.0,0.0,0.0,0.0,0.0
CO,2007-09-25,7.18027397260274,6.1625468164794,62.97896803105871,-0.7980874316939891,15.070027247956403,9.0,0.0,2.0,0.0,0.0,0.0,0.0,0.0,0.0,0.0,0.0,0.0,0.0,0.0,0.0,0.0,0.0,0.0
CO,2007-09-26,8.643561643835616,0.0359595959595959,49.89536099286266,0.2994550408719346,16.908719346049047,1.0,1.0,0.0,0.0,0.0,0.0,0.0,2.0,0.0,0.0,0.0,0.0,0.0,0.0,0.0,0.0,0.0,0.0
CO,2007-09-27,10.09639889196676,0.0861027190332326,43.1201369922008,0.8842975206611571,19.27802197802198,0.0,0.0,0.0,0.0,0.0,0.0,0.0,2.0,0.0,0.0,0.0,0.0,0.0,0.0,0.0,0.0,0.0,0.0
CO,2007-09-28,11.612087912087912,0.2756923076923077,47.65367585253622,3.722950819672131,19.37377049180328,4.0,0.0,15.0,0.0,0.0,0.0,0.0,0.0,0.0,3.0,0.0,0.0,0.0,4.0,0.0,0.0,0.0,0.0
CO,2007-09-29,13.176198630136986,0.9325077399380806,53.55460547663478,5.48703071672355,18.813698630136987,8.0,0.0,25.0,0.0,1.0,1.0,0.0,1.0,0.0,8.0,0.0,0.0,0.0,5.0,0.0,0.0,0.0,0.0
CO,2007-09-30,8.733379501385041,1.5125379170879676,48.48414396178113,-0.2303030303030303,17.568870523415978,5.0,0.0,8.0,1.0,0.0,0.0,0.0,0.0,0.0,2.0,0.0,0.0,0.0,1.0,0.0,0.0,0.0,0.0
CO,2007-10-01,9.63324175824176,1.0691146881287727,46.66040820686564,0.9306010928961748,18.25573770491804,7.0,0.0,8.0,0.0,0.0,0.0,0.0,1.0,0.0,1.0,0.0,0.0,0.0,2.0,0.0,0.0,0.0,0.0
CO,2007-10-02,9.656456043956045,2.00712890625,53.51032181996528,2.0355191256830603,17.18879781420765,11.0,0.0,7.0,1.0,1.0,0.0,0.0,1.0,0.0,2.0,1.0,0.0,0.0,0.0,0.0,0.0,0.0,0.0
CO,2007-10-03,10.176639344262297,0.0985104270109235,45.28140586195355,1.404076086956522,18.87092391304348,1.0,0.0,0.0,0.0,0.0,0.0,0.0,1.0,0.0,1.0,0.0,0.0,0.0,0.0,0.0,0.0,0.0,0.0
CO,2007-10-04,12.155040871934604,0.2676646706586826,42.95416013947247,3.370731707317073,20.86341463414634,2.0,0.0,8.0,0.0,0.0,0.0,0.0,4.0,0.0,0.0,0.0,0.0,0.0,1.0,0.0,0.0,0.0,0.0
CO,2007-10-05,13.306793478260868,0.9910642570281124,50.73216956852695,5.974054054054054,20.63070652173913,7.0,0.0,19.0,0.0,1.0,0.0,0.0,1.0,0.0,2.0,0.0,0.0,0.0,2.0,0.0,0.0,0.0,0.0
CO,2007-10-06,11.260354223433245,0.5398348813209495,46.13167919682309,2.8607046070460704,19.555434782608696,9.0,0.0,1.0,0.0,1.0,0.0,0.0,1.0,0.0,4.0,0.0,0.0,0.0,1.0,0.0,0.0,0.0,0.0
CO,2007-10-07,5.533884297520661,0.416905737704918,56.91695794137188,-2.504383561643836,13.526430517711171,2.0,0.0,0.0,2.0,0.0,0.0,0.0,1.0,0.0,1.0,0.0,0.0,0.0,3.0,0.0,0.0,0.0,0.0
CO,2007-10-08,6.048767123287671,0.3372763419483101,53.11451257634952,-3.1242506811989097,15.174114441416894,0.0,0.0,0.0,0.0,0.0,0.0,0.0,1.0,0.0,0.0,0.0,0.0,0.0,0.0,0.0,0.0,0.0,0.0
CO,2007-10-09,9.7042817679558,0.0711133400200601,41.65658671860833,-0.2436813186813186,19.589285714285715,0.0,0.0,3.0,0.0,0.0,0.0,0.0,3.0,0.0,0.0,0.0,0.0,0.0,0.0,0.0,0.0,0.0,0.0
CO,2007-10-10,11.694368131868131,0.1174950298210735,43.38266402859902,2.518904109589041,20.78333333333333,1.0,0.0,7.0,0.0,0.0,0.0,0.0,5.0,0.0,0.0,0.0,0.0,0.0,2.0,0.0,0.0,0.0,0.0
CO,2007-10-11,11.924383561643834,0.0347695390781563,47.5098897765667,2.643324250681199,21.10461956521739,7.0,1.0,0.0,0.0,0.0,0.0,0.0,1.0,0.0,0.0,0.0,0.0,0.0,0.0,0.0,0.0,0.0,0.0
CO,2007-10-12,11.328374655647382,0.0447686116700201,48.39048794838423,2.2346994535519125,20.29071038251366,17.0,2.0,1.0,0.0,0.0,0.0,0.0,3.0,0.0,0.0,0.0,0.0,0.0,0.0,0.0,0.0,0.0,0.0
CO,2007-10-13,8.622651933701658,0.5675204918032787,59.04633679654688,2.024242424242424,15.177747252747253,34.0,3.0,21.0,0.0,6.0,0.0,0.0,5.0,0.0,0.0,2.0,0.0,0.0,4.0,0.0,2.0,0.0,0.0
CO,2007-10-14,5.066208791208791,9.74635761589404,78.55086024326614,0.4060109289617486,9.700546448087431,29.0,2.0,13.0,1.0,1.0,1.0,0.0,0.0,0.0,1.0,3.0,0.0,0.0,7.0,0.0,0.0,0.0,0.0
CO,2007-10-15,4.244141689373297,5.728584729981378,71.31902187392551,-1.5070652173913044,9.918428184281844,13.0,1.0,0.0,0.0,0.0,0.0,0.0,0.0,0.0,0.0,1.0,1.0,0.0,2.0,0.0,0.0,0.0,0.0
CO,2007-10-16,5.606403269754769,0.2797216699801192,61.18503862463016,-1.814945652173913,13.043631436314364,13.0,0.0,2.0,1.0,0.0,0.0,0.0,3.0,0.0,0.0,1.0,0.0,0.0,1.0,0.0,0.0,0.0,0.0
CO,2007-10-17,4.31680216802168,1.338095238095238,63.35977923290488,-2.3354054054054054,10.925945945945946,17.0,3.0,10.0,1.0,1.0,0.0,0.0,2.0,0.0,2.0,0.0,0.0,0.0,4.0,0.0,1.0,0.0,0.0
CO,2007-10-18,2.520980926430518,1.0212301587301589,54.08787401483396,-3.207859078590786,8.218157181571815,4.0,0.0,0.0,1.0,1.0,0.0,0.0,2.0,0.0,4.0,0.0,0.0,0.0,1.0,0.0,0.0,0.0,0.0
CO,2007-10-19,5.591486486486486,0.185336048879837,48.13086626411559,-2.300269541778976,13.421832884097036,0.0,0.0,0.0,0.0,0.0,0.0,0.0,1.0,0.0,2.0,0.0,0.0,0.0,0.0,0.0,0.0,0.0,0.0
CO,2007-10-20,8.330464480874316,0.6335805084745763,41.915446888061226,-0.9709239130434782,17.551226158038148,8.0,2.0,4.0,0.0,0.0,0.0,0.0,3.0,0.0,1.0,1.0,0.0,0.0,3.0,0.0,1.0,0.0,0.0
CO,2007-10-21,1.9313698630136988,3.7288288288288287,67.454894131662,-5.698360655737704,9.493460490463216,19.0,6.0,3.0,1.0,1.0,1.0,0.0,6.0,0.0,1.0,3.0,0.0,0.0,5.0,0.0,5.0,0.0,0.0
CO,2007-10-22,-2.216076294277929,3.218577075098814,60.73842425500709,-9.392119565217392,5.004619565217391,1.0,1.0,0.0,0.0,0.0,0.0,0.0,0.0,0.0,0.0,0.0,0.0,0.0,0.0,0.0,0.0,0.0,0.0
CO,2007-10-23,3.7659891598915993,0.0603061224489795,56.47253853033833,-4.401351351351352,11.886522911051213,0.0,0.0,0.0,0.0,0.0,0.0,0.0,3.0,0.0,0.0,0.0,0.0,0.0,0.0,0.0,0.0,0.0,0.0
CO,2007-10-24,7.900679347826086,0.0236842105263157,49.9828134188177,-1.7547425474254743,17.495121951219513,3.0,0.0,0.0,0.0,0.0,0.0,0.0,1.0,0.0,0.0,1.0,0.0,0.0,0.0,0.0,0.0,0.0,0.0
CO,2007-10-25,9.25989159891599,0.007716049382716,43.36209245426401,-0.7159459459459458,19.176486486486485,0.0,0.0,0.0,0.0,0.0,0.0,0.0,3.0,0.0,0.0,0.0,0.0,0.0,0.0,0.0,0.0,0.0,0.0
CO,2007-10-26,8.820516304347825,0.0130165289256198,46.86856213235089,-0.8696476964769647,18.416486486486487,4.0,0.0,0.0,0.0,0.0,0.0,0.0,2.0,0.0,0.0,0.0,0.0,0.0,0.0,0.0,0.0,0.0,0.0
CO,2007-10-27,6.88958904109589,0.0929303278688524,58.97391212052289,-1.298092643051771,15.017711171662125,8.0,1.0,0.0,0.0,0.0,1.0,0.0,1.0,0.0,0.0,0.0,0.0,0.0,0.0,0.0,0.0,0.0,0.0
CO,2007-10-28,6.904508196721312,0.0097510373443983,53.16306399387191,-1.108695652173913,14.872826086956522,1.0,0.0,0.0,0.0,0.0,0.0,0.0,3.0,0.0,0.0,0.0,0.0,0.0,0.0,0.0,0.0,0.0,0.0
CO,2007-10-29,8.391256830601092,0.044020618556701,47.16074039384063,-0.5310626702997275,17.226975476839236,0.0,0.0,0.0,0.0,0.0,0.0,0.0,1.0,0.0,0.0,0.0,0.0,0.0,0.0,0.0,0.0,0.0,0.0
CO,2007-10-30,8.870844686648502,0.1074150360453141,42.17316081126468,0.7913279132791328,16.86449864498645,4.0,0.0,3.0,0.0,0.0,0.0,0.0,2.0,0.0,0.0,0.0,0.0,0.0,1.0,0.0,0.0,0.0,0.0
CO,2007-10-31,6.155601092896174,0.693974732750243,60.5751775667186,-1.0239782016348775,13.441803278688525,9.0,0.0,0.0,0.0,0.0,1.0,0.0,2.0,0.0,0.0,1.0,0.0,0.0,3.0,0.0,1.0,0.0,0.0
CO,2007-11-01,3.969535519125683,0.0575274177467597,57.99757665374845,-3.403814713896458,11.333695652173914,2.0,0.0,1.0,1.0,0.0,1.0,0.0,3.0,0.0,0.0,0.0,0.0,0.0,0.0,0.0,0.0,0.0,0.0
CO,2007-11-02,3.810190217391305,0.0028513238289205,50.96176194509859,-4.079132791327914,11.707317073170731,0.0,0.0,0.0,0.0,0.0,0.0,0.0,2.0,0.0,0.0,0.0,0.0,0.0,1.0,0.0,0.0,0.0,0.0
CO,2007-11-03,3.6302168021680217,0.0183861082737487,43.10717207950143,-5.074594594594594,12.24932614555256,0.0,0.0,0.0,0.0,0.0,0.0,0.0,2.0,0.0,2.0,0.0,0.0,0.0,0.0,0.0,0.0,0.0,0.0
CO,2007-11-04,6.0793478260869565,0.0207253886010362,36.2277745554353,-3.458265582655826,15.531978319783198,0.0,0.0,0.0,0.0,0.0,0.0,0.0,3.0,0.0,2.0,0.0,0.0,0.0,0.0,0.0,0.0,0.0,0.0
CO,2007-11-05,6.165270270270271,0.0,37.887707988866296,-3.1557951482479782,15.4252688172043,0.0,0.0,0.0,0.0,0.0,0.0,0.0,3.0,0.0,0.0,0.0,0.0,0.0,1.0,0.0,0.0,0.0,0.0
CO,2007-11-06,4.262972972972973,0.0179959100204499,47.939517988039725,-4.740700808625337,13.205660377358493,0.0,0.0,0.0,0.0,0.0,0.0,0.0,2.0,0.0,0.0,0.0,0.0,0.0,0.0,0.0,0.0,0.0,0.0
CO,2007-11-07,5.654904632152588,0.0101729399796541,37.2790920423055,-3.461788617886179,14.767663043478262,0.0,0.0,0.0,0.0,0.0,0.0,0.0,2.0,0.0,1.0,0.0,0.0,0.0,0.0,0.0,0.0,0.0,0.0
CO,2007-11-08,7.133288409703503,0.0278904665314401,34.69335991622142,-2.2153225806451613,16.453763440860214,0.0,0.0,0.0,0.0,0.0,0.0,0.0,3.0,0.0,0.0,0.0,0.0,0.0,0.0,0.0,0.0,0.0,0.0
CO,2007-11-09,6.903369272237197,0.0304568527918781,37.177066635597605,-2.378494623655914,16.081451612903226,0.0,0.0,0.0,0.0,0.0,0.0,0.0,3.0,0.0,0.0,0.0,0.0,0.0,0.0,0.0,0.0,0.0,0.0
CO,2007-11-10,7.743070652173912,0.0103305785123966,39.87644614663939,-0.3297297297297297,15.741891891891893,0.0,0.0,0.0,0.0,0.0,0.0,0.0,5.0,0.0,0.0,0.0,0.0,0.0,0.0,0.0,0.0,0.0,0.0
CO,2007-11-11,7.079098360655737,0.0157291666666666,45.06927856879111,-0.8920980926430518,14.91825613079019,1.0,0.0,0.0,0.0,0.0,0.0,0.0,3.0,0.0,0.0,0.0,0.0,0.0,0.0,0.0,0.0,0.0,0.0
CO,2007-11-12,5.752989130434782,0.0401010101010101,56.66802002684476,-1.164769647696477,12.62059620596206,1.0,0.0,0.0,0.0,0.0,0.0,0.0,4.0,0.0,1.0,0.0,1.0,0.0,1.0,0.0,0.0,0.0,0.0
CO,2007-11-13,5.550804289544235,0.0740927419354838,52.54598693715755,-2.0475935828877003,13.146112600536194,0.0,0.0,0.0,0.0,0.0,0.0,0.0,3.0,0.0,1.0,0.0,0.0,0.0,0.0,0.0,0.0,0.0,0.0
CO,2007-11-14,3.492027027027027,0.1949050949050949,51.52857701413567,-4.518059299191375,11.493800539083557,4.0,0.0,0.0,0.0,0.0,0.0,0.0,2.0,0.0,0.0,0.0,0.0,0.0,0.0,0.0,1.0,0.0,0.0
CO,2007-11-15,1.3413978494623655,0.0670431211498973,45.2584505574808,-7.819034852546917,10.511290322580646,0.0,0.0,0.0,0.0,0.0,0.0,0.0,4.0,0.0,1.0,0.0,0.0,0.0,0.0,0.0,0.0,0.0,0.0
CO,2007-11-16,4.985714285714286,0.0132368148914167,43.66843865440413,-3.418548387096774,13.387061994609166,0.0,0.0,0.0,0.0,0.0,0.0,0.0,3.0,0.0,2.0,0.0,0.0,0.0,0.0,0.0,0.0,0.0,0.0
CO,2007-11-17,5.412702702702703,0.0603141361256544,50.17762731698022,-2.0115902964959567,12.82972972972973,0.0,0.0,0.0,0.0,0.0,0.0,0.0,3.0,0.0,1.0,0.0,0.0,0.0,0.0,0.0,0.0,0.0,0.0
CO,2007-11-18,6.35054054054054,0.0362196409714889,48.79384565321919,-1.1919137466307277,13.882972972972972,0.0,0.0,0.0,0.0,0.0,0.0,0.0,1.0,0.0,1.0,0.0,0.0,0.0,0.0,0.0,0.0,0.0,0.0
CO,2007-11-19,8.308333333333334,0.0158498435870698,36.65073270376294,-0.1879356568364611,16.81236559139785,0.0,0.0,0.0,0.0,0.0,0.0,0.0,2.0,0.0,2.0,0.0,0.0,0.0,0.0,0.0,0.0,0.0,0.0
CO,2007-11-20,5.607723577235772,0.1630977130977131,38.356134612942974,-3.700539083557952,14.937466307277628,15.0,1.0,0.0,0.0,0.0,2.0,0.0,7.0,0.0,0.0,1.0,0.0,0.0,0.0,0.0,1.0,0.0,1.0
CO,2007-11-21,-3.736338797814208,3.466437007874016,64.56872577144287,-10.738315217391303,3.364130434782609,21.0,3.0,0.0,0.0,0.0,0.0,0.0,5.0,0.0,0.0,4.0,0.0,0.0,1.0,0.0,5.0,0.0,2.0
CO,2007-11-22,-7.032054794520548,0.2932754880694143,63.483752146517865,-14.491032608695653,0.4246575342465753,14.0,3.0,0.0,0.0,0.0,1.0,0.0,3.0,0.0,0.0,2.0,0.0,0.0,0.0,0.0,2.0,0.0,1.0
CO,2007-11-23,-7.119696969696969,1.113081081081081,71.05383236992012,-13.216438356164383,-1.012054794520548,21.0,8.0,2.0,1.0,0.0,0.0,0.0,8.0,0.0,0.0,6.0,0.0,0.0,0.0,0.0,6.0,1.0,4.0
CO,2007-11-24,-7.840163934426229,0.8662337662337662,65.38548245005336,-15.4375,-0.2584699453551913,8.0,3.0,0.0,0.0,0.0,0.0,0.0,5.0,0.0,0.0,3.0,0.0,0.0,0.0,0.0,2.0,0.0,2.0
CO,2007-11-25,-3.797814207650273,0.0813391877058177,54.79730571732934,-12.196195652173913,4.577111716621253,3.0,1.0,0.0,0.0,0.0,0.0,0.0,2.0,0.0,0.0,1.0,0.0,0.0,0.0,0.0,0.0,0.0,1.0
CO,2007-11-26,-2.3161246612466124,0.0772578890097932,60.00742360020396,-9.673045822102424,5.0119241192411925,3.0,0.0,0.0,0.0,0.0,0.0,0.0,2.0,0.0,0.0,0.0,0.0,0.0,0.0,0.0,0.0,0.0,0.0
CO,2007-11-27,-1.7695945945945946,0.2006376195536663,51.5104695726066,-9.997304582210242,6.467567567567568,4.0,1.0,0.0,0.0,0.0,0.0,0.0,4.0,0.0,2.0,1.0,0.0,0.0,0.0,0.0,0.0,0.0,1.0
CO,2007-11-28,-3.68692098092643,0.7246673490276356,53.57666213891328,-11.096195652173911,3.688858695652174,10.0,1.0,0.0,0.0,0.0,0.0,0.0,3.0,0.0,2.0,1.0,0.0,0.0,1.0,0.0,3.0,0.0,0.0
CO,2007-11-29,-4.497010869565218,0.232837407013815,53.46027200649108,-12.042276422764228,3.050135501355013,0.0,0.0,0.0,0.0,0.0,0.0,0.0,4.0,0.0,1.0,0.0,0.0,0.0,0.0,0.0,0.0,0.0,0.0
CO,2007-11-30,-1.9857336956521736,2.0814178302900106,61.41826979483779,-8.74810810810811,4.794850948509485,12.0,1.0,0.0,2.0,0.0,0.0,0.0,1.0,0.0,1.0,2.0,0.0,0.0,2.0,0.0,1.0,0.0,0.0
CO,2007-12-01,-1.2637602179836511,7.956714876033058,78.50274836550743,-6.835326086956522,4.280434782608696,26.0,2.0,4.0,3.0,1.0,5.0,0.0,4.0,0.0,7.0,2.0,0.0,0.0,5.0,0.0,2.0,0.0,0.0
CO,2007-12-02,-3.654200542005421,2.383971044467425,65.05069644145567,-10.192702702702704,2.84945945945946,16.0,2.0,0.0,0.0,0.0,0.0,0.0,8.0,0.0,2.0,2.0,0.0,0.0,0.0,0.0,2.0,0.0,1.0
CO,2007-12-03,-1.5148648648648648,0.3326359832635983,54.50856364531644,-9.193261455525606,6.166037735849057,0.0,0.0,0.0,0.0,0.0,0.0,0.0,1.0,0.0,3.0,0.0,0.0,0.0,0.0,0.0,0.0,0.0,0.0
CO,2007-12-04,3.2514824797843667,0.1312693498452012,49.03628167634209,-4.171774193548387,10.662096774193548,2.0,0.0,0.0,0.0,0.0,0.0,0.0,0.0,0.0,5.0,0.0,0.0,0.0,0.0,0.0,0.0,0.0,0.0
CO,2007-12-05,3.0780160857908845,0.413285272914521,60.54233181456323,-3.310991957104558,9.455080213903743,10.0,0.0,0.0,0.0,0.0,0.0,0.0,2.0,0.0,1.0,0.0,0.0,0.0,1.0,0.0,0.0,0.0,0.0
CO,2007-12-06,0.9885026737967916,1.9190427698574333,74.22323051920492,-3.190909090909092,5.167914438502674,19.0,3.0,0.0,0.0,0.0,0.0,0.0,4.0,0.0,1.0,1.0,0.0,0.0,2.0,0.0,0.0,0.0,0.0
CO,2007-12-07,0.4274798927613941,7.585356068204613,83.66616514668266,-2.996514745308311,3.851474530831099,42.0,7.0,1.0,2.0,0.0,10.0,0.0,7.0,0.0,0.0,4.0,2.0,1.0,4.0,0.0,2.0,0.0,2.0
CO,2007-12-08,-3.5787061994609166,6.243634496919918,90.02104098711196,-7.421563342318059,0.2634408602150537,47.0,9.0,1.0,3.0,0.0,11.0,0.0,0.0,0.0,0.0,3.0,1.0,1.0,5.0,2.0,7.0,0.0,3.0
CO,2007-12-09,-8.111382113821138,5.132719836400818,83.91184251686697,-13.690296495956874,-2.5651351351351352,26.0,9.0,0.0,2.0,0.0,2.0,0.0,10.0,0.0,0.0,5.0,0.0,0.0,0.0,0.0,5.0,0.0,5.0
CO,2007-12-10,-6.847849462365591,1.5189160467587672,77.92726429835028,-12.77935656836461,-0.9332439678284185,29.0,8.0,0.0,0.0,0.0,3.0,0.0,2.0,0.0,0.0,3.0,1.0,0.0,3.0,2.0,6.0,2.0,3.0
CO,2007-12-11,-7.030294906166221,4.449397590361445,86.32302307986967,-11.626005361930297,-2.434584450402145,37.0,8.0,0.0,3.0,0.0,3.0,0.0,9.0,0.0,0.0,7.0,0.0,0.0,2.0,0.0,7.0,2.0,3.0
CO,2007-12-12,-8.953234501347708,1.872036474164133,82.44673031033453,-14.49569892473118,-3.442048517520216,39.0,8.0,0.0,0.0,0.0,0.0,0.0,8.0,0.0,0.0,7.0,0.0,0.0,0.0,0.0,3.0,0.0,4.0
CO,2007-12-13,-8.222776280323451,0.1277419354838709,73.81264844600442,-14.817520215633424,-1.6198924731182796,27.0,4.0,0.0,0.0,0.0,0.0,0.0,3.0,0.0,0.0,1.0,0.0,0.0,0.0,0.0,2.0,0.0,1.0
CO,2007-12-14,-10.950681198910084,0.565699481865285,82.6926283326542,-16.58692098092643,-5.331521739130435,41.0,7.0,0.0,2.0,0.0,1.0,0.0,12.0,0.0,0.0,6.0,0.0,0.0,0.0,0.0,6.0,0.0,4.0
CO,2007-12-15,-13.309646739130434,1.2126436781609196,70.85671096770193,-20.47065217391304,-6.171815718157182,14.0,2.0,0.0,0.0,0.0,0.0,0.0,7.0,0.0,1.0,1.0,0.0,0.0,0.0,0.0,0.0,0.0,1.0
CO,2007-12-16,-9.05163043478261,0.1511879049676026,65.0741804043956,-16.229347826086954,-1.863243243243243,4.0,0.0,0.0,0.0,0.0,0.0,0.0,0.0,0.0,0.0,0.0,0.0,0.0,0.0,0.0,0.0,0.0,0.0
CO,2007-12-17,-6.039837398373983,0.1503184713375796,64.47214361675181,-13.781081081081082,1.691891891891892,4.0,0.0,0.0,1.0,0.0,0.0,0.0,3.0,0.0,1.0,0.0,0.0,0.0,0.0,0.0,0.0,0.0,0.0
CO,2007-12-18,-4.404864864864865,0.1069915254237288,63.91196965330008,-11.181891891891892,2.3595687331536386,5.0,0.0,0.0,0.0,0.0,0.0,0.0,1.0,0.0,0.0,1.0,0.0,0.0,0.0,0.0,1.0,0.0,0.0
CO,2007-12-19,-3.534146341463414,0.0879365079365079,67.52979358478059,-9.03,1.936216216216216,11.0,0.0,0.0,0.0,0.0,0.0,0.0,4.0,0.0,2.0,2.0,0.0,0.0,0.0,0.0,1.0,0.0,1.0
CO,2007-12-20,-2.872222222222222,0.3220064724919094,69.26689651996222,-8.940379403794038,3.178108108108108,9.0,1.0,0.0,0.0,0.0,0.0,0.0,4.0,0.0,1.0,2.0,0.0,0.0,0.0,0.0,0.0,0.0,1.0
CO,2007-12-21,-4.811891891891892,0.9395833333333332,70.84141709145833,-11.159729729729731,1.5021563342318058,24.0,7.0,0.0,0.0,0.0,0.0,0.0,7.0,1.0,3.0,5.0,0.0,0.0,0.0,0.0,7.0,2.0,1.0
CO,2007-12-22,-9.723087431693989,1.9453362255965287,69.35150552153029,-16.636612021857925,-2.8384196185286106,10.0,1.0,0.0,0.0,0.0,0.0,0.0,3.0,0.0,4.0,0.0,0.0,0.0,0.0,0.0,3.0,1.0,1.0
CO,2007-12-23,-8.89150684931507,0.491860465116279,66.30286960431353,-14.737808219178085,-3.0452054794520547,8.0,1.0,0.0,0.0,0.0,0.0,0.0,3.0,0.0,2.0,1.0,0.0,0.0,0.0,0.0,0.0,0.0,1.0
CO,2007-12-24,-5.963085399449035,0.4973441108545035,68.46841780375418,-13.453296703296704,1.491780821917808,11.0,2.0,0.0,2.0,0.0,0.0,0.0,3.0,0.0,0.0,2.0,0.0,0.0,0.0,0.0,1.0,1.0,2.0
CO,2007-12-25,-7.530501392757659,1.8834862385321096,77.85372627788097,-14.2974930362117,-0.774585635359116,21.0,6.0,0.0,0.0,0.0,0.0,0.0,6.0,1.0,2.0,4.0,0.0,0.0,1.0,0.0,7.0,1.0,4.0
CO,2007-12-26,-11.475205479452054,2.513236929922136,75.65911742785748,-18.683060109289617,-4.298369565217391,10.0,2.0,0.0,0.0,0.0,0.0,0.0,4.0,0.0,1.0,3.0,0.0,0.0,0.0,0.0,1.0,0.0,1.0
CO,2007-12-27,-13.374659400544958,1.737721238938053,80.5338278590874,-19.024184782608696,-7.689402173913043,29.0,6.0,0.0,0.0,0.0,0.0,0.0,12.0,0.0,0.0,5.0,0.0,0.0,0.0,0.0,7.0,1.0,2.0
CO,2007-12-28,-15.410109289617488,3.136453744493392,72.44442878231862,-22.243989071038254,-8.608695652173912,12.0,2.0,0.0,0.0,0.0,0.0,0.0,7.0,0.0,2.0,2.0,0.0,0.0,0.0,0.0,1.0,0.0,1.0
CO,2007-12-29,-13.369618528610353,0.4839907192575406,66.07942692636708,-19.519073569482288,-7.255555555555556,9.0,0.0,0.0,0.0,0.0,0.0,0.0,3.0,0.0,1.0,1.0,0.0,0.0,0.0,0.0,0.0,0.0,0.0
CO,2007-12-30,-9.581043956043956,0.9330199764982372,65.839807176842,-15.54672131147541,-3.592307692307692,11.0,4.0,0.0,0.0,0.0,0.0,0.0,5.0,1.0,4.0,1.0,0.0,0.0,0.0,0.0,3.0,0.0,0.0
CO,2007-12-31,-11.33853591160221,0.7815154994259471,61.26611107935852,-17.440495867768593,-5.274931129476584,3.0,0.0,0.0,0.0,0.0,0.0,0.0,3.0,0.0,1.0,1.0,0.0,0.0,0.0,0.0,3.0,0.0,0.0
