STATE,DATE,TAVG,PRCP,RH,TMIN,TMAX,WT01,WT02,WT03,WT04,WT05,WT06,WT08,WT09,WT11
NE,2017-01-01,-2.7112179487179486,0.0021333333333333,72.93247949408966,-8.792307692307691,3.369871794871796,4.0,0.0,0.0,3.0,0.0,5.0,0.0,0.0,0.0
NE,2017-01-02,-2.979559748427673,0.0523929471032745,83.4216546915421,-7.728930817610063,1.7698113207547168,59.0,12.0,0.0,0.0,0.0,8.0,5.0,0.0,0.0
NE,2017-01-03,-7.908598726114651,0.2167883211678831,74.12262658341862,-13.347770700636945,-2.4694267515923567,26.0,0.0,0.0,0.0,0.0,4.0,5.0,0.0,0.0
NE,2017-01-04,-12.739666666666666,0.693233082706767,72.4943770910041,-16.162000000000003,-9.317333333333332,15.0,1.0,0.0,0.0,0.0,0.0,11.0,0.0,0.0
NE,2017-01-05,-15.88375796178344,2.100455580865604,76.16203931040275,-19.89171974522293,-11.875796178343949,7.0,0.0,0.0,0.0,0.0,0.0,8.0,1.0,0.0
NE,2017-01-06,-17.72579617834395,0.0911270983213429,68.73137711073932,-24.41910828025478,-11.03248407643312,1.0,0.0,0.0,0.0,0.0,0.0,0.0,0.0,0.0
NE,2017-01-07,-14.975159235668787,0.0,70.49031164096498,-22.26751592356688,-7.6828025477707005,0.0,0.0,0.0,0.0,0.0,0.0,1.0,0.0,0.0
NE,2017-01-08,-10.568987341772152,0.0325520833333333,75.61213184136002,-17.936708860759495,-3.2012658227848103,3.0,0.0,0.0,0.0,0.0,1.0,2.0,0.0,0.0
NE,2017-01-09,-3.507594936708861,0.0590123456790123,75.07621835280528,-10.09240506329114,3.0772151898734177,2.0,0.0,0.0,0.0,0.0,3.0,0.0,0.0,0.0
NE,2017-01-10,-0.9031847133757962,0.400235294117647,72.87055920223399,-7.057324840764331,5.250955414012739,7.0,1.0,0.0,1.0,0.0,13.0,0.0,0.0,0.0
NE,2017-01-11,-3.456818181818182,0.2151898734177215,73.31950224267564,-10.722077922077922,3.80844155844156,12.0,2.0,0.0,0.0,0.0,2.0,8.0,0.0,0.0
NE,2017-01-12,-10.356493506493509,0.6441326530612245,72.94783939244115,-15.58051948051948,-5.132467532467532,4.0,0.0,0.0,0.0,0.0,0.0,2.0,0.0,0.0
NE,2017-01-13,-9.416139240506327,0.0288607594936708,69.47827361295376,-13.816455696202532,-5.015822784810126,2.0,0.0,0.0,0.0,0.0,0.0,0.0,0.0,0.0
NE,2017-01-14,-6.211217948717949,0.0,67.98768353439918,-11.61025641025641,-0.8121794871794872,3.0,0.0,0.0,1.0,0.0,0.0,2.0,0.0,0.0
NE,2017-01-15,-3.093624161073825,0.431283422459893,75.52535697778423,-8.994630872483222,2.8,14.0,0.0,0.0,3.0,0.0,27.0,3.0,0.0,0.0
NE,2017-01-16,-1.669,7.670276497695853,88.255567771099,-4.8806666666666665,1.5426666666666666,18.0,1.0,0.0,9.0,0.0,62.0,2.0,0.0,0.0
NE,2017-01-17,-2.358860759493671,7.186286919831224,79.27092030054605,-7.736075949367088,3.0183544303797465,10.0,0.0,0.0,7.0,0.0,42.0,1.0,0.0,0.0
NE,2017-01-18,0.5619496855345912,0.1101204819277108,77.64053131474795,-6.471698113207547,7.5955974842767295,10.0,1.0,0.0,1.0,0.0,1.0,2.0,0.0,0.0
NE,2017-01-19,2.7452531645569622,0.0295566502463054,84.06783356728049,-3.6208860759493673,9.11139240506329,66.0,15.0,0.0,0.0,0.0,0.0,0.0,0.0,0.0
NE,2017-01-20,2.5288461538461537,0.2618705035971223,90.18520287463876,-1.4064102564102563,6.464102564102564,74.0,15.0,0.0,0.0,0.0,0.0,0.0,0.0,0.0
NE,2017-01-21,2.1445859872611464,0.6211586901763224,81.8589491753477,-2.684076433121019,6.973248407643312,48.0,7.0,0.0,0.0,0.0,0.0,0.0,0.0,0.0
NE,2017-01-22,2.190445859872612,0.006951871657754,79.10174546086905,-4.094904458598726,8.47579617834395,13.0,0.0,0.0,0.0,0.0,0.0,0.0,0.0,0.0
NE,2017-01-23,0.8117088607594937,0.0068292682926829,80.76403018176889,-4.959493670886076,6.582911392405062,32.0,5.0,0.0,0.0,0.0,0.0,2.0,0.0,0.0
NE,2017-01-24,-0.198051948051948,1.5837772397094432,91.48580515235564,-4.196103896103897,3.8,54.0,7.0,0.0,4.0,0.0,9.0,3.0,2.0,1.0
NE,2017-01-25,-4.451307189542483,5.046555819477434,86.3969447202994,-7.181168831168832,-1.70718954248366,28.0,0.0,0.0,4.0,0.0,7.0,12.0,1.0,1.0
NE,2017-01-26,-6.23312101910828,0.4310588235294117,76.03052078063007,-9.753503184713376,-2.7127388535031844,0.0,0.0,0.0,0.0,0.0,0.0,1.0,0.0,0.0
NE,2017-01-27,-5.386075949367089,0.0084745762711864,70.28662850872279,-10.700632911392406,-0.0715189873417721,0.0,0.0,0.0,0.0,0.0,0.0,1.0,0.0,0.0
NE,2017-01-28,-1.9009554140127387,0.060621761658031,70.31410946960557,-7.11656050955414,3.314649681528662,1.0,0.0,0.0,0.0,0.0,0.0,1.0,0.0,0.0
NE,2017-01-29,1.9981132075471697,0.0044736842105263,68.663348759401,-2.479874213836478,6.476100628930818,0.0,0.0,0.0,0.0,0.0,0.0,0.0,0.0,0.0
NE,2017-01-30,4.112893081761007,0.0,61.68125404417767,-2.055345911949685,10.281132075471698,0.0,0.0,0.0,0.0,0.0,0.0,0.0,0.0,0.0
NE,2017-01-31,3.838607594936709,0.0100250626566416,66.19226114164714,-2.7563291139240507,10.433544303797468,7.0,1.0,0.0,0.0,0.0,0.0,0.0,0.0,0.0
NE,2017-02-01,-1.2544585987261143,0.1739759036144578,78.83929323251193,-6.152229299363057,3.643312101910828,10.0,1.0,0.0,0.0,0.0,0.0,4.0,0.0,0.0
NE,2017-02-02,-7.565666666666666,0.2216748768472906,71.14645199383126,-11.256,-3.875333333333333,11.0,0.0,0.0,0.0,0.0,0.0,5.0,0.0,0.0
NE,2017-02-03,-8.793708609271523,0.8526806526806527,75.47709374367311,-13.66225165562914,-3.925165562913908,14.0,2.0,0.0,0.0,0.0,1.0,4.0,0.0,0.0
NE,2017-02-04,-3.042356687898089,0.0360406091370558,63.99929036285025,-10.092993630573249,4.00828025477707,2.0,0.0,0.0,0.0,0.0,0.0,1.0,0.0,0.0
NE,2017-02-05,1.5740506329113926,0.0,67.8045903227416,-7.110126582278482,10.258227848101264,3.0,0.0,0.0,0.0,0.0,0.0,1.0,0.0,0.0
NE,2017-02-06,2.185126582278481,0.0,71.46300083247984,-5.085443037974684,9.455696202531646,27.0,6.0,0.0,0.0,0.0,0.0,4.0,0.0,0.0
NE,2017-02-07,0.6703821656050957,0.1583535108958838,79.56985574612911,-6.338216560509554,7.678980891719744,37.0,5.0,0.0,0.0,0.0,0.0,6.0,0.0,0.0
NE,2017-02-08,-7.273701298701299,2.331934731934732,73.77043599936697,-12.31233766233766,-2.238709677419355,10.0,1.0,0.0,1.0,0.0,0.0,6.0,1.0,0.0
NE,2017-02-09,-6.204430379746835,0.1009975062344139,66.92810236543771,-12.720886075949368,0.2962264150943395,0.0,0.0,0.0,0.0,0.0,0.0,0.0,0.0,0.0
NE,2017-02-10,2.8550632911392406,0.0,56.63299824162616,-6.033544303797468,11.715094339622642,0.0,0.0,0.0,0.0,0.0,0.0,0.0,0.0,0.0
NE,2017-02-11,8.387579617834394,0.0511999999999999,71.10609305954205,-0.0490445859872611,16.824203821656052,2.0,0.0,0.0,0.0,0.0,0.0,0.0,0.0,0.0
NE,2017-02-12,3.572151898734177,0.0759162303664921,61.55895388552492,-3.750632911392405,10.89493670886076,1.0,0.0,0.0,0.0,0.0,0.0,0.0,0.0,0.0
NE,2017-02-13,2.347770700636943,0.0,52.93908479142932,-4.8630573248407645,9.55859872611465,0.0,0.0,0.0,0.0,0.0,0.0,1.0,0.0,0.0
NE,2017-02-14,3.304193548387097,0.0,62.76077099847242,-3.894230769230769,10.506451612903223,0.0,0.0,0.0,0.0,0.0,0.0,0.0,0.0,0.0
NE,2017-02-15,3.845886075949367,0.0,60.4178016962961,-4.889240506329114,12.581012658227849,0.0,0.0,0.0,0.0,0.0,0.0,0.0,0.0,0.0
NE,2017-02-16,7.574203821656051,0.0,45.72268042294457,-2.914012738853504,18.062420382165605,0.0,0.0,0.0,0.0,0.0,0.0,1.0,0.0,0.0
NE,2017-02-17,10.218471337579617,0.0,43.64365449825601,-0.6292993630573248,21.06624203821656,0.0,0.0,0.0,0.0,0.0,0.0,1.0,0.0,0.0
NE,2017-02-18,8.821337579617834,0.0,55.8631030970962,-1.5573248407643312,19.2,1.0,0.0,0.0,0.0,0.0,0.0,1.0,0.0,0.0
NE,2017-02-19,9.748051948051948,0.0113888888888888,61.65924293613112,0.7928571428571428,18.70324675324676,12.0,1.0,3.0,0.0,0.0,0.0,1.0,0.0,0.0
NE,2017-02-20,11.230891719745223,0.6,66.95447384092674,3.6350318471337584,18.82675159235669,21.0,1.0,3.0,0.0,0.0,0.0,1.0,0.0,0.0
NE,2017-02-21,9.555732484076431,0.1319612590799031,50.22490649311534,-0.0598726114649681,19.17133757961784,11.0,2.0,0.0,0.0,0.0,0.0,1.0,0.0,0.0
NE,2017-02-22,11.335031847133758,0.0030075187969924,44.2927466605592,0.9656050955414012,21.70445859872612,3.0,0.0,0.0,0.0,0.0,0.0,2.0,0.0,0.0
NE,2017-02-23,6.383881578947369,1.6564231738035264,77.7741909345822,-1.5269736842105264,14.294736842105264,25.0,4.0,6.0,6.0,1.0,6.0,1.0,0.0,1.0
NE,2017-02-24,-3.8254966887417217,8.24337899543379,87.3618062333147,-7.330463576158941,-0.2927631578947369,24.0,3.0,11.0,10.0,5.0,11.0,14.0,3.0,0.0
NE,2017-02-25,-8.07246835443038,1.112121212121212,74.49469354005963,-14.177848101265822,-1.9670886075949368,4.0,3.0,0.0,0.0,0.0,0.0,2.0,0.0,0.0
NE,2017-02-26,-4.832278481012659,0.0195372750642673,62.80440248793776,-11.599367088607597,1.9348101265822784,0.0,0.0,0.0,0.0,0.0,0.0,0.0,0.0,0.0
NE,2017-02-27,-1.5876582278481013,0.0217703349282296,64.82195713148762,-9.537974683544304,6.362658227848101,4.0,0.0,0.0,0.0,0.0,0.0,0.0,0.0,0.0
NE,2017-02-28,1.2528481012658228,0.0110294117647058,72.25813975542476,-6.011392405063291,8.517088607594937,18.0,4.0,0.0,0.0,0.0,0.0,5.0,0.0,0.0
NE,2017-03-01,0.0176100628930817,0.1088942307692307,65.17791198195933,-5.3698113207547165,5.40503144654088,2.0,0.0,0.0,0.0,0.0,0.0,0.0,0.0,0.0
NE,2017-03-02,-0.4037735849056603,0.0,62.80803136647007,-6.5251572327044025,5.7176100628930815,0.0,0.0,0.0,0.0,0.0,0.0,0.0,0.0,0.0
NE,2017-03-03,1.369620253164557,0.0,58.16124481560781,-6.44493670886076,9.184177215189871,1.0,0.0,0.0,0.0,0.0,0.0,0.0,0.0,0.0
NE,2017-03-04,5.48474025974026,0.0,48.86245858518319,-5.408441558441559,16.377922077922076,0.0,0.0,0.0,0.0,0.0,0.0,0.0,0.0,0.0
NE,2017-03-05,9.809615384615384,0.0,55.40690450458981,-0.8230769230769232,20.442307692307693,9.0,3.0,0.0,0.0,0.0,0.0,0.0,0.0,0.0
NE,2017-03-06,11.08312101910828,0.0367245657568238,52.98870819816514,2.5012738853503182,19.664968152866244,4.0,1.0,4.0,0.0,1.0,0.0,5.0,0.0,3.0
NE,2017-03-07,6.144936708860759,1.0935334872979214,43.10855507820556,-2.939873417721519,15.22974683544304,1.0,0.0,5.0,0.0,6.0,0.0,3.0,0.0,12.0
NE,2017-03-08,4.045886075949367,0.0068627450980392,40.61660932849431,-4.581012658227848,12.672784810126585,0.0,0.0,0.0,1.0,0.0,0.0,2.0,0.0,8.0
NE,2017-03-09,5.0585443037974684,0.0,48.17323710547717,-4.219620253164558,14.336708860759492,0.0,0.0,0.0,0.0,0.0,0.0,1.0,0.0,2.0
NE,2017-03-10,0.8073717948717949,0.0105527638190954,62.63832592103572,-7.516025641025641,9.130769230769232,1.0,0.0,0.0,0.0,0.0,0.0,0.0,0.0,1.0
NE,2017-03-11,-1.6738853503184714,0.2428934010152284,60.24934304955601,-6.4796178343949045,3.1318471337579616,5.0,0.0,0.0,3.0,0.0,6.0,1.0,0.0,1.0
NE,2017-03-12,0.1159235668789808,0.1648989898989898,68.32419189337743,-5.856687898089172,6.088535031847133,6.0,0.0,0.0,3.0,0.0,2.0,0.0,0.0,0.0
NE,2017-03-13,-1.3259615384615384,0.2364678899082568,72.75028146335504,-9.143589743589745,6.531847133757962,9.0,0.0,0.0,1.0,0.0,6.0,2.0,0.0,1.0
NE,2017-03-14,-2.852597402597403,0.4218009478672986,67.45688197005774,-7.977922077922077,2.272727272727273,9.0,0.0,0.0,0.0,0.0,0.0,6.0,0.0,0.0
NE,2017-03-15,1.2091503267973855,0.2212616822429906,59.614878977101256,-5.576470588235295,7.994771241830065,5.0,0.0,0.0,1.0,0.0,1.0,6.0,0.0,0.0
NE,2017-03-16,7.562101910828026,0.0,47.95570705015468,-2.742675159235669,17.86687898089172,3.0,0.0,0.0,0.0,0.0,0.0,4.0,0.0,0.0
NE,2017-03-17,10.931528662420382,0.0012437810945273,52.71947862556967,0.1891719745222929,21.67388535031847,1.0,0.0,0.0,0.0,0.0,0.0,3.0,0.0,1.0
NE,2017-03-18,8.827215189873417,0.0,46.79201533677094,-1.4924050632911394,19.14683544303797,0.0,0.0,0.0,0.0,0.0,0.0,2.0,0.0,0.0
NE,2017-03-19,12.685031847133756,0.0,39.42775641405819,2.029936305732484,23.34012738853503,1.0,0.0,0.0,0.0,0.0,0.0,0.0,0.0,0.0
NE,2017-03-20,14.431528662420382,0.0371084337349397,49.77559170063994,3.889171974522293,24.99493670886076,0.0,0.0,0.0,0.0,0.0,0.0,0.0,0.0,1.0
NE,2017-03-21,8.976602564102564,0.7199052132701422,57.45907534259401,2.1178343949044587,15.853846153846153,5.0,0.0,0.0,1.0,0.0,0.0,1.0,0.0,0.0
NE,2017-03-22,5.787974683544304,0.3433106575963719,57.26117740479198,-0.2569620253164557,11.810691823899372,0.0,0.0,0.0,6.0,0.0,0.0,0.0,0.0,1.0
NE,2017-03-23,9.271202531645567,0.6715328467153284,57.12890027846529,1.7316455696202533,16.810759493670886,20.0,1.0,22.0,2.0,2.0,0.0,9.0,0.0,1.0
NE,2017-03-24,11.944654088050315,8.732792207792206,77.24500169939382,4.176100628930818,19.71320754716981,22.0,0.0,25.0,1.0,6.0,0.0,2.0,0.0,4.0
NE,2017-03-25,5.8943396226415095,8.196641791044776,79.38164349560492,0.1861635220125786,11.60625,34.0,3.0,2.0,0.0,0.0,0.0,0.0,0.0,1.0
NE,2017-03-26,6.311006289308176,1.2831556503198294,82.28712927048944,1.530188679245283,11.091823899371068,41.0,1.0,0.0,0.0,0.0,0.0,2.0,0.0,0.0
NE,2017-03-27,6.84685534591195,0.6602739726027397,77.40891721392673,0.989937106918239,12.703773584905662,38.0,8.0,1.0,0.0,0.0,0.0,3.0,0.0,0.0
NE,2017-03-28,7.624691358024692,2.8192229038854806,82.45346045730277,1.5771604938271604,13.672222222222222,50.0,7.0,2.0,0.0,0.0,0.0,2.0,0.0,0.0
NE,2017-03-29,6.411490683229814,11.33922967189729,88.89433513431463,3.1472049689440995,9.675776397515529,36.0,0.0,3.0,0.0,0.0,0.0,0.0,0.0,1.0
NE,2017-03-30,5.255555555555556,12.417565485362095,86.27404311725007,1.5635802469135802,8.947530864197532,25.0,1.0,4.0,0.0,0.0,0.0,1.0,0.0,0.0
NE,2017-03-31,5.6293750000000005,1.346588693957115,84.81322704195416,2.1975,9.06125,21.0,1.0,0.0,0.0,0.0,0.0,0.0,0.0,0.0
NE,2017-04-01,5.620253164556962,1.2450765864332605,83.1967629885239,2.404430379746836,8.836075949367087,23.0,1.0,2.0,0.0,0.0,0.0,0.0,0.0,0.0
NE,2017-04-02,7.30126582278481,2.3867924528301887,79.52398619971815,2.5126582278481013,12.08987341772152,37.0,7.0,0.0,0.0,0.0,0.0,4.0,0.0,0.0
NE,2017-04-03,8.875,1.5600760456273766,83.67508754699196,2.920253164556962,14.837735849056603,53.0,10.0,2.0,0.0,0.0,0.0,1.0,1.0,0.0
NE,2017-04-04,7.09620253164557,2.7339449541284404,77.78424820435869,1.7670886075949366,12.425316455696205,12.0,0.0,1.0,0.0,0.0,0.0,0.0,0.0,0.0
NE,2017-04-05,6.922812500000001,0.7434689507494646,61.24968594146844,0.880625,12.965,2.0,0.0,2.0,0.0,1.0,0.0,0.0,0.0,0.0
NE,2017-04-06,6.9015625,0.2348993288590604,57.57290137883668,-1.051875,14.855,2.0,0.0,2.0,0.0,2.0,0.0,2.0,0.0,0.0
NE,2017-04-07,9.405732484076433,0.0041570438799076,50.03378913670962,0.4808917197452229,18.250625,0.0,0.0,0.0,0.0,0.0,0.0,2.0,0.0,0.0
NE,2017-04-08,13.875477707006368,0.02475,52.7981523704612,4.559235668789809,23.1753164556962,1.0,0.0,2.0,0.0,0.0,0.0,2.0,0.0,0.0
NE,2017-04-09,15.197452229299364,0.7494199535962877,65.50884082997999,6.752866242038217,23.61518987341772,14.0,3.0,27.0,0.0,2.0,0.0,5.0,0.0,1.0
NE,2017-04-10,9.252229299363057,3.161513687600644,70.90750130444411,1.281528662420382,17.28553459119497,12.0,0.0,27.0,2.0,9.0,0.0,2.0,0.0,4.0
NE,2017-04-11,5.631562499999999,0.1962800875273523,60.28076999461928,-2.698125,13.96125,3.0,0.0,0.0,0.0,0.0,0.0,5.0,0.0,0.0
NE,2017-04-12,10.6728125,0.1085526315789473,55.622033366812026,1.19,20.155625,5.0,0.0,9.0,0.0,0.0,0.0,9.0,0.0,0.0
NE,2017-04-13,13.54367088607595,1.048828125,70.43446525430517,4.593670886075949,22.481761006289307,58.0,12.0,9.0,0.0,1.0,0.0,14.0,0.0,0.0
NE,2017-04-14,15.993949044585989,2.8364814814814814,73.10960784631975,8.280891719745222,23.690506329113923,35.0,0.0,31.0,0.0,2.0,0.0,3.0,0.0,1.0
NE,2017-04-15,16.737579617834395,8.937222222222223,63.48463470439944,9.619108280254776,23.80696202531645,8.0,0.0,39.0,0.0,6.0,0.0,0.0,0.0,0.0
NE,2017-04-16,13.438853503184712,0.7573732718894008,56.5254545108183,4.687898089171974,22.162025316455697,5.0,1.0,7.0,0.0,3.0,0.0,0.0,0.0,1.0
NE,2017-04-17,12.880322580645162,0.4280876494023904,63.43468404786618,4.7198717948717945,21.01847133757962,2.0,0.0,4.0,0.0,0.0,0.0,0.0,0.0,0.0
NE,2017-04-18,14.55700636942675,2.06588693957115,64.25442048461967,7.239490445859872,21.854088050314463,13.0,0.0,25.0,0.0,0.0,0.0,2.0,0.0,0.0
NE,2017-04-19,15.022115384615384,5.596206896551725,67.88577858542587,8.284615384615385,21.744585987261143,15.0,0.0,41.0,1.0,6.0,0.0,0.0,0.0,0.0
NE,2017-04-20,11.783333333333331,2.4645756457564576,62.73663965734088,4.302564102564103,19.26410256410256,1.0,0.0,14.0,0.0,2.0,0.0,0.0,0.0,0.0
NE,2017-04-21,10.259177215189874,0.4315240083507307,68.55075402231886,3.714556962025316,16.803797468354432,7.0,0.0,0.0,0.0,0.0,0.0,0.0,0.0,0.0
NE,2017-04-22,8.411858974358974,1.020185614849188,61.965288119169934,1.914102564102564,14.909615384615384,4.0,0.0,0.0,0.0,0.0,0.0,2.0,0.0,0.0
NE,2017-04-23,10.753481012658227,0.0,48.125677329524734,1.7930379746835443,19.69496855345912,0.0,0.0,0.0,0.0,0.0,0.0,0.0,0.0,1.0
NE,2017-04-24,13.546226415094338,0.1928571428571428,47.2173642973963,5.382389937106918,21.71006289308176,2.0,0.0,7.0,0.0,1.0,0.0,0.0,0.0,0.0
NE,2017-04-25,10.971069182389936,4.164951768488746,74.68165886707803,3.816981132075472,18.133125,20.0,0.0,15.0,0.0,1.0,0.0,2.0,0.0,0.0
NE,2017-04-26,4.336956521739131,2.363265306122449,77.22494794296675,-0.4596273291925465,9.133540372670808,6.0,0.0,1.0,0.0,0.0,0.0,0.0,0.0,0.0
NE,2017-04-27,4.345031055900621,0.6782426778242677,72.4818220108124,-1.8198757763975155,10.509937888198758,9.0,0.0,1.0,0.0,0.0,0.0,0.0,0.0,0.0
NE,2017-04-28,5.314285714285714,14.647960618846696,84.57591202495796,-0.0751552795031056,10.703726708074534,24.0,2.0,4.0,1.0,0.0,1.0,0.0,0.0,0.0
NE,2017-04-29,3.85375,6.005405405405406,75.34543117591457,1.130625,6.576874999999999,9.0,0.0,0.0,0.0,0.0,1.0,0.0,0.0,0.0
NE,2017-04-30,4.366352201257862,11.49199318568995,74.24060424659285,0.8339622641509433,7.8987421383647805,13.0,1.0,13.0,2.0,1.0,0.0,0.0,0.0,2.0
NE,2017-05-01,5.4240625,22.00977777777777,69.82589882330538,0.270625,10.546583850931675,11.0,0.0,8.0,2.0,1.0,0.0,0.0,0.0,1.0
NE,2017-05-02,9.023270440251572,0.5971223021582733,65.56840624971201,2.154716981132076,15.848125,3.0,0.0,1.0,0.0,0.0,0.0,0.0,0.0,0.0
NE,2017-05-03,9.68993710691824,0.5118260869565218,71.81147476248383,3.758490566037736,15.579375,9.0,0.0,9.0,0.0,1.0,0.0,0.0,0.0,0.0
NE,2017-05-04,10.074528301886792,2.86224,59.29834701744074,2.138364779874214,17.974375000000002,6.0,2.0,10.0,0.0,4.0,0.0,2.0,0.0,0.0
NE,2017-05-05,12.939873417721518,0.0040229885057471,50.08632138712986,3.172151898734177,22.66981132075472,1.0,0.0,0.0,0.0,0.0,0.0,2.0,0.0,0.0
NE,2017-05-06,16.439873417721518,0.005857740585774,45.93005712666298,6.112658227848101,26.71069182389937,0.0,0.0,0.0,0.0,0.0,0.0,0.0,0.0,0.0
NE,2017-05-07,19.35158227848101,0.0113131313131313,47.022299426088736,9.881645569620252,28.762264150943395,0.0,0.0,4.0,0.0,0.0,0.0,0.0,0.0,0.0
NE,2017-05-08,20.708227848101263,0.4430879712746858,54.95192157763506,12.625316455696202,28.746540880503144,1.0,0.0,14.0,0.0,0.0,0.0,0.0,0.0,0.0
NE,2017-05-09,18.6876582278481,4.448019801980198,66.91004167770865,11.562658227848102,25.77987421383648,9.0,0.0,23.0,0.0,0.0,0.0,2.0,0.0,0.0
NE,2017-05-10,15.39496855345912,11.074401008827238,79.43322530426899,10.1,20.68993710691824,27.0,0.0,46.0,0.0,1.0,0.0,0.0,0.0,0.0
NE,2017-05-11,12.911783439490446,1.945151953690304,70.11450198542825,7.618987341772152,18.156050955414013,7.0,1.0,6.0,0.0,0.0,0.0,1.0,0.0,0.0
NE,2017-05-12,13.82643312101911,0.2637853949329359,54.10269623166656,5.724203821656051,21.928662420382167,0.0,0.0,1.0,0.0,0.0,0.0,0.0,0.0,0.0
NE,2017-05-13,16.305732484076433,0.0007861635220125,48.8397744909468,7.466242038216561,25.145222929936303,0.0,0.0,3.0,0.0,0.0,0.0,0.0,0.0,0.0
NE,2017-05-14,18.69936305732484,0.202496328928047,54.17830840763961,10.627388535031848,26.771337579617835,0.0,0.0,5.0,0.0,1.0,0.0,0.0,0.0,0.0
NE,2017-05-15,20.11464968152866,0.912,62.84857035099464,12.547770700636942,27.681528662420384,5.0,0.0,25.0,0.0,1.0,0.0,3.0,0.0,1.0
NE,2017-05-16,20.36751592356688,6.813868613138686,64.03384019780468,13.00063694267516,27.75253164556962,16.0,1.0,60.0,0.0,11.0,0.0,1.0,0.0,1.0
NE,2017-05-17,17.437974683544304,25.45221843003413,83.2607393395287,11.00253164556962,23.86981132075472,15.0,0.0,68.0,0.0,11.0,0.0,2.0,0.0,2.0
NE,2017-05-18,11.800641025641026,11.335764705882353,84.99215136553303,7.728205128205127,15.873076923076924,19.0,1.0,31.0,0.0,3.0,0.0,0.0,0.0,1.0
NE,2017-05-19,8.547770700636942,15.818319719953324,91.99870391883437,6.426751592356688,10.668789808917197,28.0,0.0,31.0,0.0,1.0,0.0,2.0,0.0,0.0
NE,2017-05-20,6.687898089171974,25.94309723889556,89.63526945422578,3.6841772151898735,9.678980891719744,24.0,0.0,20.0,0.0,1.0,0.0,2.0,0.0,0.0
NE,2017-05-21,7.965705128205129,3.184141546526868,69.26735063818437,2.1,13.831410256410257,4.0,1.0,5.0,0.0,1.0,0.0,0.0,0.0,0.0
NE,2017-05-22,12.338535031847137,0.6461852861035422,66.72697653232356,5.054777070063694,19.622292993630573,6.0,0.0,16.0,0.0,3.0,0.0,1.0,0.0,0.0
NE,2017-05-23,11.934615384615384,2.450700636942675,71.84288789342254,5.706410256410257,18.16282051282052,1.0,0.0,11.0,0.0,1.0,0.0,0.0,0.0,0.0
NE,2017-05-24,10.841883116883118,0.3794520547945205,66.16811824445739,3.770779220779221,17.908387096774195,0.0,0.0,0.0,0.0,0.0,0.0,2.0,0.0,0.0
NE,2017-05-25,14.776948051948052,0.0862165963431786,60.79040942523858,7.200649350649352,22.319230769230767,1.0,0.0,12.0,0.0,0.0,0.0,0.0,0.0,0.0
NE,2017-05-26,16.36830065359477,1.0812920592193809,62.87307085072113,9.270588235294118,23.48967741935484,5.0,0.0,10.0,0.0,1.0,0.0,0.0,0.0,0.0
NE,2017-05-27,16.503548387096775,5.539107611548556,69.07221778519698,10.508387096774191,22.49870967741936,12.0,0.0,25.0,0.0,1.0,0.0,0.0,0.0,0.0
NE,2017-05-28,15.593831168831167,1.8463703703703704,58.73716516180334,8.72857142857143,22.459090909090907,2.0,0.0,9.0,0.0,2.0,0.0,1.0,0.0,0.0
NE,2017-05-29,16.34090909090909,0.3097709923664122,53.30106075307645,8.46883116883117,24.171612903225807,0.0,0.0,2.0,0.0,0.0,0.0,1.0,0.0,0.0
NE,2017-05-30,15.084294871794873,0.0462848297213622,48.11277597231653,6.276923076923077,23.89171974522293,0.0,0.0,0.0,0.0,0.0,0.0,3.0,0.0,0.0
NE,2017-05-31,16.15258064516129,0.1227929373996789,50.533676283741926,7.205161290322581,25.110256410256408,0.0,0.0,18.0,0.0,1.0,0.0,0.0,0.0,0.0
NE,2017-06-01,18.13026315789474,1.9949742268041235,61.46804317882906,10.042763157894736,26.217763157894737,1.0,0.0,15.0,0.0,0.0,0.0,0.0,0.0,0.0
NE,2017-06-02,21.40974025974026,0.5148993288590604,60.83342554130514,13.883766233766233,28.935714285714287,2.0,0.0,7.0,0.0,0.0,0.0,0.0,0.0,0.0
NE,2017-06-03,21.773333333333333,1.4077852348993287,62.94213129244248,14.036,29.51066666666667,0.0,0.0,8.0,0.0,1.0,0.0,1.0,0.0,0.0
NE,2017-06-04,21.21143790849673,0.6148648648648649,57.52801595308235,13.09281045751634,29.330065359477125,1.0,0.0,4.0,0.0,1.0,0.0,2.0,0.0,0.0
NE,2017-06-05,22.837096774193547,0.0932876712328767,51.62231173624552,14.27935483870968,31.39483870967742,3.0,0.0,6.0,0.0,0.0,0.0,1.0,0.0,0.0
NE,2017-06-06,22.90324675324675,0.7934491978609626,57.38479419502837,15.597402597402596,30.209090909090907,1.0,0.0,24.0,0.0,1.0,0.0,2.0,0.0,0.0
NE,2017-06-07,20.677597402597403,1.4515151515151516,61.70642669891392,13.86168831168831,27.49350649350649,8.0,3.0,6.0,0.0,3.0,0.0,1.0,0.0,0.0
NE,2017-06-08,21.571103896103896,1.373342175066313,55.71121542875261,13.994805194805194,29.1474025974026,3.0,0.0,11.0,0.0,2.0,0.0,0.0,0.0,0.0
NE,2017-06-09,23.19869281045752,0.2123809523809523,53.19927172751864,15.462745098039218,30.934640522875817,1.0,0.0,1.0,0.0,0.0,0.0,0.0,0.0,0.0
NE,2017-06-10,24.57532894736842,0.0024657534246575,56.82093390097604,17.04407894736842,32.10657894736842,0.0,0.0,0.0,0.0,0.0,0.0,0.0,0.0,0.0
NE,2017-06-11,25.24803921568628,0.0079343365253077,62.246765511725286,18.82875816993464,31.66732026143791,0.0,0.0,1.0,0.0,0.0,0.0,0.0,0.0,0.0
NE,2017-06-12,25.24383116883117,1.4403743315508022,67.64491150936958,19.30454545454545,31.18311688311688,13.0,0.0,16.0,0.0,3.0,0.0,3.0,0.0,0.0
NE,2017-06-13,24.40728476821192,4.4162303664921465,58.21760515531176,17.64105960264901,31.176973684210523,3.0,0.0,31.0,0.0,5.0,0.0,0.0,0.0,1.0
NE,2017-06-14,22.39309210526316,9.757356608478805,52.41865889088748,13.721710526315787,31.06447368421053,2.0,0.0,41.0,0.0,18.0,0.0,1.0,0.0,8.0
NE,2017-06-15,21.55032894736842,0.817983651226158,49.83480075402055,12.307236842105263,30.793421052631583,0.0,0.0,5.0,0.0,0.0,0.0,0.0,0.0,0.0
NE,2017-06-16,23.530065359477124,1.657972972972973,53.48721226875985,14.512418300653597,32.547712418300655,5.0,0.0,17.0,0.0,1.0,0.0,2.0,0.0,0.0
NE,2017-06-17,22.365666666666662,7.271171171171171,69.47505134439554,14.43046357615894,30.267333333333337,17.0,2.0,20.0,0.0,10.0,0.0,1.0,0.0,4.0
NE,2017-06-18,18.642617449664428,0.3796769851951548,56.20674231986738,10.848666666666666,26.401342281879195,0.0,0.0,2.0,0.0,0.0,0.0,1.0,0.0,0.0
NE,2017-06-19,20.50562913907285,0.1290055248618784,47.77796747859851,12.845394736842104,28.158278145695363,0.0,0.0,0.0,0.0,0.0,0.0,2.0,0.0,0.0
NE,2017-06-20,21.94403973509933,0.0710562414266118,47.751708262366165,12.525827814569537,31.360526315789475,0.0,0.0,1.0,0.0,0.0,0.0,1.0,0.0,0.0
NE,2017-06-21,25.750993377483443,0.3413934426229508,49.06896920496851,16.417880794701986,35.07236842105263,1.0,0.0,8.0,0.0,1.0,0.0,3.0,0.0,1.0
NE,2017-06-22,26.101960784313725,0.5045883940620782,52.24993099199165,18.31764705882353,33.886274509803926,1.0,0.0,7.0,0.0,1.0,0.0,1.0,0.0,0.0
NE,2017-06-23,20.1875,1.523451910408432,57.03203094815902,12.60065789473684,27.774342105263155,2.0,0.0,12.0,0.0,1.0,0.0,1.0,0.0,0.0
NE,2017-06-24,16.215686274509803,0.0581589958158995,47.67781787820479,8.099346405228758,24.33202614379085,0.0,0.0,0.0,0.0,0.0,0.0,0.0,0.0,0.0
NE,2017-06-25,16.937581699346403,0.1276773296244784,49.5906212795176,8.82483660130719,25.05032679738562,0.0,0.0,1.0,0.0,0.0,0.0,2.0,0.0,0.0
NE,2017-06-26,17.749025974025972,0.7650265957446808,60.63812766562628,10.47077922077922,25.027272727272727,11.0,4.0,20.0,0.0,0.0,0.0,0.0,0.0,0.0
NE,2017-06-27,19.66006493506493,1.99868073878628,63.9986045035537,11.70974025974026,27.61038961038961,32.0,5.0,37.0,0.0,0.0,0.0,5.0,0.0,0.0
NE,2017-06-28,22.146129032258067,12.265138721351024,61.44240699276448,13.667741935483871,30.62451612903226,10.0,0.0,58.0,0.0,5.0,0.0,0.0,0.0,4.0
NE,2017-06-29,22.883986928104576,3.663221476510067,62.66986946386128,15.227450980392158,30.54415584415585,6.0,0.0,35.0,0.0,7.0,0.0,1.0,0.0,3.0
NE,2017-06-30,20.34774193548387,3.6483779971791255,66.2701479068997,12.91741935483871,27.778064516129035,7.0,0.0,26.0,0.0,4.0,0.0,1.0,0.0,2.0
NE,2017-07-01,19.154140127388533,0.8901464713715047,58.855810829009926,10.539873417721518,27.782802547770697,1.0,0.0,7.0,0.0,0.0,0.0,0.0,0.0,0.0
NE,2017-07-02,22.946153846153845,1.1997304582210244,58.68034609640474,14.300641025641026,31.59166666666667,4.0,0.0,36.0,0.0,4.0,0.0,3.0,0.0,1.0
NE,2017-07-03,24.276298701298703,5.811847133757962,64.79676524183209,16.445454545454545,32.12628205128205,7.0,0.0,38.0,0.0,5.0,0.0,3.0,0.0,4.0
NE,2017-07-04,24.08397435897436,1.9247043363994745,65.3105341724092,16.23076923076923,31.937179487179485,16.0,1.0,13.0,0.0,3.0,0.0,5.0,0.0,1.0
NE,2017-07-05,24.654516129032256,0.9567024128686328,60.754777684540606,16.514193548387095,32.79483870967742,20.0,1.0,2.0,0.0,0.0,0.0,4.0,0.0,0.0
NE,2017-07-06,26.1883870967742,0.4563417890520694,53.41416959743052,17.664102564102564,34.707692307692305,3.0,0.0,17.0,0.0,0.0,0.0,0.0,0.0,0.0
NE,2017-07-07,25.74294871794872,0.6005256241787122,58.58848341013965,17.361538461538462,34.1493670886076,2.0,0.0,13.0,0.0,1.0,0.0,4.0,0.0,1.0
NE,2017-07-08,23.15705128205128,0.9764550264550264,59.312753607011,15.1974358974359,31.15886075949368,1.0,0.0,9.0,0.0,3.0,0.0,4.0,0.0,1.0
NE,2017-07-09,25.435576923076923,0.417986577181208,54.91832139408285,16.2,34.65759493670886,5.0,0.0,5.0,0.0,1.0,0.0,0.0,0.0,0.0
NE,2017-07-10,27.18205128205128,0.3038926174496644,54.47136414210418,18.793589743589745,35.54873417721519,2.0,0.0,23.0,0.0,1.0,0.0,1.0,0.0,2.0
NE,2017-07-11,26.89050632911392,2.5263835263835266,65.91355405124926,19.44240506329114,34.33584905660377,8.0,0.0,36.0,0.0,0.0,0.0,0.0,0.0,2.0
NE,2017-07-12,26.566129032258065,2.011267605633803,63.98778881709856,19.84679487179487,33.31910828025478,8.0,0.0,39.0,0.0,1.0,0.0,3.0,0.0,0.0
NE,2017-07-13,23.30382165605096,10.903846153846152,73.51089308767114,17.0126582278481,29.577215189873417,16.0,0.0,31.0,0.0,0.0,0.0,2.0,0.0,0.0
NE,2017-07-14,23.664516129032258,0.1640479360852197,69.00667513796402,16.745806451612903,30.597435897435897,48.0,12.0,0.0,0.0,0.0,0.0,3.0,0.0,0.0
NE,2017-07-15,25.196178343949047,0.0104194857916102,62.58400787896523,17.61518987341772,32.77798742138365,16.0,0.0,1.0,0.0,0.0,0.0,1.0,0.0,0.0
NE,2017-07-16,25.58607594936709,0.0292847503373819,62.05488533081591,17.13037974683544,34.033962264150944,4.0,0.0,0.0,0.0,0.0,0.0,1.0,0.0,0.0
NE,2017-07-17,26.40377358490566,0.6319034852546916,61.63360021582344,18.74875,34.07044025157233,5.0,0.0,17.0,0.0,1.0,0.0,2.0,0.0,0.0
NE,2017-07-18,26.38836477987421,14.3244578313253,68.53373020878375,19.336875,33.44779874213836,12.0,0.0,39.0,0.0,0.0,0.0,0.0,0.0,0.0
NE,2017-07-19,27.24056603773585,1.575,66.01978128054617,20.08993710691824,34.43,35.0,7.0,17.0,0.0,3.0,0.0,5.0,0.0,1.0
NE,2017-07-20,28.488291139240506,2.0280471821756225,62.50393482201228,20.955,35.96772151898734,2.0,0.0,18.0,0.0,1.0,0.0,0.0,0.0,1.0
NE,2017-07-21,28.187106918238992,0.3666221628838451,58.60564983208533,21.335220125786165,35.014375,4.0,1.0,17.0,0.0,1.0,0.0,3.0,0.0,0.0
NE,2017-07-22,27.752848101265823,0.2885333333333333,63.24662128384962,20.19433962264151,35.33270440251572,20.0,0.0,12.0,0.0,1.0,0.0,1.0,0.0,0.0
NE,2017-07-23,24.28955696202532,0.157027027027027,61.928848375889736,16.043037974683546,32.53607594936709,22.0,4.0,2.0,0.0,0.0,0.0,2.0,0.0,0.0
NE,2017-07-24,25.17911392405064,0.074390243902439,58.64456031266141,16.745569620253164,33.6126582278481,7.0,1.0,4.0,0.0,0.0,0.0,2.0,0.0,0.0
NE,2017-07-25,27.11883116883117,0.9647773279352226,57.32907021615876,19.32435897435897,34.90064935064935,1.0,0.0,17.0,0.0,0.0,0.0,0.0,0.0,0.0
NE,2017-07-26,26.429617834394904,12.414134275618377,74.22203800088477,19.863291139240506,33.000636942675165,17.0,1.0,52.0,0.0,0.0,0.0,2.0,0.0,1.0
NE,2017-07-27,22.89936305732484,6.564248704663213,74.58822632140284,17.615286624203822,28.18343949044586,20.0,2.0,15.0,0.0,0.0,0.0,1.0,0.0,0.0
NE,2017-07-28,22.72261146496816,4.4,73.52299033115457,16.68662420382166,28.75859872611465,11.0,0.0,21.0,0.0,2.0,0.0,0.0,0.0,1.0
NE,2017-07-29,22.958496732026145,3.1582278481012658,73.32657709251815,17.040909090909093,28.862745098039216,18.0,3.0,17.0,0.0,0.0,0.0,2.0,0.0,0.0
NE,2017-07-30,23.106493506493507,3.329957805907173,70.88747845343332,17.255844155844155,28.957142857142856,11.0,1.0,10.0,0.0,1.0,0.0,1.0,0.0,1.0
NE,2017-07-31,22.6375796178344,2.4122681883024253,70.09555290694716,16.621019108280255,28.654140127388533,4.0,1.0,8.0,0.0,0.0,0.0,1.0,0.0,0.0
NE,2017-08-01,22.543910256410257,0.2637096774193548,66.54435793471484,15.438853503184712,29.653205128205126,39.0,6.0,21.0,0.0,0.0,0.0,1.0,0.0,0.0
NE,2017-08-02,22.146153846153847,2.5080976863753213,70.78006050409851,14.622292993630571,29.66153846153846,11.0,0.0,35.0,0.0,2.0,0.0,1.0,0.0,0.0
NE,2017-08-03,19.78621794871795,5.855365853658536,71.14468571746279,12.997435897435896,26.575,3.0,0.0,29.0,0.0,1.0,0.0,0.0,0.0,0.0
NE,2017-08-04,16.632142857142856,0.3518469656992084,66.27470631264401,9.004516129032258,24.26,7.0,1.0,5.0,0.0,0.0,0.0,0.0,0.0,0.0
NE,2017-08-05,18.682792207792208,3.5234838709677416,70.27399038076096,11.96774193548387,25.385064935064936,11.0,0.0,39.0,0.0,1.0,0.0,0.0,0.0,0.0
NE,2017-08-06,19.28397435897436,3.005111402359109,80.54964492425053,14.342307692307694,24.225641025641025,40.0,2.0,20.0,0.0,0.0,0.0,1.0,0.0,0.0
NE,2017-08-07,19.00483870967742,3.764516129032258,78.19246860122304,13.674838709677418,24.33483870967742,40.0,3.0,11.0,0.0,0.0,0.0,2.0,0.0,0.0
NE,2017-08-08,19.010828025477707,0.5447543160690571,73.92220164157196,12.380254777070064,25.64140127388535,42.0,8.0,4.0,0.0,0.0,0.0,2.0,0.0,0.0
NE,2017-08-09,20.312420382165605,1.9203389830508475,73.71836718667001,13.964331210191084,26.660509554140127,21.0,1.0,15.0,0.0,1.0,0.0,2.0,0.0,1.0
NE,2017-08-10,19.70700636942675,1.820998719590269,77.88641002617118,13.685987261146495,25.728025477707007,44.0,10.0,13.0,0.0,1.0,0.0,3.0,0.0,0.0
NE,2017-08-11,17.941830065359476,2.974242424242424,74.08365980048266,11.144444444444444,24.74090909090909,25.0,3.0,13.0,0.0,0.0,0.0,0.0,0.0,0.0
NE,2017-08-12,19.46948051948052,1.4047489823609225,73.22534083483681,12.305194805194803,26.633766233766234,18.0,0.0,31.0,0.0,1.0,0.0,0.0,0.0,0.0
NE,2017-08-13,20.59309210526316,10.86695652173913,74.14362669557418,14.093464052287583,27.10326797385621,24.0,2.0,32.0,0.0,4.0,0.0,0.0,0.0,2.0
NE,2017-08-14,21.89155844155844,4.320025839793281,70.98969046924249,15.248051948051948,28.53506493506493,22.0,2.0,28.0,0.0,2.0,0.0,0.0,0.0,2.0
NE,2017-08-15,22.78322368421053,5.389267015706806,77.54001637866374,16.170394736842105,29.349019607843136,33.0,2.0,50.0,0.0,5.0,0.0,2.0,0.0,0.0
NE,2017-08-16,21.56556291390729,32.968480725623586,80.98849170712396,15.564900662251658,27.51045751633988,18.0,0.0,65.0,0.0,3.0,0.0,1.0,0.0,0.0
NE,2017-08-17,19.69967741935484,3.788650693568728,67.0366014964214,12.39225806451613,26.987179487179485,4.0,0.0,25.0,0.0,1.0,0.0,0.0,0.0,0.0
NE,2017-08-18,21.48354838709677,1.698832684824903,63.62202777556209,13.166451612903224,29.78917197452229,5.0,0.0,19.0,0.0,1.0,0.0,2.0,0.0,0.0
NE,2017-08-19,22.258116883116884,0.1908963585434173,63.6447097838089,13.598701298701297,30.90774193548387,8.0,0.0,20.0,0.0,1.0,0.0,4.0,0.0,0.0
NE,2017-08-20,23.03589743589744,10.040463917525772,66.97291743685898,14.734615384615385,31.33717948717949,6.0,0.0,38.0,0.0,2.0,0.0,0.0,0.0,0.0
NE,2017-08-21,23.105882352941176,1.1381868131868131,76.3849012876138,16.66143790849673,29.53896103896104,33.0,8.0,13.0,0.0,0.0,0.0,1.0,0.0,0.0
NE,2017-08-22,20.079617834394902,5.046235138705416,66.9214088646494,12.583439490445858,27.577215189873417,13.0,0.0,16.0,0.0,0.0,0.0,2.0,0.0,0.0
NE,2017-08-23,19.34044585987261,0.0660664819944598,64.4858306945401,11.768789808917198,26.912101910828024,5.0,0.0,4.0,0.0,0.0,0.0,0.0,0.0,0.0
NE,2017-08-24,21.16867088607595,0.5255910987482615,64.66149495893079,13.674050632911392,28.663291139240503,0.0,0.0,13.0,0.0,0.0,0.0,0.0,0.0,0.0
NE,2017-08-25,22.15445859872612,3.127479892761394,67.62994381403358,15.061146496815288,29.24777070063694,6.0,1.0,28.0,0.0,1.0,0.0,0.0,0.0,0.0
NE,2017-08-26,22.94451612903226,2.9907859078590784,70.49746485186868,15.542580645161287,30.362179487179485,22.0,2.0,33.0,0.0,3.0,0.0,1.0,0.0,0.0
NE,2017-08-27,22.27806451612903,7.7966836734693885,72.60635374673723,15.211612903225808,29.334615384615383,19.0,2.0,48.0,0.0,2.0,0.0,1.0,0.0,3.0
NE,2017-08-28,20.45709677419355,0.818529411764706,69.0902852764973,12.65741935483871,28.256774193548388,19.0,0.0,5.0,0.0,0.0,0.0,1.0,0.0,0.0
NE,2017-08-29,20.25162337662337,0.0012269938650306,66.37036760792172,12.053896103896104,28.44935064935065,20.0,4.0,1.0,0.0,0.0,0.0,1.0,0.0,0.0
NE,2017-08-30,20.51935483870968,0.105891472868217,67.02801374177683,12.316129032258065,28.72258064516129,19.0,2.0,4.0,0.0,0.0,0.0,0.0,0.0,0.0
NE,2017-08-31,20.925,0.1338735818476499,66.6450466299456,13.366233766233767,28.483766233766232,20.0,3.0,3.0,0.0,0.0,0.0,1.0,0.0,0.0
NE,2017-09-01,21.28782894736842,0.3426294820717131,71.16098189866372,14.838815789473683,27.73684210526316,8.0,0.0,6.0,0.0,0.0,0.0,8.0,0.0,0.0
NE,2017-09-02,20.972875816993465,0.3739072847682119,67.7628198262613,13.798039215686272,28.147712418300657,21.0,2.0,1.0,0.0,0.0,0.0,8.0,0.0,0.0
NE,2017-09-03,22.74078947368421,0.0116531165311653,62.99760308022384,13.796710526315788,31.669934640522875,31.0,8.0,1.0,0.0,0.0,0.0,8.0,0.0,0.0
NE,2017-09-04,21.618954248366013,0.0034993270524899,58.57560996616022,12.369281045751634,30.86862745098039,7.0,0.0,0.0,0.0,0.0,0.0,12.0,0.0,0.0
NE,2017-09-05,15.830718954248365,0.0004021447721179,56.03895459247656,7.720645161290323,23.963398692810458,0.0,0.0,0.0,0.0,0.0,0.0,1.0,0.0,0.0
NE,2017-09-06,13.473202614379083,0.0,56.25834410797645,4.530718954248366,22.4156862745098,3.0,0.0,0.0,0.0,0.0,0.0,2.0,0.0,0.0
NE,2017-09-07,15.747402597402596,0.0044176706827309,55.433521040813645,6.030519480519481,25.464285714285715,3.0,0.0,0.0,0.0,0.0,0.0,2.0,0.0,0.0
NE,2017-09-08,18.955194805194804,0.0499327052489905,59.37371606962513,8.688311688311689,29.22207792207792,6.0,0.0,0.0,0.0,0.0,0.0,3.0,0.0,0.0
NE,2017-09-09,21.065686274509805,0.2956815114709851,59.705136541687445,12.411764705882351,29.719607843137258,5.0,0.0,22.0,0.0,0.0,0.0,1.0,0.0,0.0
NE,2017-09-10,21.98202614379085,1.383399209486166,56.345278038691085,14.56732026143791,29.39673202614379,1.0,0.0,28.0,0.0,0.0,0.0,2.0,0.0,0.0
NE,2017-09-11,22.570129870129872,0.4464190981432361,57.85221178359916,14.644155844155843,30.496103896103893,2.0,0.0,14.0,0.0,1.0,0.0,3.0,0.0,0.0
NE,2017-09-12,22.33506493506493,0.067027027027027,59.60642965674748,13.375324675324675,31.2948051948052,8.0,1.0,6.0,0.0,0.0,0.0,3.0,0.0,0.0
NE,2017-09-13,22.541447368421053,0.3891275167785235,57.66973039964533,13.216339869281043,31.87434210526316,2.0,1.0,15.0,0.0,0.0,0.0,3.0,0.0,0.0
NE,2017-09-14,23.34166666666667,0.3197860962566844,51.6836695717741,14.31153846153846,32.37179487179487,3.0,0.0,19.0,0.0,0.0,0.0,7.0,0.0,0.0
NE,2017-09-15,23.24802631578948,1.73888166449935,61.059309049216495,14.990131578947368,31.50592105263157,12.0,0.0,30.0,0.0,0.0,0.0,2.0,0.0,0.0
NE,2017-09-16,18.82564935064935,3.8116219667943807,79.03051398547194,11.074675324675324,26.576623376623377,18.0,0.0,33.0,0.0,3.0,0.0,1.0,0.0,1.0
NE,2017-09-17,13.35897435897436,3.1188251001335114,74.49089839979801,6.178205128205128,20.539743589743587,5.0,0.0,23.0,0.0,1.0,0.0,0.0,0.0,0.0
NE,2017-09-18,16.153846153846153,5.868209500609014,73.82684115652353,9.515384615384615,22.79230769230769,31.0,5.0,41.0,0.0,0.0,0.0,1.0,0.0,0.0
NE,2017-09-19,20.47675159235669,2.2699604743083004,68.72626784695586,13.379617834394905,27.57388535031848,37.0,1.0,6.0,0.0,0.0,0.0,3.0,0.0,0.0
NE,2017-09-20,19.424836601307188,0.1521739130434782,52.56317958253176,10.024183006535948,28.80064935064935,0.0,0.0,1.0,0.0,1.0,0.0,0.0,0.0,1.0
NE,2017-09-21,19.31891025641025,0.0,56.60145702365941,10.18397435897436,28.45384615384616,4.0,0.0,0.0,0.0,0.0,0.0,1.0,0.0,0.0
NE,2017-09-22,22.78566878980892,0.1105191256830601,57.08832319732728,13.439490445859873,32.13184713375796,1.0,0.0,7.0,0.0,0.0,0.0,0.0,0.0,0.0
NE,2017-09-23,20.70493421052632,1.977410468319559,73.2649507909826,13.351315789473684,28.058552631578944,15.0,0.0,18.0,0.0,1.0,0.0,1.0,0.0,1.0
NE,2017-09-24,16.478947368421053,15.055380577427822,82.73345548556362,12.005228758169936,20.957894736842103,22.0,0.0,27.0,0.0,0.0,0.0,0.0,0.0,0.0
NE,2017-09-25,13.289935064935063,21.73964285714285,91.84307543607032,9.403870967741934,17.179870129870128,32.0,0.0,43.0,0.0,0.0,0.0,0.0,0.0,0.0
NE,2017-09-26,11.029807692307694,11.842193087008344,80.04883592320861,6.707692307692308,15.351923076923075,19.0,0.0,9.0,0.0,0.0,0.0,4.0,0.0,0.0
NE,2017-09-27,12.167307692307691,0.1213564213564213,70.70347001221798,4.919871794871795,19.414743589743587,18.0,2.0,0.0,0.0,0.0,0.0,5.0,0.0,0.0
NE,2017-09-28,13.731290322580644,0.0165424739195231,68.41960865610156,5.891612903225806,21.570967741935483,7.0,0.0,0.0,0.0,0.0,0.0,8.0,0.0,0.0
NE,2017-09-29,15.20292207792208,0.1257621951219512,70.81499005648983,8.256493506493506,22.153548387096777,8.0,0.0,0.0,0.0,0.0,0.0,7.0,0.0,0.0
NE,2017-09-30,16.94679487179487,0.4464401294498381,68.9597328755907,11.353846153846154,22.539743589743587,6.0,0.0,6.0,0.0,0.0,0.0,0.0,0.0,0.0
NE,2017-10-01,17.637908496732024,2.8597938144329893,66.2082931475761,11.972549019607843,23.303267973856208,16.0,0.0,46.0,0.0,2.0,0.0,2.0,0.0,0.0
NE,2017-10-02,16.019805194805198,14.87279151943463,80.23208884768358,10.260389610389607,21.77922077922078,20.0,1.0,60.0,0.0,11.0,0.0,1.0,0.0,1.0
NE,2017-10-03,13.704901960784314,16.004651162790697,78.53462285469908,8.686928104575163,18.722875816993465,22.0,1.0,48.0,0.0,5.0,0.0,1.0,0.0,2.0
NE,2017-10-04,12.15718954248366,1.353562005277045,76.59544093200134,6.292156862745099,18.022222222222226,14.0,1.0,10.0,0.0,0.0,0.0,1.0,0.0,0.0
NE,2017-10-05,13.585197368421053,2.362435233160621,86.54736829173613,9.477631578947369,17.69276315789474,48.0,5.0,23.0,0.0,0.0,0.0,0.0,0.0,0.0
NE,2017-10-06,14.411842105263156,13.790060606060605,91.91066340509092,11.16315789473684,17.660526315789475,53.0,4.0,46.0,0.0,2.0,0.0,0.0,0.0,0.0
NE,2017-10-07,13.847385620915034,23.44347290640394,69.24338882567996,7.870588235294118,19.824183006535947,19.0,0.0,28.0,0.0,3.0,0.0,2.0,0.0,0.0
NE,2017-10-08,14.583112582781458,1.2617021276595746,60.32745566035796,6.881456953642384,22.28476821192053,4.0,0.0,2.0,0.0,0.0,0.0,3.0,0.0,0.0
NE,2017-10-09,10.603246753246754,1.908022130013832,68.8473728355147,4.290909090909091,16.915584415584416,8.0,0.0,11.0,3.0,0.0,0.0,1.0,0.0,0.0
NE,2017-10-10,5.61437908496732,6.601123595505618,70.17165385246118,-0.1300653594771242,11.358823529411763,6.0,0.0,17.0,4.0,1.0,0.0,0.0,0.0,0.0
NE,2017-10-11,7.199677419354839,0.5971387696709585,63.7041437518365,-1.2225806451612904,15.621935483870969,2.0,0.0,1.0,0.0,0.0,0.0,0.0,0.0,0.0
NE,2017-10-12,11.066013071895425,0.004221251819505,66.61518486307098,1.5098039215686274,20.62222222222222,8.0,0.0,0.0,0.0,0.0,0.0,2.0,0.0,0.0
NE,2017-10-13,13.028387096774194,0.1212076583210603,68.09461521408001,5.161290322580645,20.895483870967745,2.0,0.0,0.0,0.0,0.0,0.0,2.0,0.0,0.0
NE,2017-10-14,10.96217105263158,2.8176066024759288,84.08102254986994,5.4486842105263165,16.475657894736845,60.0,9.0,20.0,0.0,0.0,0.0,0.0,0.0,0.0
NE,2017-10-15,7.566447368421052,1.174068554396423,62.64228913341349,-0.2644736842105263,15.397368421052631,13.0,0.0,3.0,0.0,0.0,0.0,5.0,0.0,0.0
NE,2017-10-16,9.940522875816994,0.0237654320987654,52.152130171207695,-0.0379084967320261,19.918954248366013,1.0,0.0,0.0,0.0,0.0,0.0,2.0,0.0,0.0
NE,2017-10-17,13.135333333333334,0.0165123456790123,48.3917454651375,1.5646666666666669,24.706,0.0,0.0,0.0,0.0,0.0,0.0,4.0,0.0,0.0
NE,2017-10-18,14.531333333333333,0.0,49.06521207578401,4.552,24.510666666666665,0.0,0.0,0.0,0.0,0.0,0.0,1.0,0.0,0.0
NE,2017-10-19,14.100986842105264,0.0,56.69735110277477,3.288815789473684,24.913157894736845,3.0,0.0,0.0,0.0,0.0,0.0,3.0,0.0,0.0
NE,2017-10-20,16.2359477124183,0.0062883435582822,60.00201853067406,6.341176470588236,26.13071895424837,0.0,0.0,0.0,0.0,0.0,0.0,3.0,0.0,0.0
NE,2017-10-21,15.06830065359477,0.2412576687116564,60.51641990106358,7.645751633986928,22.49084967320261,2.0,0.0,7.0,0.0,0.0,0.0,4.0,0.0,0.0
NE,2017-10-22,9.547333333333333,0.1701095461658842,52.03421496356116,-0.0686666666666666,19.16333333333333,0.0,0.0,0.0,0.0,0.0,0.0,2.0,0.0,1.0
NE,2017-10-23,10.988741721854304,0.0683307332293291,45.62146908199794,2.872185430463576,19.019736842105264,0.0,0.0,0.0,0.0,0.0,0.0,0.0,0.0,2.0
NE,2017-10-24,8.967549668874172,0.0579439252336448,46.8152360427972,2.408609271523179,15.526490066225165,0.0,0.0,0.0,0.0,0.0,0.0,0.0,0.0,1.0
NE,2017-10-25,10.478947368421052,0.0,44.160493501536486,2.018421052631579,18.93947368421053,0.0,0.0,0.0,0.0,0.0,0.0,1.0,0.0,1.0
NE,2017-10-26,11.60032679738562,0.0277337559429477,51.68568048270176,1.8272727272727272,21.38300653594771,3.0,0.0,0.0,0.0,1.0,0.0,2.0,0.0,2.0
NE,2017-10-27,2.4570967741935483,0.060126582278481,54.38484711427518,-5.315483870967742,10.229677419354838,1.0,0.0,0.0,0.0,0.0,0.0,0.0,0.0,6.0
NE,2017-10-28,0.1625806451612903,0.0,48.772068999002215,-7.95741935483871,8.282580645161291,2.0,0.0,0.0,0.0,0.0,0.0,2.0,0.0,2.0
NE,2017-10-29,5.9282467532467535,0.002728731942215,52.79970791723,-3.624025974025974,15.48051948051948,3.0,0.0,0.0,0.0,0.0,0.0,2.0,0.0,1.0
NE,2017-10-30,6.444516129032258,0.037258064516129,56.269810427956415,-2.0393548387096776,14.928387096774197,2.0,0.0,0.0,1.0,0.0,0.0,0.0,0.0,1.0
NE,2017-10-31,-2.104304635761589,0.2153333333333333,71.27194716531501,-8.668211920529801,4.459602649006622,10.0,0.0,0.0,1.0,0.0,0.0,2.0,0.0,1.0
NE,2017-11-01,1.0746794871794871,0.4704718417047184,68.98137183976964,-4.801910828025478,6.975,3.0,0.0,0.0,0.0,0.0,0.0,0.0,0.0,0.0
NE,2017-11-02,5.517628205128205,0.2130298273155415,77.78073621703432,-0.8410256410256409,11.876282051282052,12.0,1.0,0.0,0.0,0.0,0.0,1.0,0.0,0.0
NE,2017-11-03,2.630448717948718,0.1259493670886075,79.30088228477591,-2.68974358974359,7.950641025641025,16.0,1.0,0.0,0.0,0.0,0.0,1.0,0.0,0.0
NE,2017-11-04,4.129605263157894,0.0395534290271132,73.85459957806117,-1.2335526315789471,9.492763157894736,25.0,3.0,0.0,0.0,0.0,0.0,3.0,0.0,0.0
NE,2017-11-05,4.884090909090909,0.2087579617834394,75.3006942225029,-1.0155844155844156,10.783766233766237,7.0,1.0,0.0,0.0,0.0,0.0,0.0,0.0,0.0
NE,2017-11-06,1.3555194805194806,0.2378763866877971,67.96418978519513,-3.85,6.561038961038961,9.0,1.0,0.0,0.0,0.0,0.0,4.0,0.0,0.0
NE,2017-11-07,0.199673202614379,0.5963779527559055,73.94490495449752,-4.760389610389611,5.186928104575164,16.0,0.0,0.0,0.0,0.0,0.0,3.0,0.0,0.0
NE,2017-11-08,-0.9373376623376624,0.0378378378378378,76.14985340739018,-7.791558441558442,5.916883116883117,19.0,1.0,0.0,0.0,0.0,0.0,1.0,0.0,0.0
NE,2017-11-09,0.5375816993464051,0.0,69.15930463109423,-6.832026143790849,7.90718954248366,2.0,0.0,0.0,0.0,0.0,0.0,0.0,0.0,0.0
NE,2017-11-10,-2.0594771241830068,0.0,65.4683822320994,-7.025974025974026,2.8947712418300653,3.0,0.0,0.0,0.0,0.0,0.0,0.0,0.0,0.0
NE,2017-11-11,1.7261437908496733,0.027140549273021,70.93292727297941,-3.472549019607843,6.92483660130719,40.0,5.0,0.0,0.0,0.0,0.0,4.0,0.0,0.0
NE,2017-11-12,3.816013071895425,0.3250788643533123,76.53771745473504,-2.6137254901960785,10.245751633986927,30.0,1.0,0.0,0.0,0.0,0.0,3.0,0.0,0.0
NE,2017-11-13,4.643269230769231,0.0118210862619808,78.16377422637956,-2.6474358974358974,11.93397435897436,61.0,9.0,0.0,0.0,0.0,0.0,5.0,0.0,0.0
NE,2017-11-14,7.421290322580645,0.0266881028938906,79.42997625547719,1.2174193548387096,13.62516129032258,66.0,10.0,0.0,0.0,0.0,0.0,2.0,0.0,0.0
NE,2017-11-15,6.093831168831169,0.0896940418679549,67.74797964881205,-1.4701298701298702,13.657792207792207,19.0,1.0,0.0,0.0,0.0,0.0,1.0,0.0,0.0
NE,2017-11-16,4.462091503267974,0.0131493506493506,62.50261266799137,-4.016339869281046,12.940522875816994,0.0,0.0,0.0,0.0,0.0,0.0,0.0,0.0,0.0
NE,2017-11-17,6.938387096774194,0.0951690821256038,67.65184967222908,-0.5567741935483871,14.433548387096772,23.0,4.0,1.0,0.0,0.0,0.0,3.0,0.0,0.0
NE,2017-11-18,5.267857142857143,3.079111111111111,71.77194941366375,-1.027922077922078,11.563636363636364,10.0,0.0,2.0,0.0,0.0,0.0,0.0,0.0,0.0
NE,2017-11-19,2.1622580645161293,0.0345699831365935,60.540617304429645,-6.29741935483871,10.621935483870969,0.0,0.0,0.0,0.0,0.0,0.0,0.0,0.0,0.0
NE,2017-11-20,5.688387096774194,0.0530612244897959,45.553782719070135,-3.8187096774193545,15.195483870967744,0.0,0.0,0.0,0.0,0.0,0.0,1.0,0.0,0.0
NE,2017-11-21,5.073870967741936,0.0234295415959252,54.32172667059434,-3.6154838709677417,13.763225806451612,3.0,0.0,0.0,0.0,0.0,0.0,1.0,0.0,1.0
NE,2017-11-22,0.2142857142857143,0.0,63.42267171071971,-8.190967741935482,8.596753246753247,0.0,0.0,0.0,0.0,0.0,0.0,2.0,0.0,0.0
NE,2017-11-23,7.138741721854305,0.0099656357388316,60.683749249981496,-2.7940397350993376,17.071523178807947,0.0,0.0,0.0,0.0,0.0,0.0,0.0,0.0,0.0
NE,2017-11-24,11.403973509933774,0.0,53.90066108574474,1.806622516556292,21.00197368421053,0.0,0.0,0.0,0.0,0.0,0.0,2.0,0.0,0.0
NE,2017-11-25,7.930392156862744,0.0,64.22398604736107,-2.7888888888888888,18.64967320261438,1.0,0.0,0.0,0.0,0.0,0.0,1.0,0.0,0.0
NE,2017-11-26,7.613311688311689,0.0,60.89297176866268,-1.925974025974026,17.1525974025974,0.0,0.0,0.0,0.0,0.0,0.0,2.0,0.0,0.0
NE,2017-11-27,11.139423076923077,0.0,51.83036326821037,1.2923076923076924,20.986538461538466,1.0,0.0,0.0,0.0,0.0,0.0,2.0,0.0,0.0
NE,2017-11-28,9.881290322580645,0.0,52.70512325304964,0.3090322580645161,19.45354838709677,0.0,0.0,0.0,0.0,0.0,0.0,0.0,0.0,0.0
NE,2017-11-29,2.545098039215686,0.0,53.80442572034272,-6.241176470588235,11.331372549019608,1.0,0.0,0.0,0.0,0.0,0.0,1.0,0.0,0.0
NE,2017-11-30,3.094771241830065,0.0,51.30716504436518,-5.620915032679738,11.81045751633987,0.0,0.0,0.0,0.0,0.0,0.0,0.0,0.0,0.0
NE,2017-12-01,4.103618421052632,0.0041118421052631,53.62720411944282,-4.550657894736842,12.757894736842106,0.0,0.0,0.0,0.0,0.0,0.0,2.0,0.0,0.0
NE,2017-12-02,4.332450331125828,0.0,54.55237550078581,-5.198675496688741,13.8635761589404,0.0,0.0,0.0,0.0,0.0,0.0,0.0,0.0,0.0
NE,2017-12-03,5.832781456953643,0.0016528925619834,63.100398935191855,-3.2562913907284767,14.92185430463576,4.0,0.0,0.0,0.0,0.0,0.0,0.0,0.0,0.0
NE,2017-12-04,4.470065789473685,0.0772802653399668,73.96239710998306,-3.291447368421053,12.23157894736842,12.0,4.0,0.0,1.0,0.0,0.0,4.0,1.0,4.0
NE,2017-12-05,-1.3102649006622515,0.1593333333333333,55.73655627464444,-8.943708609271523,6.32317880794702,0.0,0.0,0.0,2.0,0.0,0.0,0.0,0.0,5.0
NE,2017-12-06,-1.2842465753424657,0.0639730639730639,63.5851268099637,-7.718493150684932,5.15,10.0,1.0,0.0,1.0,0.0,0.0,3.0,0.0,1.0
NE,2017-12-07,-5.304391891891892,0.1167774086378737,68.67332285892695,-13.326845637583894,2.702702702702702,0.0,0.0,0.0,2.0,0.0,0.0,0.0,0.0,2.0
NE,2017-12-08,-3.2596666666666665,0.0021848739495798,60.50668359871285,-9.476,2.9566666666666666,0.0,0.0,0.0,0.0,0.0,0.0,0.0,0.0,1.0
NE,2017-12-09,1.3412162162162162,0.0013536379018612,58.18409343104492,-4.1668918918918925,6.849324324324325,0.0,0.0,0.0,0.0,0.0,0.0,1.0,0.0,0.0
NE,2017-12-10,4.396979865771812,0.0,42.18086361637309,-2.747651006711409,11.541610738255034,0.0,0.0,0.0,0.0,0.0,0.0,0.0,0.0,0.0
NE,2017-12-11,5.722,0.0027072758037225,44.77890929906145,-1.84,13.284,1.0,0.0,0.0,0.0,0.0,0.0,0.0,0.0,0.0
NE,2017-12-12,1.475666666666667,0.0076530612244897,62.62404177468744,-7.938666666666666,10.89,1.0,0.0,0.0,0.0,0.0,0.0,1.0,0.0,1.0
NE,2017-12-13,3.932885906040268,0.0095238095238095,45.324389110122176,-4.358389261744966,12.224161073825504,0.0,0.0,0.0,0.0,0.0,0.0,1.0,0.0,0.0
NE,2017-12-14,2.980666666666667,0.0558178752107925,69.50905032730793,-2.216,8.177333333333333,4.0,0.0,0.0,0.0,0.0,0.0,3.0,0.0,1.0
NE,2017-12-15,0.0947019867549669,0.3175787728026534,66.03778959593706,-6.434437086092715,6.62384105960265,0.0,0.0,0.0,0.0,0.0,0.0,1.0,0.0,0.0
NE,2017-12-16,2.8596666666666666,0.0074265975820379,54.647539200050254,-4.636,10.355333333333332,1.0,0.0,0.0,0.0,0.0,0.0,1.0,0.0,0.0
NE,2017-12-17,2.236333333333333,0.5040885860306643,82.2911194519053,-3.362,7.834666666666667,21.0,1.0,0.0,4.0,0.0,2.0,3.0,0.0,0.0
NE,2017-12-18,1.1976973684210528,0.2044982698961937,68.62596072186155,-5.584868421052631,7.980263157894737,8.0,1.0,0.0,1.0,0.0,0.0,0.0,0.0,0.0
NE,2017-12-19,3.226158940397351,0.0,61.75475397035442,-4.682781456953642,11.135099337748343,3.0,0.0,0.0,0.0,0.0,0.0,1.0,0.0,0.0
NE,2017-12-20,0.9733552631578948,0.0,58.25136772989456,-6.3677631578947365,8.314473684210526,4.0,1.0,0.0,0.0,0.0,0.0,1.0,0.0,0.0
NE,2017-12-21,-0.8244897959183674,0.3399286987522281,75.72632035874183,-8.257823129251701,6.608843537414966,18.0,4.0,0.0,1.0,1.0,8.0,5.0,1.0,0.0
NE,2017-12-22,-7.70728476821192,1.290766550522648,81.65842409834558,-13.6523178807947,-1.7622516556291392,7.0,0.0,1.0,1.0,0.0,15.0,2.0,0.0,0.0
NE,2017-12-23,-8.053082191780822,0.612686567164179,83.50082849475668,-13.076712328767124,-3.0294520547945205,17.0,1.0,0.0,0.0,0.0,0.0,6.0,0.0,0.0
NE,2017-12-24,-11.968531468531468,4.234594594594594,78.24524907860177,-17.04125874125874,-6.895804195804196,15.0,0.0,0.0,0.0,0.0,0.0,3.0,0.0,0.0
NE,2017-12-25,-13.105555555555556,0.2169847328244274,73.45063493730375,-17.799999999999997,-8.411111111111111,12.0,1.0,0.0,0.0,0.0,0.0,8.0,0.0,0.0
NE,2017-12-26,-16.78321917808219,1.017877094972067,77.30088975253817,-21.17328767123288,-12.393150684931507,10.0,0.0,0.0,0.0,0.0,0.0,8.0,0.0,0.0
NE,2017-12-27,-18.32913907284768,0.0265536723163841,77.35895605793678,-24.0953642384106,-12.562913907284768,10.0,0.0,0.0,0.0,0.0,0.0,9.0,0.0,0.0
NE,2017-12-28,-12.351644736842106,0.24,78.04001584080841,-17.99342105263158,-6.709868421052631,7.0,2.0,0.0,0.0,0.0,0.0,2.0,0.0,0.0
NE,2017-12-29,-9.399333333333336,0.0110056925996204,82.23105571432706,-14.555333333333335,-4.243333333333333,12.0,0.0,0.0,0.0,0.0,0.0,7.0,2.0,0.0
NE,2017-12-30,-13.781756756756756,0.0700787401574803,77.14421312219072,-18.619594594594595,-8.94391891891892,5.0,0.0,0.0,0.0,0.0,0.0,7.0,0.0,0.0
NE,2017-12-31,-19.40344827586207,0.1894736842105263,76.50398033455292,-23.03448275862069,-15.772413793103448,1.0,0.0,0.0,0.0,0.0,1.0,2.0,0.0,0.0
