STATE,DATE,PRCP,RH,TMIN,TMAX,TAVG,WT01,WT02,WT03,WT04,WT05,WT06,WT08,WT09,WT10,WT11,WT13,WT14,WT15,WT16,WT17,WT18,WT19,WT21,WT22
IL,2012-01-01,0.8844731977818854,68.15197961577164,0.1958620689655172,9.094482758620687,4.645172413793103,12.0,0.0,0.0,0.0,0.0,0.0,2.0,0.0,0.0,0.0,3.0,0.0,0.0,6.0,0.0,5.0,0.0,0.0,0.0
IL,2012-01-02,0.1377938517179023,58.77646455096576,-5.780921052631579,3.2913907284768213,-1.2619205298013243,7.0,1.0,0.0,0.0,0.0,0.0,6.0,0.0,0.0,4.0,0.0,0.0,0.0,0.0,0.0,6.0,0.0,0.0,0.0
IL,2012-01-03,0.0528880866425992,60.94491488291898,-11.001960784313724,-2.083333333333333,-6.558000000000001,1.0,0.0,0.0,0.0,0.0,0.0,0.0,0.0,0.0,1.0,0.0,0.0,0.0,0.0,0.0,0.0,0.0,0.0,0.0
IL,2012-01-04,0.0,57.60803576634313,-8.360526315789473,2.6026315789473684,-2.878947368421053,0.0,0.0,0.0,0.0,0.0,0.0,1.0,0.0,0.0,0.0,0.0,0.0,0.0,0.0,0.0,0.0,0.0,0.0,0.0
IL,2012-01-05,0.0,67.48231703053033,-3.366225165562914,9.153947368421052,2.903973509933775,1.0,0.0,0.0,0.0,0.0,0.0,0.0,0.0,0.0,0.0,0.0,0.0,0.0,0.0,0.0,0.0,0.0,0.0,0.0
IL,2012-01-06,0.0005226480836236,59.66926514196855,-0.2953947368421052,13.85657894736842,6.780592105263159,0.0,0.0,0.0,0.0,0.0,0.0,1.0,0.0,0.0,0.0,0.0,0.0,0.0,0.0,0.0,0.0,0.0,0.0,0.0
IL,2012-01-07,0.0,65.57452838822812,-0.4793333333333334,12.816,6.168333333333333,0.0,0.0,0.0,0.0,0.0,0.0,0.0,0.0,0.0,0.0,0.0,0.0,0.0,0.0,0.0,0.0,0.0,0.0,0.0
IL,2012-01-08,0.0100538599640933,76.3824615121315,-4.17682119205298,7.24765100671141,1.5278523489932887,10.0,0.0,0.0,0.0,0.0,0.0,2.0,0.0,0.0,0.0,2.0,0.0,0.0,0.0,0.0,0.0,0.0,0.0,0.0
IL,2012-01-09,0.0140381282495667,70.41750069611759,-4.41038961038961,7.235064935064935,1.4123376623376624,14.0,1.0,0.0,0.0,0.0,0.0,6.0,0.0,0.0,0.0,5.0,0.0,0.0,0.0,0.0,0.0,0.0,0.0,0.0
IL,2012-01-10,0.0859375,65.70136338663538,-3.84640522875817,10.2921568627451,3.222875816993464,5.0,0.0,0.0,0.0,0.0,0.0,1.0,0.0,0.0,0.0,0.0,0.0,0.0,0.0,0.0,0.0,0.0,0.0,0.0
IL,2012-01-11,1.948809523809524,76.48528133319495,-2.376315789473684,11.740131578947368,4.681907894736842,25.0,1.0,0.0,0.0,0.0,0.0,5.0,0.0,0.0,0.0,1.0,0.0,0.0,1.0,0.0,0.0,0.0,0.0,0.0
IL,2012-01-12,1.19859649122807,83.7376856112182,-6.551315789473684,8.233552631578947,0.8411184210526316,18.0,10.0,0.0,0.0,0.0,0.0,6.0,1.0,0.0,0.0,5.0,0.0,0.0,0.0,0.0,6.0,2.0,0.0,4.0
IL,2012-01-13,6.269629629629629,77.28400550842967,-10.612666666666666,-4.531756756756757,-7.578378378378377,9.0,0.0,0.0,0.0,0.0,0.0,7.0,0.0,0.0,0.0,1.0,0.0,0.0,0.0,0.0,6.0,1.0,0.0,0.0
IL,2012-01-14,0.2270955165692007,78.33609038428554,-13.412837837837838,-5.145945945945946,-9.327551020408164,9.0,1.0,0.0,0.0,0.0,0.0,12.0,0.0,0.0,0.0,4.0,0.0,0.0,0.0,0.0,5.0,1.0,0.0,1.0
IL,2012-01-15,0.0347992351816443,79.90754561883068,-11.155629139072849,-0.992,-6.0776666666666666,12.0,1.0,0.0,0.0,0.0,0.0,5.0,0.0,0.0,0.0,2.0,0.0,0.0,0.0,0.0,1.0,0.0,0.0,0.0
IL,2012-01-16,0.0560975609756097,75.49710360520722,-5.0369127516778525,6.339473684210526,0.6815436241610738,7.0,0.0,2.0,0.0,0.0,0.0,1.0,0.0,0.0,1.0,1.0,0.0,0.0,3.0,0.0,0.0,0.0,0.0,0.0
IL,2012-01-17,8.15886524822695,86.06614956165924,-1.294078947368421,11.682894736842105,5.194407894736842,35.0,3.0,37.0,2.0,6.0,0.0,6.0,1.0,0.0,3.0,3.0,2.0,0.0,4.0,1.0,4.0,2.0,0.0,0.0
IL,2012-01-18,0.9754612546125462,73.00861827818834,-11.763157894736842,3.4513157894736843,-4.155921052631579,6.0,0.0,4.0,2.0,1.0,1.0,1.0,0.0,0.0,2.0,0.0,0.0,0.0,0.0,0.0,0.0,0.0,0.0,0.0
IL,2012-01-19,0.1802583025830258,71.43414231049584,-11.779084967320262,-0.7333333333333334,-6.256209150326797,5.0,0.0,0.0,0.0,0.0,0.0,2.0,0.0,0.0,0.0,2.0,0.0,0.0,0.0,0.0,4.0,1.0,0.0,0.0
IL,2012-01-20,0.4862318840579709,70.07306040038735,-13.171710526315788,-3.5328947368421053,-8.352302631578947,13.0,6.0,0.0,2.0,0.0,11.0,9.0,0.0,0.0,0.0,4.0,0.0,0.0,0.0,0.0,5.0,2.0,0.0,1.0
IL,2012-01-21,5.451831501831501,83.11531012516208,-10.4158940397351,-3.993377483443709,-7.2046357615894046,11.0,0.0,0.0,6.0,0.0,22.0,7.0,0.0,0.0,0.0,2.0,0.0,0.0,0.0,0.0,2.0,1.0,0.0,0.0
IL,2012-01-22,0.7757575757575758,91.7329636319727,-7.975333333333333,1.4806666666666666,-3.247333333333333,56.0,12.0,20.0,0.0,1.0,8.0,5.0,0.0,0.0,1.0,3.0,2.0,1.0,3.0,0.0,0.0,0.0,0.0,2.0
IL,2012-01-23,10.369312169312169,86.17315355370519,-2.1633986928104574,9.377777777777778,3.60718954248366,63.0,5.0,71.0,0.0,3.0,4.0,6.0,0.0,0.0,4.0,2.0,2.0,0.0,4.0,0.0,4.0,0.0,0.0,0.0
IL,2012-01-24,0.0236263736263736,76.43270217215587,-3.2467105263157894,4.838815789473684,0.7960526315789473,14.0,0.0,0.0,0.0,0.0,0.0,5.0,0.0,0.0,1.0,2.0,0.0,0.0,0.0,0.0,0.0,0.0,0.0,0.0
IL,2012-01-25,0.3969090909090909,87.31213195170692,-4.468421052631579,2.915686274509804,-0.7888157894736842,19.0,0.0,0.0,0.0,0.0,5.0,8.0,0.0,0.0,0.0,5.0,0.0,0.0,1.0,1.0,0.0,0.0,0.0,0.0
IL,2012-01-26,6.665836298932384,94.0312110428914,-2.259333333333333,2.112080536912752,-0.0791946308724832,55.0,4.0,0.0,6.0,0.0,3.0,6.0,0.0,0.0,0.0,5.0,1.0,0.0,1.0,0.0,0.0,0.0,0.0,1.0
IL,2012-01-27,2.0418647166361974,82.57848449011892,-1.3144736842105265,3.744736842105264,1.2151315789473685,34.0,0.0,0.0,0.0,0.0,1.0,6.0,0.0,0.0,0.0,4.0,0.0,0.0,2.0,0.0,6.0,1.0,0.0,0.0
IL,2012-01-28,2.1975925925925925,75.73215985871155,-3.0754966887417217,4.233774834437086,0.5791390728476822,19.0,0.0,0.0,1.0,0.0,0.0,0.0,0.0,0.0,0.0,4.0,0.0,0.0,2.0,0.0,5.0,0.0,0.0,0.0
IL,2012-01-29,0.0680608365019011,64.48141530202598,-3.701986754966888,3.172847682119205,-0.264569536423841,7.0,0.0,0.0,0.0,0.0,0.0,5.0,0.0,0.0,0.0,2.0,0.0,0.0,0.0,0.0,3.0,0.0,0.0,0.0
IL,2012-01-30,0.0367537313432835,67.38392017116077,-4.205333333333333,6.960666666666666,1.3776666666666666,0.0,0.0,0.0,0.0,0.0,0.0,0.0,0.0,0.0,0.0,0.0,0.0,0.0,0.0,0.0,0.0,0.0,0.0,0.0
IL,2012-01-31,0.0118198874296435,66.26488085184079,2.254605263157895,14.392105263157896,8.323355263157895,8.0,0.0,0.0,0.0,0.0,0.0,1.0,0.0,0.0,0.0,0.0,0.0,0.0,2.0,0.0,0.0,0.0,0.0,0.0
IL,2012-02-01,0.2463369963369963,81.48084676847002,1.7493333333333332,13.914666666666664,7.832,38.0,9.0,0.0,0.0,0.0,0.0,5.0,0.0,0.0,0.0,5.0,0.0,0.0,0.0,0.0,0.0,0.0,0.0,2.0
IL,2012-02-02,0.0116666666666666,83.02399987730495,-1.6552631578947368,10.409271523178807,4.375165562913908,86.0,11.0,0.0,0.0,0.0,1.0,8.0,0.0,0.0,0.0,4.0,0.0,0.0,0.0,0.0,0.0,0.0,0.0,4.0
IL,2012-02-03,0.2542435424354243,80.21182293384403,-0.8302631578947368,10.563398692810456,4.848355263157895,62.0,3.0,1.0,0.0,0.0,0.0,12.0,0.0,0.0,0.0,3.0,1.0,1.0,4.0,0.0,1.0,1.0,0.0,0.0
IL,2012-02-04,7.145323741007194,88.08944945198478,1.2271523178807948,8.59205298013245,4.877666666666666,39.0,0.0,1.0,0.0,0.0,0.0,8.0,0.0,0.0,0.0,3.0,0.0,0.0,4.0,0.0,1.0,1.0,0.0,0.0
IL,2012-02-05,1.549812734082397,84.16355678877359,-0.7593333333333334,6.33445945945946,2.761824324324324,34.0,2.0,0.0,0.0,0.0,0.0,6.0,0.0,0.0,0.0,5.0,0.0,0.0,1.0,0.0,0.0,0.0,0.0,1.0
IL,2012-02-06,0.0499079189686924,88.15359672686051,-2.941721854304636,5.876666666666667,1.4556666666666669,69.0,11.0,0.0,0.0,0.0,2.0,9.0,0.0,0.0,0.0,6.0,0.0,0.0,0.0,0.0,0.0,0.0,0.0,2.0
IL,2012-02-07,0.0248618784530386,86.15361471641202,-3.609933774834437,3.3046052631578946,-0.1768211920529801,54.0,4.0,0.0,1.0,0.0,1.0,9.0,0.0,0.0,0.0,6.0,0.0,0.0,0.0,0.0,6.0,0.0,0.0,1.0
IL,2012-02-08,0.5183150183150184,79.69769023890538,-3.552317880794702,2.786184210526316,-0.4142384105960264,16.0,0.0,0.0,1.0,0.0,0.0,1.0,0.0,0.0,0.0,2.0,0.0,0.0,0.0,0.0,2.0,0.0,0.0,0.0
IL,2012-02-09,0.0091247672253258,73.10876206426784,-5.826973684210526,1.386842105263158,-2.220065789473684,4.0,0.0,0.0,0.0,0.0,1.0,4.0,0.0,0.0,0.0,1.0,0.0,0.0,0.0,0.0,0.0,0.0,0.0,0.0
IL,2012-02-10,0.1132958801498127,81.76974028456203,-6.147651006711409,2.045333333333333,-2.0516778523489934,14.0,4.0,0.0,3.0,0.0,0.0,10.0,2.0,0.0,0.0,4.0,0.0,0.0,2.0,0.0,5.0,1.0,0.0,1.0
IL,2012-02-11,1.1847457627118645,62.77967315306335,-11.149324324324324,0.2650684931506849,-5.440410958904109,3.0,0.0,0.0,4.0,0.0,1.0,0.0,0.0,0.0,0.0,0.0,0.0,0.0,0.0,0.0,1.0,0.0,0.0,0.0
IL,2012-02-12,0.0068965517241379,51.19058407613817,-10.706040268456375,-1.8190476190476188,-6.254421768707483,0.0,0.0,0.0,0.0,0.0,0.0,0.0,0.0,0.0,0.0,0.0,0.0,0.0,0.0,0.0,0.0,0.0,0.0,0.0
IL,2012-02-13,0.1321626617375231,63.4856882509303,-8.953333333333333,1.819205298013245,-3.5683333333333334,14.0,1.0,0.0,1.0,0.0,0.0,8.0,0.0,0.0,0.0,6.0,0.0,0.0,1.0,0.0,6.0,0.0,0.0,1.0
IL,2012-02-14,2.278637200736648,89.61132718439968,-3.580132450331126,1.9769736842105263,-0.8006622516556292,24.0,0.0,0.0,3.0,0.0,5.0,2.0,0.0,0.0,0.0,6.0,2.0,2.0,0.0,0.0,5.0,0.0,0.0,0.0
IL,2012-02-15,0.446455223880597,88.48091840884031,-1.336842105263158,3.9881578947368426,1.325657894736842,23.0,7.0,1.0,0.0,0.0,0.0,7.0,0.0,0.0,0.0,5.0,0.0,0.0,6.0,0.0,0.0,1.0,0.0,0.0
IL,2012-02-16,5.3292982456140345,86.35417929691239,0.3470198675496688,6.959731543624161,3.6593959731543615,67.0,8.0,1.0,0.0,0.0,2.0,16.0,0.0,0.0,0.0,6.0,1.0,0.0,3.0,0.0,0.0,0.0,0.0,0.0
IL,2012-02-17,0.0138888888888888,72.9673495921945,-3.7466666666666666,9.09530201342282,2.674496644295302,22.0,2.0,0.0,0.0,0.0,1.0,4.0,0.0,0.0,0.0,0.0,0.0,0.0,0.0,0.0,0.0,0.0,0.0,0.0
IL,2012-02-18,0.0005725190839694,70.78264082143927,-3.1613333333333333,9.238255033557047,3.035234899328859,4.0,0.0,0.0,0.0,0.0,0.0,1.0,0.0,0.0,0.0,0.0,0.0,0.0,0.0,0.0,0.0,0.0,0.0,0.0
IL,2012-02-19,0.0461538461538461,70.14550676751429,-4.767549668874172,5.41156462585034,0.3139455782312925,4.0,0.0,0.0,0.0,0.0,0.0,2.0,0.0,0.0,0.0,0.0,0.0,0.0,0.0,0.0,0.0,0.0,0.0,0.0
IL,2012-02-20,0.0504570383912248,69.94780192758172,-6.120529801324504,5.81523178807947,-0.1443333333333333,5.0,1.0,0.0,0.0,0.0,0.0,2.0,0.0,0.0,0.0,1.0,0.0,0.0,3.0,0.0,1.0,0.0,0.0,0.0
IL,2012-02-21,2.16541889483066,71.70613176181374,-2.458108108108108,7.925165562913907,2.699324324324324,15.0,0.0,0.0,0.0,0.0,0.0,3.0,0.0,0.0,0.0,4.0,1.0,0.0,6.0,0.0,4.0,1.0,0.0,0.0
IL,2012-02-22,0.2217877094972067,67.64444958102823,0.310738255033557,9.816666666666666,5.04831081081081,9.0,0.0,1.0,0.0,0.0,0.0,0.0,0.0,0.0,0.0,2.0,0.0,0.0,2.0,0.0,3.0,0.0,1.0,0.0
IL,2012-02-23,0.7581227436823105,78.71622950848919,-0.1173333333333333,11.328476821192051,5.595333333333333,30.0,5.0,1.0,1.0,0.0,2.0,5.0,0.0,0.0,0.0,2.0,1.0,0.0,5.0,1.0,3.0,1.0,1.0,0.0
IL,2012-02-24,6.841467889908257,77.94968319866061,-0.5713333333333334,8.741721854304636,4.060666666666667,17.0,1.0,0.0,4.0,0.0,0.0,6.0,0.0,0.0,0.0,5.0,0.0,0.0,2.0,0.0,6.0,1.0,0.0,1.0
IL,2012-02-25,0.1893822393822393,64.11336047485158,-5.726351351351352,2.8651006711409392,-1.4452702702702702,3.0,0.0,0.0,1.0,0.0,0.0,0.0,0.0,0.0,0.0,0.0,0.0,0.0,0.0,0.0,2.0,0.0,0.0,0.0
IL,2012-02-26,0.0005758157389635,59.74767783253096,-6.075510204081633,5.2578231292517,-0.4058219178082192,1.0,0.0,0.0,0.0,0.0,0.0,0.0,0.0,0.0,0.0,0.0,0.0,0.0,0.0,0.0,0.0,0.0,0.0,0.0
IL,2012-02-27,0.0444649446494464,56.11961440899458,-2.4286666666666665,11.674666666666669,4.623,1.0,0.0,0.0,0.0,0.0,1.0,1.0,0.0,0.0,0.0,0.0,0.0,0.0,0.0,0.0,0.0,0.0,0.0,0.0
IL,2012-02-28,0.2679999999999999,64.496039179164,-3.411678832116788,8.072592592592592,2.346296296296296,1.0,0.0,10.0,2.0,0.0,0.0,0.0,0.0,0.0,1.0,5.0,0.0,0.0,6.0,0.0,1.0,0.0,0.0,0.0
IL,2012-02-29,8.536741767764298,63.89923223604721,0.5655405405405406,14.995238095238095,7.782312925170068,22.0,1.0,43.0,1.0,2.0,0.0,4.0,0.0,0.0,2.0,2.0,2.0,0.0,6.0,0.0,3.0,0.0,0.0,0.0
IL,2012-03-01,0.2274509803921568,63.88744955550168,0.7873333333333333,14.217999999999998,7.502666666666667,5.0,0.0,1.0,0.0,0.0,0.0,2.0,0.0,0.0,5.0,1.0,1.0,0.0,1.0,0.0,1.0,0.0,0.0,0.0
IL,2012-03-02,0.7374774774774775,76.50637479491117,1.114,11.239333333333336,6.176666666666667,16.0,2.0,22.0,3.0,4.0,0.0,9.0,0.0,0.0,3.0,4.0,0.0,0.0,5.0,0.0,5.0,1.0,0.0,0.0
IL,2012-03-03,6.126618705035972,73.43874304022003,-1.2253333333333334,8.112,3.4433333333333334,5.0,0.0,26.0,6.0,18.0,1.0,3.0,0.0,0.0,4.0,0.0,0.0,0.0,0.0,0.0,3.0,0.0,0.0,0.0
IL,2012-03-04,0.1338919925512104,70.43579629517296,-4.514,3.314,-0.6,10.0,1.0,0.0,0.0,0.0,1.0,3.0,0.0,0.0,0.0,4.0,0.0,0.0,0.0,0.0,6.0,0.0,0.0,2.0
IL,2012-03-05,1.0083788706739527,74.95902786561045,-6.822147651006712,3.3979729729729726,-1.7293918918918918,9.0,0.0,0.0,2.0,0.0,0.0,1.0,0.0,0.0,0.0,1.0,0.0,0.0,0.0,0.0,1.0,0.0,0.0,0.0
IL,2012-03-06,0.0009191176470588,53.70986213976218,-4.175675675675675,10.069798657718122,2.9114864864864862,0.0,0.0,0.0,0.0,0.0,0.0,1.0,0.0,0.0,1.0,0.0,0.0,0.0,0.0,0.0,0.0,0.0,0.0,0.0
IL,2012-03-07,0.1168807339449541,48.57244649880814,5.474305555555556,20.48724832214765,12.977777777777778,3.0,0.0,2.0,1.0,0.0,0.0,1.0,0.0,0.0,4.0,3.0,0.0,0.0,5.0,0.0,0.0,0.0,0.0,0.0
IL,2012-03-08,6.821649484536082,70.85147095965603,2.9980132450331127,18.572847682119207,10.78543046357616,17.0,0.0,11.0,4.0,1.0,0.0,6.0,0.0,0.0,3.0,4.0,0.0,0.0,6.0,1.0,0.0,0.0,0.0,0.0
IL,2012-03-09,1.101598579040853,52.59544663938004,-1.2702702702702702,8.28095238095238,3.4962328767123285,4.0,0.0,1.0,0.0,0.0,0.0,0.0,0.0,0.0,0.0,0.0,0.0,0.0,0.0,0.0,0.0,0.0,0.0,0.0
IL,2012-03-10,0.0,50.47151626984044,-2.638095238095238,10.360135135135137,3.856462585034013,1.0,0.0,0.0,0.0,0.0,0.0,0.0,0.0,0.0,0.0,0.0,0.0,0.0,0.0,0.0,0.0,0.0,0.0,0.0
IL,2012-03-11,0.0972727272727272,52.106980139294414,-0.1993243243243243,16.904697986577183,8.349662162162161,11.0,0.0,0.0,0.0,0.0,0.0,0.0,0.0,0.0,0.0,4.0,0.0,0.0,6.0,0.0,0.0,0.0,0.0,0.0
IL,2012-03-12,4.761322314049587,73.74658542987076,5.751333333333334,19.60132450331126,12.682333333333332,21.0,0.0,4.0,0.0,0.0,0.0,1.0,0.0,0.0,0.0,6.0,1.0,0.0,6.0,0.0,0.0,0.0,0.0,0.0
IL,2012-03-13,1.548767605633803,65.48949256614605,6.8,22.02119205298013,14.410596026490069,46.0,8.0,2.0,0.0,0.0,0.0,3.0,0.0,0.0,0.0,4.0,0.0,0.0,0.0,0.0,0.0,0.0,0.0,0.0
IL,2012-03-14,0.001763668430335,67.67650752409475,8.004697986577181,24.833557046979863,16.40067567567568,18.0,0.0,2.0,0.0,1.0,0.0,5.0,0.0,0.0,0.0,0.0,0.0,0.0,0.0,0.0,0.0,0.0,0.0,0.0
IL,2012-03-15,0.3729166666666666,72.77825811371218,12.881333333333334,26.80738255033557,19.844630872483226,11.0,1.0,12.0,1.0,1.0,0.0,4.0,0.0,0.0,0.0,1.0,0.0,0.0,4.0,0.0,0.0,0.0,0.0,0.0
IL,2012-03-16,1.4614583333333333,72.91550877483563,12.021476510067114,25.961073825503355,18.99127516778524,16.0,1.0,25.0,0.0,4.0,0.0,4.0,0.0,0.0,0.0,1.0,0.0,0.0,0.0,0.0,0.0,0.0,0.0,0.0
IL,2012-03-17,0.8072695035460993,75.09255152060949,12.364429530201342,26.06442953020134,19.21442953020134,27.0,4.0,16.0,0.0,1.0,0.0,6.0,0.0,0.0,0.0,2.0,0.0,0.0,1.0,0.0,0.0,0.0,0.0,0.0
IL,2012-03-18,4.3635294117647065,72.65210087506382,13.431333333333331,26.750666666666667,20.091,4.0,0.0,27.0,0.0,7.0,0.0,1.0,0.0,0.0,0.0,0.0,0.0,0.0,1.0,0.0,0.0,0.0,0.0,0.0
IL,2012-03-19,0.6722316865417376,71.6778104991966,15.087417218543044,26.82434210526316,20.952649006622515,8.0,0.0,6.0,0.0,0.0,0.0,1.0,0.0,0.0,0.0,3.0,0.0,0.0,6.0,0.0,0.0,0.0,0.0,0.0
IL,2012-03-20,1.9505,53.6123322086539,15.93,27.220666666666663,21.575333333333333,0.0,0.0,6.0,0.0,0.0,0.0,0.0,0.0,0.0,0.0,0.0,0.0,0.0,1.0,0.0,0.0,0.0,0.0,0.0
IL,2012-03-21,0.0056410256410256,55.04490663062722,16.234228187919463,28.09864864864865,22.16114864864865,2.0,0.0,0.0,0.0,0.0,0.0,3.0,0.0,0.0,0.0,0.0,0.0,0.0,1.0,0.0,0.0,0.0,0.0,0.0
IL,2012-03-22,0.4940273037542662,66.70603638275503,15.351677852348994,26.897959183673468,21.1156462585034,9.0,1.0,6.0,0.0,0.0,0.0,3.0,0.0,0.0,0.0,4.0,0.0,0.0,6.0,0.0,0.0,0.0,0.0,0.0
IL,2012-03-23,5.973684210526316,83.6116320589651,11.902,21.47837837837838,16.68445945945946,54.0,11.0,28.0,0.0,3.0,0.0,8.0,0.0,1.0,1.0,4.0,0.0,0.0,4.0,0.0,0.0,0.0,0.0,0.0
IL,2012-03-24,7.19344262295082,82.30603700052221,9.420945945945943,19.764864864864865,14.588095238095235,44.0,9.0,23.0,0.0,5.0,0.0,8.0,0.0,0.0,0.0,5.0,1.0,0.0,2.0,0.0,0.0,0.0,0.0,0.0
IL,2012-03-25,0.2763250883392226,77.95145799210722,9.943537414965986,20.804761904761907,15.374149659863946,34.0,1.0,0.0,0.0,0.0,0.0,11.0,0.0,0.0,0.0,4.0,0.0,0.0,0.0,0.0,0.0,0.0,0.0,0.0
IL,2012-03-26,0.0493127147766323,68.21797290127728,6.769127516778523,20.43959731543624,13.604362416107382,9.0,2.0,0.0,0.0,0.0,0.0,0.0,0.0,0.0,0.0,0.0,0.0,0.0,4.0,0.0,0.0,0.0,0.0,0.0
IL,2012-03-27,0.1248299319727891,52.83683403639088,5.761073825503355,17.561486486486487,11.667567567567568,0.0,0.0,3.0,0.0,0.0,0.0,0.0,0.0,0.0,0.0,0.0,0.0,0.0,1.0,0.0,0.0,0.0,0.0,0.0
IL,2012-03-28,0.4009950248756219,53.70679322757462,7.922,23.872666666666667,15.897333333333332,3.0,0.0,13.0,0.0,2.0,0.0,3.0,0.0,0.0,0.0,0.0,0.0,0.0,0.0,0.0,0.0,0.0,0.0,0.0
IL,2012-03-29,0.1994845360824742,61.45863971037384,7.218666666666667,21.55666666666667,14.387666666666668,5.0,0.0,5.0,0.0,0.0,0.0,1.0,0.0,0.0,0.0,2.0,0.0,0.0,3.0,0.0,0.0,0.0,0.0,0.0
IL,2012-03-30,2.582954545454545,70.54441001642267,7.557615894039736,18.204666666666665,12.871,13.0,0.0,33.0,0.0,2.0,0.0,13.0,0.0,0.0,0.0,2.0,0.0,0.0,3.0,0.0,0.0,0.0,0.0,0.0
IL,2012-03-31,1.2589254766031197,77.09670898022364,6.404666666666667,19.49060402684564,12.918791946308726,14.0,0.0,12.0,0.0,6.0,0.0,12.0,0.0,0.0,0.0,4.0,0.0,0.0,2.0,0.0,0.0,0.0,0.0,0.0
IL,2012-04-01,4.09470304975923,71.63060786190233,7.67615894039735,20.58157894736842,14.082333333333333,16.0,0.0,41.0,0.0,2.0,0.0,17.0,0.0,0.0,0.0,3.0,0.0,0.0,3.0,0.0,0.0,0.0,0.0,0.0
IL,2012-04-02,0.187563025210084,67.73716155077356,11.111688311688312,25.872077922077924,18.49188311688312,15.0,0.0,0.0,0.0,0.0,0.0,16.0,0.0,0.0,0.0,4.0,0.0,0.0,0.0,0.0,0.0,0.0,0.0,0.0
IL,2012-04-03,0.0427860696517412,64.1402642358967,11.31111111111111,26.11764705882353,18.714379084967323,12.0,0.0,4.0,0.0,0.0,0.0,6.0,0.0,0.0,0.0,2.0,0.0,0.0,2.0,0.0,0.0,0.0,0.0,0.0
IL,2012-04-04,1.4675675675675677,65.83258040281682,10.125165562913908,24.985526315789475,17.569867549668874,8.0,2.0,16.0,0.0,1.0,0.0,5.0,0.0,0.0,0.0,0.0,0.0,0.0,2.0,0.0,0.0,0.0,0.0,0.0
IL,2012-04-05,4.253685897435898,61.69578801360895,6.236363636363636,18.14407894736842,12.17828947368421,6.0,0.0,13.0,0.0,0.0,0.0,2.0,0.0,0.0,0.0,0.0,0.0,0.0,2.0,0.0,0.0,0.0,0.0,0.0
IL,2012-04-06,0.1055,56.72863227549367,0.9954248366013072,15.472549019607843,8.233986928104574,1.0,0.0,0.0,0.0,0.0,0.0,1.0,0.0,0.0,0.0,0.0,0.0,0.0,0.0,0.0,0.0,0.0,0.0,0.0
IL,2012-04-07,0.0069373942470389,54.87165389365769,1.2668874172185431,17.113815789473687,9.193708609271525,9.0,0.0,0.0,0.0,0.0,0.0,0.0,0.0,0.0,0.0,2.0,1.0,0.0,6.0,0.0,0.0,0.0,0.0,0.0
IL,2012-04-08,0.0423208191126279,50.26840457854228,4.048993288590604,19.17635135135135,11.607432432432432,6.0,0.0,0.0,0.0,0.0,0.0,1.0,0.0,0.0,0.0,0.0,0.0,0.0,2.0,0.0,0.0,0.0,0.0,0.0
IL,2012-04-09,0.0311367380560131,40.70094759584184,5.001307189542484,19.44771241830065,12.224342105263156,1.0,0.0,0.0,0.0,0.0,0.0,1.0,0.0,0.0,1.0,0.0,0.0,0.0,2.0,0.0,0.0,0.0,0.0,0.0
IL,2012-04-10,0.0,40.65524658291487,1.9315789473684213,17.32434210526316,9.627960526315787,0.0,0.0,0.0,0.0,0.0,0.0,0.0,0.0,0.0,0.0,0.0,0.0,0.0,0.0,0.0,0.0,0.0,0.0,0.0
IL,2012-04-11,0.0,48.37841626036345,-1.4045454545454543,12.951633986928105,5.750653594771242,1.0,0.0,0.0,0.0,0.0,0.0,0.0,0.0,0.0,0.0,0.0,0.0,0.0,0.0,0.0,0.0,0.0,0.0,0.0
IL,2012-04-12,0.0,50.64679866821762,-1.2013071895424838,14.7718954248366,6.767763157894737,6.0,0.0,0.0,0.0,0.0,0.0,0.0,0.0,0.0,0.0,0.0,0.0,0.0,0.0,0.0,0.0,0.0,0.0,0.0
IL,2012-04-13,0.3911575562700964,54.01772425460205,2.1720779220779223,17.115584415584415,9.64383116883117,5.0,0.0,4.0,0.0,0.0,0.0,2.0,0.0,0.0,0.0,1.0,1.0,0.0,5.0,0.0,0.0,0.0,0.0,0.0
IL,2012-04-14,5.97374213836478,78.53336383144843,8.155921052631578,17.17207792207792,12.671052631578949,15.0,1.0,35.0,0.0,0.0,0.0,4.0,0.0,0.0,1.0,5.0,0.0,0.0,5.0,0.0,0.0,0.0,0.0,0.0
IL,2012-04-15,18.58024132730015,72.98433006159954,12.702027027027029,22.454304635761588,17.54695945945946,18.0,0.0,54.0,0.0,2.0,0.0,4.0,0.0,0.0,3.0,6.0,0.0,0.0,6.0,0.0,0.0,0.0,0.0,0.0
IL,2012-04-16,12.80861313868613,71.39181730335699,10.739869281045753,22.590849673202616,16.665359477124184,10.0,0.0,39.0,0.0,0.0,0.0,3.0,0.0,0.0,4.0,0.0,1.0,0.0,5.0,0.0,0.0,0.0,0.0,0.0
IL,2012-04-17,0.0866666666666666,67.46363257712707,4.468627450980391,16.707894736842103,10.59013157894737,7.0,0.0,0.0,0.0,0.0,0.0,3.0,0.0,0.0,0.0,0.0,0.0,0.0,0.0,0.0,0.0,0.0,0.0,0.0
IL,2012-04-18,0.0125396825396825,62.14529968294348,5.040522875816993,19.54771241830065,12.294117647058824,7.0,0.0,4.0,0.0,0.0,0.0,3.0,0.0,0.0,0.0,0.0,0.0,0.0,3.0,0.0,0.0,0.0,0.0,0.0
IL,2012-04-19,0.6058267716535433,60.63857701420086,8.135714285714286,22.603896103896105,15.369805194805194,8.0,0.0,3.0,0.0,0.0,0.0,2.0,0.0,0.0,0.0,2.0,0.0,0.0,3.0,0.0,0.0,0.0,0.0,0.0
IL,2012-04-20,1.9576219512195123,72.2402338269837,7.40392156862745,20.858823529411765,14.131372549019607,19.0,0.0,3.0,0.0,1.0,0.0,1.0,0.0,0.0,0.0,5.0,0.0,0.0,6.0,0.0,0.0,0.0,0.0,0.0
IL,2012-04-21,1.709017713365539,70.16929630113972,2.553691275167785,12.94662162162162,7.756756756756757,5.0,1.0,0.0,0.0,0.0,0.0,0.0,0.0,0.0,0.0,1.0,0.0,0.0,2.0,0.0,0.0,0.0,0.0,1.0
IL,2012-04-22,0.4366056572379367,61.78148524198058,3.123841059602649,13.604635761589403,8.364238410596027,6.0,0.0,0.0,0.0,0.0,0.0,1.0,0.0,0.0,0.0,1.0,0.0,0.0,2.0,0.0,0.0,0.0,0.0,0.0
IL,2012-04-23,0.0873581847649919,48.92192001814731,1.473856209150327,14.588235294117649,8.031045751633988,1.0,0.0,0.0,0.0,0.0,0.0,3.0,0.0,0.0,0.0,0.0,0.0,0.0,0.0,0.0,0.0,0.0,0.0,0.0
IL,2012-04-24,0.0079617834394904,52.77964900063134,3.4366013071895423,17.47516339869281,10.455882352941176,0.0,0.0,0.0,0.0,0.0,0.0,2.0,0.0,0.0,0.0,0.0,0.0,0.0,4.0,0.0,0.0,0.0,0.0,0.0
IL,2012-04-25,0.1436018957345971,63.404646313557606,7.771052631578947,21.81372549019608,14.7875,9.0,0.0,7.0,0.0,1.0,0.0,4.0,0.0,0.0,1.0,3.0,0.0,0.0,5.0,0.0,0.0,0.0,0.0,0.0
IL,2012-04-26,1.252566096423017,67.56427888817329,9.142207792207794,23.77532467532468,16.458766233766234,10.0,0.0,10.0,0.0,4.0,0.0,10.0,0.0,0.0,0.0,5.0,0.0,0.0,0.0,0.0,0.0,0.0,0.0,0.0
IL,2012-04-27,0.0446774193548387,47.3005089336668,3.3189542483660133,19.34509803921569,11.332026143790848,2.0,0.0,5.0,1.0,0.0,0.0,2.0,0.0,0.0,0.0,0.0,0.0,0.0,5.0,0.0,0.0,0.0,0.0,0.0
IL,2012-04-28,5.5813953488372094,62.58659442362454,5.676470588235294,15.9625,10.82171052631579,10.0,0.0,33.0,1.0,0.0,0.0,2.0,0.0,0.0,0.0,1.0,0.0,0.0,6.0,0.0,0.0,0.0,0.0,0.0
IL,2012-04-29,4.736633663366336,81.47658231611815,7.549019607843137,17.103921568627452,12.326470588235294,19.0,3.0,25.0,2.0,3.0,0.0,8.0,0.0,0.0,0.0,5.0,0.0,0.0,5.0,0.0,0.0,0.0,0.0,0.0
IL,2012-04-30,11.5868501529052,86.47303904738268,9.50064935064935,18.053896103896104,13.777272727272726,29.0,3.0,38.0,1.0,0.0,0.0,8.0,0.0,0.0,1.0,5.0,2.0,0.0,5.0,0.0,0.0,0.0,0.0,0.0
IL,2012-05-01,4.19530303030303,85.1794652361359,10.212162162162162,20.293243243243243,15.252702702702702,26.0,3.0,19.0,0.0,1.0,0.0,7.0,0.0,0.0,0.0,5.0,1.0,0.0,5.0,0.0,0.0,0.0,0.0,0.0
IL,2012-05-02,8.817091454272864,73.94654368206395,13.372297297297298,24.78445945945946,19.07837837837838,20.0,5.0,34.0,0.0,2.0,0.0,1.0,0.0,0.0,0.0,4.0,0.0,0.0,5.0,0.0,0.0,0.0,0.0,0.0
IL,2012-05-03,1.389795918367347,71.4196998572062,17.944444444444443,28.62993197278912,23.27118055555556,4.0,0.0,16.0,0.0,1.0,0.0,1.0,0.0,0.0,0.0,0.0,0.0,0.0,4.0,0.0,0.0,0.0,0.0,0.0
IL,2012-05-04,11.597496318114874,79.11106319919294,16.606164383561644,28.23150684931507,22.41883561643836,8.0,0.0,60.0,0.0,6.0,0.0,4.0,0.0,0.0,1.0,2.0,0.0,0.0,6.0,0.0,0.0,0.0,0.0,0.0
IL,2012-05-05,2.56936507936508,80.30551236742149,15.05625,26.40625,20.731250000000003,35.0,2.0,22.0,0.0,2.0,0.0,7.0,0.0,0.0,1.0,4.0,0.0,0.0,1.0,0.0,0.0,0.0,0.0,0.0
IL,2012-05-06,0.7847512038523276,77.75312406723437,15.763698630136986,27.4513698630137,21.60753424657534,18.0,1.0,22.0,0.0,3.0,0.0,8.0,0.0,0.0,1.0,3.0,0.0,0.0,5.0,0.0,0.0,0.0,0.0,0.0
IL,2012-05-07,19.752276064610864,81.48377725228252,16.156462585034014,26.801360544217687,21.47891156462585,20.0,3.0,66.0,0.0,5.0,0.0,6.0,0.0,0.0,1.0,5.0,0.0,0.0,5.0,0.0,0.0,0.0,0.0,0.0
IL,2012-05-08,2.696229260935143,66.78124324179069,12.2,21.963945578231293,17.062925170068027,19.0,3.0,3.0,0.0,0.0,0.0,0.0,0.0,0.0,0.0,1.0,0.0,0.0,0.0,0.0,0.0,0.0,0.0,0.0
IL,2012-05-09,0.0939297124600638,63.095820714765054,9.187586206896553,21.18639455782313,15.18,4.0,0.0,0.0,0.0,0.0,0.0,1.0,0.0,0.0,0.0,0.0,0.0,0.0,1.0,0.0,0.0,0.0,0.0,0.0
IL,2012-05-10,0.4283255086071987,58.20648537886411,7.069594594594594,20.38243243243243,13.726013513513514,8.0,0.0,0.0,0.0,0.0,0.0,2.0,0.0,0.0,0.0,1.0,0.0,0.0,0.0,0.0,0.0,0.0,0.0,0.0
IL,2012-05-11,0.0004846526655896,51.18887331115989,7.784246575342466,22.881506849315063,15.332876712328767,1.0,0.0,0.0,0.0,0.0,0.0,1.0,0.0,0.0,0.0,0.0,0.0,0.0,0.0,0.0,0.0,0.0,0.0,0.0
IL,2012-05-12,0.5498376623376623,61.74524097930604,11.044444444444444,24.25,17.647222222222222,2.0,0.0,6.0,0.0,0.0,0.0,2.0,0.0,0.0,0.0,2.0,0.0,0.0,4.0,0.0,0.0,0.0,0.0,0.0
IL,2012-05-13,1.2126436781609196,57.63942301591668,10.242758620689656,22.34236111111112,16.281944444444445,1.0,0.0,1.0,0.0,0.0,0.0,0.0,0.0,0.0,0.0,0.0,0.0,0.0,0.0,0.0,0.0,0.0,0.0,0.0
IL,2012-05-14,0.0040257648953301,47.43757923375698,9.061904761904762,24.686986301369863,16.86541095890411,1.0,0.0,0.0,0.0,0.0,0.0,1.0,0.0,0.0,0.0,0.0,0.0,0.0,0.0,0.0,0.0,0.0,0.0,0.0
IL,2012-05-15,0.02368,45.14137294107285,10.12191780821918,27.165986394557823,18.64554794520548,2.0,0.0,11.0,0.0,0.0,0.0,1.0,0.0,0.0,0.0,0.0,0.0,0.0,4.0,0.0,0.0,0.0,0.0,0.0
IL,2012-05-16,0.5536321483771252,49.318093461913705,10.857432432432432,27.03175675675676,18.944594594594594,0.0,0.0,10.0,0.0,0.0,0.0,0.0,0.0,0.0,0.0,0.0,0.0,0.0,0.0,0.0,0.0,0.0,0.0,0.0
IL,2012-05-17,0.0,42.22370987271183,7.697260273972603,24.16056338028169,15.912056737588651,1.0,0.0,0.0,0.0,0.0,0.0,0.0,0.0,0.0,0.0,0.0,0.0,0.0,0.0,0.0,0.0,0.0,0.0,0.0
IL,2012-05-18,0.0,45.65937180141293,9.894520547945206,26.85410958904109,18.37431506849315,1.0,0.0,0.0,0.0,0.0,0.0,2.0,0.0,0.0,0.0,0.0,0.0,0.0,0.0,0.0,0.0,0.0,0.0,0.0
IL,2012-05-19,0.0126022913256955,50.60017986516169,14.095035460992907,30.50780141843972,22.30141843971631,1.0,0.0,0.0,0.0,0.0,0.0,2.0,0.0,0.0,0.0,0.0,0.0,0.0,0.0,0.0,0.0,0.0,0.0,0.0
IL,2012-05-20,0.3901453957996769,54.348177009905655,17.327464788732396,32.18194444444444,24.75457746478873,3.0,0.0,19.0,0.0,2.0,0.0,1.0,0.0,0.0,0.0,0.0,0.0,0.0,4.0,0.0,0.0,0.0,0.0,0.0
IL,2012-05-21,6.1497777777777785,66.25504326340068,12.481756756756756,28.68378378378378,20.58277027027027,3.0,0.0,46.0,0.0,6.0,0.0,1.0,0.0,0.0,0.0,0.0,0.0,0.0,0.0,0.0,0.0,0.0,0.0,0.0
IL,2012-05-22,0.0004777070063694,53.4337220498895,8.586206896551724,22.61655172413793,15.601379310344829,2.0,0.0,0.0,0.0,0.0,0.0,0.0,0.0,0.0,0.0,0.0,0.0,0.0,0.0,0.0,0.0,0.0,0.0,0.0
IL,2012-05-23,0.0222575516693163,50.50456469886732,9.075694444444444,25.54236111111111,17.30902777777778,3.0,0.0,0.0,0.0,0.0,0.0,1.0,0.0,0.0,0.0,0.0,0.0,0.0,0.0,0.0,0.0,0.0,0.0,0.0
IL,2012-05-24,0.0012618296529968,48.842865384081946,13.437241379310343,29.223448275862065,21.33034482758621,2.0,0.0,2.0,0.0,0.0,0.0,3.0,0.0,0.0,1.0,0.0,0.0,0.0,2.0,0.0,0.0,0.0,0.0,0.0
IL,2012-05-25,0.0752380952380952,55.22835666394048,17.102758620689656,31.22137931034483,24.162068965517243,1.0,0.0,2.0,0.0,0.0,0.0,1.0,0.0,0.0,2.0,0.0,0.0,0.0,2.0,0.0,0.0,0.0,0.0,0.0
IL,2012-05-26,1.880670926517572,58.76305169941398,18.08356164383561,30.556164383561644,24.31986301369863,4.0,1.0,13.0,0.0,1.0,1.0,1.0,0.0,0.0,0.0,0.0,0.0,0.0,3.0,0.0,0.0,0.0,0.0,0.0
IL,2012-05-27,0.6079934747145187,55.47552694611359,19.4986013986014,33.18741258741259,26.34300699300699,3.0,0.0,5.0,0.0,0.0,0.0,3.0,0.0,0.0,0.0,0.0,0.0,0.0,0.0,0.0,0.0,0.0,0.0,0.0
IL,2012-05-28,0.1229372937293729,52.31784758373921,21.309219858156027,33.99014084507042,27.640070921985817,2.0,0.0,7.0,0.0,0.0,0.0,2.0,0.0,0.0,0.0,1.0,0.0,0.0,5.0,0.0,0.0,0.0,0.0,0.0
IL,2012-05-29,2.7589312977099234,53.97577398107677,16.912328767123288,31.75205479452055,24.33219178082192,1.0,0.0,36.0,0.0,2.0,0.0,0.0,0.0,0.0,1.0,0.0,0.0,0.0,1.0,0.0,0.0,0.0,0.0,0.0
IL,2012-05-30,0.1088328075709779,54.35572021120201,12.709523809523809,27.32945205479452,20.013698630136982,2.0,0.0,5.0,0.0,0.0,0.0,3.0,0.0,0.0,0.0,0.0,0.0,0.0,1.0,0.0,0.0,0.0,0.0,0.0
IL,2012-05-31,2.195216049382716,71.69948873139975,11.006802721088436,21.94931506849315,16.477739726027398,16.0,0.0,6.0,0.0,0.0,0.0,0.0,0.0,0.0,0.0,6.0,0.0,0.0,6.0,0.0,0.0,0.0,0.0,0.0
IL,2012-06-01,16.409943181818182,74.55034908724646,8.797350993377483,17.300666666666665,13.050666666666668,15.0,0.0,6.0,0.0,0.0,0.0,2.0,0.0,0.0,0.0,1.0,0.0,0.0,2.0,0.0,0.0,0.0,0.0,0.0
IL,2012-06-02,0.1289808917197452,63.48975802918951,9.015753424657534,20.53082191780822,14.781379310344828,3.0,1.0,4.0,0.0,0.0,0.0,2.0,0.0,0.0,0.0,1.0,0.0,0.0,4.0,0.0,0.0,0.0,0.0,0.0
IL,2012-06-03,0.7653125000000001,60.53825837065946,11.275342465753424,24.933108108108108,18.1,12.0,0.0,3.0,0.0,0.0,0.0,4.0,0.0,0.0,0.0,3.0,0.0,0.0,4.0,0.0,0.0,0.0,0.0,0.0
IL,2012-06-04,0.8476043276661515,66.75840878759459,14.193333333333332,27.247682119205297,20.72233333333333,7.0,0.0,7.0,0.0,0.0,0.0,1.0,0.0,0.0,0.0,2.0,0.0,0.0,4.0,0.0,0.0,0.0,0.0,0.0
IL,2012-06-05,1.5355384615384615,61.34052863422404,12.374834437086092,26.127814569536422,19.251324503311256,3.0,0.0,6.0,0.0,0.0,0.0,0.0,0.0,0.0,0.0,0.0,0.0,0.0,0.0,0.0,0.0,0.0,0.0,0.0
IL,2012-06-06,0.0004680187207488,56.08152560956511,11.019333333333334,25.254666666666665,18.137,1.0,0.0,0.0,0.0,0.0,0.0,0.0,0.0,0.0,0.0,1.0,0.0,0.0,0.0,0.0,0.0,0.0,0.0,0.0
IL,2012-06-07,0.0200631911532385,52.36730810972969,10.772297297297296,26.05135135135135,18.41182432432432,3.0,0.0,0.0,0.0,0.0,0.0,1.0,0.0,0.0,0.0,1.0,0.0,0.0,0.0,0.0,0.0,0.0,0.0,0.0
IL,2012-06-08,0.0,50.44936845308119,12.125503355704698,28.578523489932884,20.35201342281879,2.0,0.0,0.0,0.0,0.0,0.0,1.0,0.0,0.0,0.0,0.0,0.0,0.0,0.0,0.0,0.0,0.0,0.0,0.0
IL,2012-06-09,0.0,49.769917273074405,14.543624161073826,30.351677852348992,22.447651006711407,3.0,0.0,0.0,0.0,0.0,0.0,1.0,0.0,0.0,0.0,0.0,0.0,0.0,0.0,0.0,0.0,0.0,0.0,0.0
IL,2012-06-10,0.0,54.64417189657909,17.129054054054052,31.243624161073825,24.186824324324323,3.0,0.0,0.0,0.0,0.0,0.0,2.0,0.0,0.0,0.0,0.0,0.0,0.0,0.0,0.0,0.0,0.0,0.0,0.0
IL,2012-06-11,0.9946456692913386,71.30307447242441,19.11208053691275,30.401342281879195,24.75304054054054,8.0,1.0,23.0,0.0,0.0,0.0,1.0,0.0,0.0,0.0,3.0,0.0,0.0,6.0,0.0,0.0,0.0,0.0,0.0
IL,2012-06-12,3.564079147640791,57.92504539359171,14.807333333333332,27.92450331125828,21.37366666666667,5.0,0.0,14.0,0.0,0.0,0.0,1.0,0.0,0.0,1.0,0.0,0.0,0.0,0.0,0.0,0.0,0.0,0.0,0.0
IL,2012-06-13,0.0358609794628752,53.70508014412204,10.797315436241613,25.526666666666667,18.16006711409396,6.0,0.0,0.0,0.0,0.0,0.0,1.0,0.0,0.0,0.0,0.0,0.0,0.0,0.0,0.0,0.0,0.0,0.0,0.0
IL,2012-06-14,0.0,53.60893343146016,12.343046357615894,27.266887417218545,19.80496688741722,3.0,0.0,0.0,0.0,0.0,0.0,3.0,0.0,0.0,0.0,0.0,0.0,0.0,0.0,0.0,0.0,0.0,0.0,0.0
IL,2012-06-15,0.024170616113744,51.80164872619766,14.628859060402684,31.154362416107386,22.891610738255032,2.0,0.0,2.0,0.0,0.0,0.0,1.0,0.0,0.0,0.0,1.0,0.0,0.0,1.0,0.0,0.0,0.0,0.0,0.0
IL,2012-06-16,1.0515822784810127,57.54960574855605,18.46148648648649,32.7972972972973,25.62939189189189,13.0,1.0,24.0,0.0,0.0,0.0,2.0,0.0,0.0,1.0,6.0,0.0,0.0,6.0,0.0,0.0,0.0,0.0,0.0
IL,2012-06-17,17.60901408450704,69.58748904473818,19.56164383561644,32.02789115646258,25.79417808219178,19.0,1.0,51.0,0.0,2.0,0.0,3.0,0.0,0.0,4.0,4.0,0.0,0.0,3.0,0.0,0.0,0.0,0.0,0.0
IL,2012-06-18,0.0507692307692307,63.936167217135015,20.60728476821192,31.19013157894737,25.8953642384106,1.0,0.0,3.0,0.0,0.0,0.0,1.0,0.0,0.0,0.0,0.0,0.0,0.0,0.0,0.0,0.0,0.0,0.0,0.0
IL,2012-06-19,0.0035384615384615,58.37590727695765,22.00268456375839,32.95,27.47147651006712,1.0,0.0,0.0,0.0,0.0,0.0,1.0,0.0,0.0,0.0,0.0,0.0,0.0,0.0,0.0,0.0,0.0,0.0,0.0
IL,2012-06-20,0.0042424242424242,56.17152645975501,21.56912751677853,33.28120805369127,27.425167785234898,1.0,0.0,0.0,0.0,0.0,0.0,1.0,0.0,0.0,0.0,0.0,0.0,0.0,0.0,0.0,0.0,0.0,0.0,0.0
IL,2012-06-21,0.136547433903577,60.07684858610333,20.20671140939597,32.34662162162162,26.27533783783784,4.0,0.0,1.0,0.0,0.0,0.0,1.0,0.0,0.0,0.0,0.0,1.0,0.0,6.0,0.0,0.0,0.0,0.0,0.0
IL,2012-06-22,0.7496960486322188,58.2263043051397,15.319333333333336,29.908053691275168,22.603691275167783,5.0,1.0,0.0,0.0,0.0,0.0,3.0,0.0,0.0,0.0,0.0,0.0,0.0,0.0,0.0,0.0,0.0,0.0,0.0
IL,2012-06-23,0.0007824726134585,56.40984886008277,14.49530201342282,29.581333333333333,22.036912751677853,3.0,0.0,0.0,0.0,0.0,0.0,1.0,0.0,0.0,0.0,0.0,0.0,0.0,2.0,0.0,0.0,0.0,0.0,0.0
IL,2012-06-24,0.1537480063795853,59.22291419449356,16.79795918367347,30.59931972789116,23.69863945578232,2.0,0.0,8.0,0.0,0.0,0.0,3.0,0.0,0.0,0.0,1.0,0.0,0.0,3.0,0.0,0.0,0.0,0.0,0.0
IL,2012-06-25,1.0180834621329211,54.87198271845399,17.644666666666666,31.172666666666665,24.40866666666667,1.0,0.0,5.0,0.0,0.0,0.0,0.0,0.0,0.0,0.0,0.0,0.0,0.0,0.0,0.0,0.0,0.0,0.0,0.0
IL,2012-06-26,0.0100763358778625,49.46685997604842,12.1503355704698,28.65973154362416,20.40503355704698,0.0,0.0,0.0,0.0,0.0,0.0,2.0,0.0,0.0,0.0,0.0,0.0,0.0,0.0,0.0,0.0,0.0,0.0,0.0
IL,2012-06-27,0.0,48.9934042745469,13.036666666666669,30.377333333333336,21.707,1.0,0.0,0.0,0.0,0.0,0.0,1.0,0.0,0.0,0.0,0.0,0.0,0.0,0.0,0.0,0.0,0.0,0.0,0.0
IL,2012-06-28,0.0276073619631901,48.62965971941553,18.07,35.15266666666666,26.61133333333333,2.0,0.0,5.0,0.0,0.0,0.0,4.0,0.0,0.0,0.0,0.0,0.0,0.0,1.0,0.0,0.0,0.0,0.0,0.0
IL,2012-06-29,0.8619847328244276,56.974024507500125,21.04228187919464,37.35466666666667,29.193288590604027,7.0,0.0,17.0,0.0,3.0,0.0,7.0,0.0,0.0,0.0,2.0,0.0,0.0,4.0,0.0,0.0,0.0,0.0,0.0
IL,2012-06-30,6.59606413994169,62.81712577412993,20.746938775510205,35.50479452054795,28.11130136986301,11.0,1.0,30.0,0.0,2.0,0.0,4.0,0.0,0.0,1.0,2.0,0.0,0.0,4.0,0.0,0.0,0.0,0.0,0.0
IL,2012-07-01,1.3591962905718702,65.88056429766456,21.223076923076924,34.27708333333333,27.73986013986014,15.0,3.0,31.0,0.0,4.0,0.0,7.0,0.0,0.0,3.0,3.0,0.0,0.0,3.0,0.0,0.0,0.0,0.0,0.0
IL,2012-07-02,3.007544378698225,65.41391209342896,20.951351351351352,35.26216216216216,28.09931972789116,12.0,1.0,26.0,0.0,7.0,0.0,7.0,0.0,0.0,3.0,2.0,0.0,0.0,2.0,0.0,0.0,0.0,0.0,0.0
IL,2012-07-03,1.02263868065967,63.29084623950933,21.36824324324324,36.204054054054055,28.78614864864865,4.0,0.0,13.0,0.0,1.0,0.0,2.0,0.0,0.0,0.0,0.0,0.0,0.0,0.0,0.0,0.0,0.0,0.0,0.0
IL,2012-07-04,0.1744680851063829,61.34663927282311,22.73673469387755,36.42585034013606,29.5812925170068,3.0,0.0,7.0,0.0,1.0,0.0,3.0,0.0,0.0,0.0,0.0,0.0,0.0,0.0,0.0,0.0,0.0,0.0,0.0
IL,2012-07-05,0.0895295902883156,57.3669972541412,22.52312925170068,37.83061224489797,30.17687074829932,3.0,0.0,6.0,0.0,1.0,0.0,1.0,0.0,0.0,1.0,0.0,0.0,0.0,1.0,0.0,0.0,0.0,0.0,0.0
IL,2012-07-06,0.3412556053811659,57.664704834372806,23.489115646258504,38.59261744966443,31.03503401360544,2.0,0.0,2.0,0.0,0.0,0.0,0.0,0.0,0.0,0.0,0.0,0.0,0.0,1.0,0.0,0.0,0.0,0.0,0.0
IL,2012-07-07,0.1520801232665639,57.88224970737977,23.513513513513512,38.87635135135135,31.194932432432434,4.0,0.0,7.0,0.0,0.0,0.0,2.0,0.0,0.0,1.0,0.0,0.0,0.0,2.0,0.0,0.0,0.0,0.0,0.0
IL,2012-07-08,1.2614114114114114,61.60958052202695,21.70204081632653,37.13108108108108,29.4030612244898,6.0,0.0,19.0,0.0,2.0,0.0,1.0,0.0,0.0,3.0,1.0,0.0,0.0,1.0,0.0,0.0,0.0,0.0,0.0
IL,2012-07-09,2.725942028985507,62.158851953072045,18.548322147651007,32.565333333333335,25.548657718120804,3.0,0.0,17.0,0.0,0.0,0.0,2.0,0.0,0.0,1.0,0.0,0.0,0.0,1.0,0.0,0.0,0.0,0.0,0.0
IL,2012-07-10,0.3297176820208023,58.67026493712317,18.644295302013425,32.080666666666666,25.352684563758388,3.0,0.0,1.0,0.0,0.0,0.0,1.0,0.0,0.0,0.0,0.0,0.0,0.0,1.0,0.0,0.0,0.0,0.0,0.0
IL,2012-07-11,0.1327433628318584,54.66535811300679,17.28724832214765,31.798,24.53557046979866,2.0,0.0,0.0,0.0,0.0,0.0,0.0,0.0,0.0,0.0,0.0,0.0,0.0,2.0,0.0,0.0,0.0,0.0,0.0
IL,2012-07-12,0.0936170212765957,55.98377393749177,17.85034013605442,32.640136054421774,25.245238095238097,3.0,0.0,2.0,0.0,0.0,0.0,1.0,0.0,0.0,0.0,0.0,0.0,0.0,0.0,0.0,0.0,0.0,0.0,0.0
IL,2012-07-13,0.4522137404580152,63.75321729844602,19.10612244897959,33.295890410958904,26.2,7.0,0.0,18.0,0.0,1.0,0.0,5.0,0.0,0.0,0.0,2.0,0.0,0.0,5.0,0.0,0.0,0.0,0.0,0.0
IL,2012-07-14,4.7416422287390025,74.25577548806953,20.3896551724138,31.94861111111112,26.180208333333333,13.0,1.0,30.0,0.0,0.0,0.0,5.0,0.0,0.0,0.0,4.0,0.0,0.0,5.0,0.0,0.0,0.0,0.0,0.0
IL,2012-07-15,3.598350824587706,70.91193915857842,20.12945205479452,32.480136986301375,26.304794520547944,14.0,0.0,16.0,0.0,0.0,0.0,5.0,0.0,0.0,1.0,2.0,0.0,0.0,0.0,0.0,0.0,0.0,0.0,0.0
IL,2012-07-16,0.0983102918586789,65.39563216944072,21.43020134228188,34.493959731543626,27.965202702702705,7.0,0.0,0.0,1.0,0.0,0.0,3.0,0.0,0.0,0.0,1.0,0.0,0.0,0.0,0.0,0.0,0.0,0.0,0.0
IL,2012-07-17,0.1395770392749244,62.46483245954254,23.020805369127515,35.65,29.339597315436244,3.0,0.0,8.0,0.0,0.0,0.0,1.0,0.0,0.0,0.0,0.0,0.0,0.0,0.0,0.0,0.0,0.0,0.0,0.0
IL,2012-07-18,1.0016491754122938,63.55037258141206,23.20201342281879,36.78255033557047,29.992281879194632,10.0,0.0,21.0,1.0,1.0,0.0,2.0,0.0,0.0,0.0,2.0,0.0,0.0,4.0,0.0,0.0,0.0,0.0,0.0
IL,2012-07-19,14.834691011235954,67.28403987828993,22.846666666666668,36.502,29.67433333333333,13.0,0.0,48.0,0.0,0.0,0.0,4.0,0.0,0.0,1.0,3.0,0.0,0.0,5.0,0.0,0.0,0.0,0.0,0.0
IL,2012-07-20,0.5541158536585366,69.88439420849477,20.47086092715232,32.81006711409396,26.643624161073827,10.0,0.0,4.0,0.0,0.0,0.0,6.0,0.0,0.0,1.0,1.0,1.0,0.0,0.0,0.0,0.0,0.0,0.0,0.0
IL,2012-07-21,0.0281889763779527,63.44303334191293,17.00536912751678,30.467114093959733,23.73624161073825,9.0,0.0,0.0,0.0,0.0,0.0,1.0,0.0,0.0,0.0,0.0,0.0,0.0,0.0,0.0,0.0,0.0,0.0,0.0
IL,2012-07-22,0.0291993720565149,60.482616370950254,18.646938775510204,32.80472972972973,25.71632653061225,6.0,0.0,0.0,0.0,0.0,0.0,1.0,0.0,0.0,0.0,0.0,0.0,0.0,5.0,0.0,0.0,0.0,0.0,0.0
IL,2012-07-23,0.060122699386503,55.74427011337748,22.18933333333333,35.41,28.799666666666667,3.0,0.0,0.0,1.0,0.0,0.0,2.0,0.0,0.0,0.0,0.0,0.0,0.0,2.0,0.0,0.0,0.0,0.0,0.0
IL,2012-07-24,3.5021929824561404,59.96244833802667,23.532,36.67533333333333,30.10366666666667,7.0,0.0,23.0,0.0,0.0,0.0,3.0,0.0,0.0,9.0,0.0,0.0,0.0,2.0,0.0,0.0,0.0,0.0,0.0
IL,2012-07-25,1.3199701937406856,57.68360933063396,22.623841059602647,36.13774834437086,29.380794701986755,3.0,0.0,14.0,0.0,0.0,1.0,4.0,0.0,0.0,1.0,0.0,0.0,0.0,1.0,0.0,0.0,0.0,0.0,0.0
IL,2012-07-26,2.861318051575932,60.595528929130246,22.69006622516556,36.89533333333333,29.79233333333333,5.0,0.0,41.0,0.0,0.0,0.0,3.0,0.0,0.0,3.0,2.0,0.0,0.0,6.0,0.0,0.0,0.0,0.0,0.0
IL,2012-07-27,2.449034175334324,67.2647652512978,19.56689189189189,32.704081632653065,26.13972602739726,6.0,0.0,22.0,0.0,0.0,0.0,1.0,0.0,0.0,1.0,0.0,0.0,0.0,3.0,0.0,0.0,0.0,0.0,0.0
IL,2012-07-28,0.2232744783306581,62.874195060887615,17.51388888888889,31.38472222222222,24.449305555555554,5.0,0.0,1.0,0.0,0.0,0.0,2.0,0.0,0.0,0.0,0.0,0.0,0.0,2.0,0.0,0.0,0.0,0.0,0.0
IL,2012-07-29,0.0922955974842767,64.75991732308826,17.260544217687077,30.338513513513515,23.7874149659864,6.0,0.0,2.0,0.0,0.0,0.0,2.0,0.0,0.0,0.0,1.0,0.0,0.0,5.0,0.0,0.0,0.0,0.0,0.0
IL,2012-07-30,0.4433846153846154,64.49913416619952,19.223489932885908,31.642,25.44194630872483,4.0,0.0,1.0,0.0,0.0,0.0,2.0,0.0,0.0,0.0,1.0,0.0,0.0,0.0,0.0,0.0,0.0,0.0,0.0
IL,2012-07-31,2.2562225475841875,65.80211712241889,20.0375,33.42465753424658,26.74548611111111,18.0,1.0,22.0,0.0,1.0,1.0,5.0,0.0,0.0,0.0,2.0,0.0,0.0,3.0,0.0,0.0,0.0,0.0,0.0
IL,2012-08-01,0.2835329341317365,58.80074983333421,18.58851351351351,34.5304054054054,26.559459459459458,12.0,0.0,3.0,0.0,0.0,0.0,4.0,0.0,0.0,0.0,1.0,0.0,0.0,0.0,0.0,0.0,0.0,0.0,0.0
IL,2012-08-02,0.3715396578538102,56.69817257163327,18.71689189189189,34.76554054054054,26.741216216216216,7.0,1.0,13.0,0.0,0.0,0.0,4.0,0.0,0.0,0.0,1.0,0.0,0.0,1.0,0.0,0.0,0.0,0.0,0.0
IL,2012-08-03,4.456906906906907,71.03969204518081,19.67315436241611,34.90201342281879,27.287583892617448,26.0,1.0,15.0,0.0,0.0,0.0,8.0,0.0,0.0,2.0,5.0,0.0,0.0,0.0,0.0,0.0,0.0,0.0,0.0
IL,2012-08-04,1.2237003058103977,73.4515580145553,21.070068027210887,33.931756756756755,27.503061224489795,18.0,3.0,27.0,0.0,0.0,0.0,12.0,0.0,0.0,5.0,3.0,0.0,0.0,3.0,0.0,0.0,0.0,0.0,0.0
IL,2012-08-05,14.585449358059916,67.84445533849765,19.62925170068027,32.487162162162164,26.04965986394558,10.0,0.0,49.0,0.0,1.0,0.0,0.0,0.0,0.0,11.0,1.0,0.0,0.0,1.0,0.0,0.0,0.0,0.0,0.0
IL,2012-08-06,0.0778625954198473,57.89880852824832,15.059863945578233,30.335374149659867,22.69761904761905,6.0,0.0,0.0,0.0,0.0,0.0,2.0,0.0,0.0,0.0,0.0,0.0,0.0,0.0,0.0,0.0,0.0,0.0,0.0
IL,2012-08-07,0.0013636363636363,55.16164363596479,15.293288590604025,32.40536912751678,23.849328859060403,4.0,0.0,1.0,0.0,0.0,0.0,3.0,0.0,0.0,0.0,0.0,0.0,0.0,1.0,0.0,0.0,0.0,0.0,0.0
IL,2012-08-08,0.1222551928783382,62.06853552046694,17.548648648648648,34.18783783783784,25.86824324324324,11.0,0.0,4.0,0.0,0.0,0.0,1.0,0.0,0.0,0.0,2.0,0.0,0.0,6.0,0.0,0.0,0.0,0.0,0.0
IL,2012-08-09,2.572294372294372,70.57281753594654,18.47364864864865,30.948299319727887,24.722602739726028,15.0,0.0,22.0,0.0,0.0,0.0,2.0,0.0,0.0,0.0,4.0,0.0,0.0,5.0,0.0,0.0,0.0,0.0,0.0
IL,2012-08-10,6.282262569832403,69.41068603284116,15.997986577181209,28.752666666666663,22.39731543624161,9.0,0.0,24.0,0.0,1.0,0.0,0.0,0.0,0.0,1.0,2.0,0.0,0.0,1.0,0.0,0.0,0.0,0.0,0.0
IL,2012-08-11,0.1059633027522935,56.32831478003744,11.869594594594597,26.28581081081081,19.0777027027027,1.0,0.0,0.0,0.0,0.0,0.0,0.0,0.0,0.0,0.0,0.0,0.0,0.0,0.0,0.0,0.0,0.0,0.0,0.0
IL,2012-08-12,0.1331768388106416,63.3415292933688,12.106849315068493,27.09520547945205,19.601027397260275,5.0,0.0,6.0,0.0,0.0,0.0,1.0,0.0,0.0,0.0,2.0,0.0,0.0,6.0,0.0,0.0,0.0,0.0,0.0
IL,2012-08-13,7.194421199442119,78.6361996936014,14.797972972972971,25.34527027027027,20.07162162162162,21.0,3.0,42.0,0.0,2.0,0.0,6.0,0.0,0.0,0.0,4.0,1.0,0.0,5.0,0.0,0.0,0.0,0.0,0.0
IL,2012-08-14,3.676368876080692,75.80414018432923,14.793959731543625,24.77919463087248,19.78657718120805,53.0,6.0,4.0,0.0,0.0,0.0,5.0,0.0,0.0,0.0,6.0,0.0,0.0,1.0,0.0,0.0,0.0,0.0,0.0
IL,2012-08-15,0.321513353115727,64.90879970060635,15.028378378378378,28.6222972972973,21.82533783783784,12.0,1.0,3.0,0.0,0.0,0.0,4.0,0.0,0.0,0.0,0.0,0.0,0.0,4.0,0.0,0.0,0.0,0.0,0.0
IL,2012-08-16,2.361855670103093,69.70011821133016,16.667123287671235,29.844897959183672,23.251712328767123,14.0,1.0,36.0,0.0,2.0,0.0,7.0,0.0,0.0,0.0,4.0,0.0,0.0,6.0,0.0,0.0,0.0,0.0,0.0
IL,2012-08-17,16.33732590529248,69.27846559379552,13.060402684563758,27.11,20.06073825503356,9.0,0.0,48.0,0.0,9.0,0.0,0.0,0.0,0.0,3.0,0.0,0.0,0.0,0.0,0.0,0.0,0.0,0.0,0.0
IL,2012-08-18,0.0113636363636363,61.57869466404267,10.693243243243243,25.589115646258502,18.141496598639456,11.0,1.0,0.0,0.0,0.0,0.0,1.0,0.0,0.0,0.0,0.0,0.0,0.0,0.0,0.0,0.0,0.0,0.0,0.0
IL,2012-08-19,0.0506849315068493,60.74823671881441,12.277241379310343,26.324657534246576,19.29586206896552,2.0,0.0,2.0,0.0,0.0,0.0,1.0,0.0,0.0,0.0,0.0,0.0,0.0,2.0,0.0,0.0,0.0,0.0,0.0
IL,2012-08-20,0.3953937592867756,64.60916002202701,11.754362416107384,26.675167785234898,19.21476510067114,14.0,1.0,13.0,0.0,1.0,0.0,2.0,0.0,0.0,0.0,0.0,0.0,0.0,1.0,0.0,0.0,0.0,0.0,0.0
IL,2012-08-21,2.031,61.67564566620367,11.586666666666666,27.416666666666668,19.501666666666665,20.0,1.0,5.0,0.0,0.0,0.0,2.0,0.0,0.0,0.0,0.0,0.0,0.0,0.0,0.0,0.0,0.0,0.0,0.0
IL,2012-08-22,0.0222713864306784,55.90839755381992,12.060135135135136,29.28243243243244,20.67128378378378,5.0,0.0,0.0,0.0,0.0,0.0,1.0,0.0,0.0,0.0,0.0,0.0,0.0,1.0,0.0,0.0,0.0,0.0,0.0
IL,2012-08-23,0.0734992679355783,53.51267598711839,14.340939597315437,32.14697986577181,23.243959731543622,3.0,0.0,2.0,0.0,0.0,0.0,3.0,0.0,0.0,0.0,0.0,0.0,0.0,1.0,0.0,0.0,0.0,0.0,0.0
IL,2012-08-24,0.0475975975975975,51.46452905731006,17.005442176870748,33.91768707482993,25.46472602739726,1.0,0.0,0.0,0.0,0.0,0.0,2.0,0.0,0.0,0.0,0.0,0.0,0.0,0.0,0.0,0.0,0.0,0.0,0.0
IL,2012-08-25,0.0117737003058103,55.95656261959502,17.17278911564626,33.8527027027027,25.516326530612247,2.0,0.0,0.0,0.0,0.0,0.0,2.0,0.0,0.0,0.0,0.0,0.0,0.0,1.0,0.0,0.0,0.0,0.0,0.0
IL,2012-08-26,2.0079341317365267,73.64316297985184,18.570945945945947,31.814864864864862,25.192905405405405,20.0,4.0,11.0,0.0,0.0,0.0,3.0,0.0,0.0,0.0,6.0,0.0,0.0,6.0,0.0,0.0,0.0,0.0,0.0
IL,2012-08-27,30.073755047106324,73.96053316642501,19.23624161073825,28.876666666666665,24.06006711409396,40.0,5.0,17.0,0.0,0.0,0.0,6.0,0.0,0.0,0.0,6.0,0.0,0.0,1.0,0.0,0.0,0.0,0.0,0.0
IL,2012-08-28,0.1438622754491018,61.33034654330329,15.990666666666666,31.028666666666663,23.509666666666664,9.0,1.0,0.0,0.0,0.0,0.0,3.0,0.0,0.0,0.0,1.0,0.0,0.0,0.0,0.0,0.0,0.0,1.0,0.0
IL,2012-08-29,0.001188707280832,61.439178898303695,16.168,31.39666666666667,23.782333333333334,3.0,0.0,0.0,0.0,0.0,0.0,1.0,0.0,0.0,0.0,1.0,0.0,0.0,0.0,0.0,0.0,0.0,0.0,0.0
IL,2012-08-30,0.0591527987897125,58.80087380591635,17.05167785234899,32.1503355704698,24.6010067114094,1.0,0.0,0.0,0.0,0.0,0.0,2.0,0.0,0.0,0.0,0.0,0.0,0.0,0.0,0.0,0.0,0.0,0.0,0.0
IL,2012-08-31,0.73515625,68.52477410371462,18.79310344827586,32.74965517241379,25.771379310344827,9.0,1.0,5.0,0.0,0.0,0.0,3.0,0.0,0.0,0.0,3.0,0.0,0.0,3.0,0.0,0.0,0.0,0.0,0.0
IL,2012-09-01,21.37946554149085,83.38792964778169,20.99664429530201,29.616666666666667,25.303355704697985,17.0,1.0,21.0,0.0,0.0,0.0,2.0,0.0,0.0,0.0,4.0,0.0,0.0,6.0,0.0,0.0,0.0,0.0,0.0
IL,2012-09-02,23.194265734265738,87.6919191099044,21.26418918918919,27.34496644295302,24.30675675675676,19.0,0.0,20.0,0.0,0.0,1.0,3.0,0.0,0.0,1.0,4.0,0.0,0.0,5.0,0.0,0.0,0.0,0.0,0.0
IL,2012-09-03,2.952888888888889,81.71607253190255,20.73758389261745,28.883108108108107,24.807094594594595,23.0,1.0,3.0,0.0,0.0,0.0,5.0,0.0,0.0,0.0,4.0,0.0,0.0,1.0,0.0,0.0,0.0,0.0,0.0
IL,2012-09-04,1.593948562783661,75.51174863132775,20.17315436241611,31.437583892617447,25.80536912751678,31.0,2.0,13.0,0.0,0.0,0.0,4.0,0.0,0.0,0.0,2.0,0.0,0.0,2.0,0.0,0.0,0.0,0.0,0.0
IL,2012-09-05,5.101123595505618,79.56521560928537,18.64563758389261,31.863087248322145,25.254362416107384,17.0,1.0,53.0,0.0,1.0,0.0,4.0,0.0,0.0,5.0,1.0,0.0,0.0,6.0,0.0,0.0,0.0,0.0,0.0
IL,2012-09-06,4.072052401746725,72.1675688260933,17.92635135135135,29.91283783783784,23.919594594594592,34.0,6.0,19.0,0.0,0.0,0.0,4.0,0.0,0.0,2.0,2.0,0.0,0.0,0.0,0.0,0.0,0.0,0.0,0.0
IL,2012-09-07,2.9103896103896103,78.37306222172084,16.393959731543625,29.69664429530201,23.04530201342282,21.0,1.0,38.0,0.0,1.0,0.0,4.0,0.0,0.0,1.0,5.0,0.0,0.0,6.0,0.0,0.0,0.0,0.0,0.0
IL,2012-09-08,12.854403409090908,71.17047917562134,11.954421768707483,26.070068027210887,19.012244897959185,11.0,0.0,41.0,0.0,1.0,0.0,0.0,0.0,0.0,2.0,1.0,0.0,0.0,2.0,0.0,0.0,0.0,0.0,0.0
IL,2012-09-09,1.856711915535445,68.62044226712219,11.331506849315067,22.95958904109589,17.14554794520548,3.0,0.0,0.0,0.0,0.0,0.0,0.0,0.0,0.0,0.0,0.0,0.0,0.0,0.0,0.0,0.0,0.0,0.0,0.0
IL,2012-09-10,0.0365443425076452,65.03014212998083,9.627702702702702,24.04765100671141,16.83817567567568,11.0,0.0,0.0,0.0,0.0,0.0,0.0,0.0,0.0,0.0,1.0,0.0,0.0,0.0,0.0,0.0,0.0,0.0,0.0
IL,2012-09-11,0.0705705705705705,64.45687905538968,10.75472972972973,26.39060402684564,18.57533783783784,4.0,1.0,0.0,0.0,0.0,0.0,1.0,0.0,0.0,0.0,0.0,0.0,0.0,0.0,0.0,0.0,0.0,0.0,0.0
IL,2012-09-12,0.0,63.40441431154159,13.275862068965518,28.80608108108108,21.04793103448276,3.0,0.0,0.0,0.0,0.0,0.0,4.0,0.0,0.0,0.0,0.0,0.0,0.0,0.0,0.0,0.0,0.0,0.0,0.0
IL,2012-09-13,0.1893939393939394,69.22356667161543,14.139864864864863,28.18187919463088,21.15675675675676,18.0,1.0,0.0,0.0,0.0,0.0,2.0,0.0,0.0,0.0,5.0,1.0,0.0,6.0,0.0,0.0,0.0,0.0,0.0
IL,2012-09-14,4.672408963585434,73.48134118924752,10.792567567567568,23.516438356164382,17.18082191780822,38.0,3.0,0.0,0.0,0.0,0.0,1.0,0.0,0.0,0.0,4.0,0.0,0.0,2.0,0.0,0.0,0.0,0.0,0.0
IL,2012-09-15,0.1614791987673343,63.69272899117746,9.310204081632651,23.421917808219177,16.37705479452055,8.0,0.0,0.0,0.0,0.0,0.0,1.0,0.0,0.0,0.0,0.0,0.0,0.0,0.0,0.0,0.0,0.0,0.0,0.0
IL,2012-09-16,0.07890625,68.77111885334133,9.89795918367347,24.50136054421769,17.199659863945577,9.0,1.0,0.0,0.0,0.0,0.0,3.0,0.0,0.0,0.0,3.0,0.0,0.0,0.0,0.0,0.0,0.0,0.0,0.0
IL,2012-09-17,0.7468085106382978,83.00411979876507,11.706040268456375,24.58322147651007,18.144630872483223,44.0,6.0,17.0,0.0,1.0,1.0,9.0,0.0,0.0,0.0,5.0,0.0,0.0,6.0,0.0,0.0,0.0,0.0,0.0
IL,2012-09-18,5.907062146892655,67.07161271704878,8.03061224489796,22.45945945945946,15.2421768707483,13.0,0.0,22.0,0.0,0.0,0.0,2.0,0.0,0.0,0.0,0.0,0.0,0.0,1.0,0.0,0.0,0.0,0.0,0.0
IL,2012-09-19,0.0109422492401215,59.33878584224774,4.7517006802721085,19.88503401360544,12.318367346938777,7.0,0.0,5.0,0.0,0.0,0.0,0.0,0.0,0.0,0.0,0.0,0.0,0.0,3.0,0.0,0.0,0.0,0.0,0.0
IL,2012-09-20,0.143875968992248,53.43633418020436,7.465753424657534,23.25958904109589,15.36267123287671,3.0,0.0,5.0,1.0,0.0,0.0,3.0,0.0,0.0,0.0,0.0,0.0,0.0,0.0,0.0,0.0,0.0,0.0,0.0
IL,2012-09-21,0.4417298937784522,67.80533366021504,8.277027027027026,22.638513513513512,15.45777027027027,15.0,2.0,7.0,0.0,0.0,0.0,5.0,0.0,0.0,0.0,1.0,0.0,0.0,5.0,0.0,0.0,0.0,1.0,0.0
IL,2012-09-22,4.418786982248521,66.9441229143669,7.116551724137931,20.24722222222222,13.685416666666669,23.0,4.0,10.0,0.0,2.0,0.0,2.0,0.0,0.0,0.0,1.0,0.0,0.0,1.0,0.0,0.0,0.0,0.0,0.0
IL,2012-09-23,0.0391785150078988,60.6601244025058,2.8835616438356166,17.481379310344828,10.190344827586204,6.0,0.0,0.0,0.0,0.0,0.0,1.0,0.0,0.0,0.0,0.0,0.0,0.0,0.0,0.0,0.0,0.0,0.0,0.0
IL,2012-09-24,0.0032710280373831,56.14499972379824,1.7285714285714284,19.23851351351352,10.48095238095238,8.0,1.0,1.0,0.0,0.0,0.0,0.0,0.0,0.0,0.0,0.0,0.0,0.0,0.0,0.0,0.0,0.0,0.0,0.0
IL,2012-09-25,2.868292682926829,66.97961195594831,5.748611111111111,23.032413793103448,14.401041666666666,15.0,1.0,31.0,0.0,0.0,0.0,4.0,0.0,0.0,0.0,4.0,0.0,0.0,3.0,0.0,0.0,0.0,0.0,0.0
IL,2012-09-26,6.852888888888889,83.24958807516835,12.84041095890411,24.457534246575342,18.630344827586207,45.0,4.0,26.0,0.0,1.0,0.0,4.0,0.0,0.0,0.0,5.0,0.0,0.0,2.0,0.0,0.0,0.0,0.0,0.0
IL,2012-09-27,2.1900751879699247,75.36435523452764,10.976027397260276,22.904794520547945,16.94041095890411,12.0,4.0,6.0,0.0,0.0,0.0,5.0,0.0,0.0,0.0,0.0,0.0,0.0,0.0,0.0,0.0,0.0,0.0,0.0
IL,2012-09-28,0.4321592649310872,70.82594233170295,8.74,21.53904109589041,15.137241379310346,10.0,0.0,1.0,0.0,0.0,0.0,4.0,0.0,0.0,0.0,1.0,0.0,0.0,1.0,0.0,0.0,0.0,0.0,0.0
IL,2012-09-29,0.0677884615384615,64.71145633398194,6.993835616438356,22.728965517241377,14.861458333333337,23.0,0.0,0.0,0.0,0.0,0.0,6.0,0.0,0.0,0.0,2.0,0.0,0.0,0.0,0.0,0.0,0.0,0.0,0.0
IL,2012-09-30,0.0009630818619582,65.97220191309559,7.495104895104895,23.91958041958042,15.710211267605631,12.0,1.0,0.0,0.0,0.0,1.0,3.0,0.0,0.0,0.0,0.0,0.0,0.0,0.0,0.0,0.0,0.0,0.0,0.0
IL,2012-10-01,0.1094135802469135,70.22955925578802,8.383783783783784,21.06891891891892,14.72635135135135,8.0,0.0,1.0,0.0,0.0,1.0,2.0,0.0,0.0,0.0,0.0,0.0,0.0,0.0,0.0,0.0,0.0,0.0,0.0
IL,2012-10-02,0.6180851063829788,72.40116309369547,8.775,18.83243243243243,13.803716216216216,17.0,0.0,0.0,0.0,0.0,0.0,2.0,0.0,0.0,0.0,1.0,0.0,0.0,2.0,0.0,0.0,0.0,1.0,0.0
IL,2012-10-03,1.2019461077844311,75.83100787335276,10.131292517006802,20.87364864864865,15.497959183673467,28.0,1.0,2.0,0.0,0.0,0.0,4.0,0.0,0.0,0.0,2.0,2.0,0.0,5.0,0.0,0.0,0.0,0.0,0.0
IL,2012-10-04,1.8846268656716416,73.19408388669146,10.749315068493152,23.08367346938776,16.923287671232877,19.0,0.0,10.0,0.0,0.0,0.0,4.0,0.0,0.0,0.0,2.0,0.0,0.0,6.0,0.0,0.0,0.0,0.0,0.0
IL,2012-10-05,7.865476190476191,77.54736846910107,5.632432432432433,20.739864864864863,13.186148648648649,11.0,0.0,42.0,1.0,0.0,0.0,2.0,0.0,0.0,0.0,2.0,0.0,0.0,3.0,0.0,0.0,0.0,0.0,0.0
IL,2012-10-06,5.280952380952381,69.97526032500522,0.5923611111111111,10.413380281690142,5.499295774647887,4.0,0.0,8.0,1.0,0.0,0.0,0.0,0.0,0.0,0.0,0.0,0.0,0.0,0.0,0.0,0.0,0.0,0.0,0.0
IL,2012-10-07,0.0161137440758293,59.393283355511954,1.1503401360544216,10.294557823129251,5.722448979591837,1.0,0.0,0.0,0.0,0.0,0.0,0.0,0.0,0.0,0.0,0.0,0.0,0.0,0.0,0.0,0.0,0.0,0.0,0.0
IL,2012-10-08,0.0,61.61976540728507,-0.0265306122448979,12.668493150684933,6.320890410958905,5.0,2.0,0.0,0.0,0.0,0.0,0.0,0.0,0.0,0.0,0.0,0.0,0.0,0.0,0.0,0.0,0.0,0.0,0.0
IL,2012-10-09,0.1495384615384615,62.11983748123576,1.8312925170068024,16.451700680272108,9.141496598639456,16.0,0.0,0.0,0.0,0.0,0.0,2.0,0.0,0.0,0.0,1.0,0.0,0.0,6.0,0.0,0.0,0.0,0.0,0.0
IL,2012-10-10,3.4049715909090907,64.57105709359752,1.96530612244898,16.63972602739726,9.307191780821915,2.0,0.0,0.0,0.0,0.0,0.0,1.0,0.0,0.0,0.0,0.0,0.0,0.0,0.0,0.0,0.0,0.0,0.0,0.0
IL,2012-10-11,0.0756211180124223,60.83674166139065,1.0013793103448274,14.730344827586208,7.865862068965517,3.0,0.0,2.0,0.0,0.0,0.0,0.0,0.0,0.0,0.0,0.0,0.0,0.0,2.0,0.0,0.0,0.0,0.0,0.0
IL,2012-10-12,0.529500756429652,63.50487280494084,3.084931506849315,17.656849315068495,10.370890410958904,3.0,1.0,2.0,0.0,0.0,0.0,0.0,0.0,0.0,0.0,0.0,0.0,0.0,2.0,0.0,0.0,0.0,0.0,0.0
IL,2012-10-13,1.7174382716049383,79.56957338601147,5.9631944444444445,17.57986111111111,11.771527777777775,23.0,0.0,14.0,0.0,0.0,0.0,4.0,0.0,0.0,0.0,6.0,2.0,0.0,6.0,0.0,0.0,0.0,0.0,0.0
IL,2012-10-14,21.67322946175637,83.52121289080092,10.354794520547944,21.223972602739725,15.789383561643836,23.0,0.0,36.0,0.0,1.0,0.0,4.0,0.0,0.0,1.0,6.0,1.0,0.0,6.0,0.0,0.0,0.0,0.0,0.0
IL,2012-10-15,5.947953216374269,70.90332539995096,5.890277777777778,19.89862068965517,12.882638888888888,12.0,0.0,14.0,0.0,0.0,0.0,5.0,0.0,0.0,3.0,1.0,0.0,0.0,0.0,0.0,0.0,0.0,0.0,0.0
IL,2012-10-16,0.0056060606060606,70.49279176195715,5.307482993197279,19.705442176870747,12.506462585034011,4.0,0.0,0.0,0.0,0.0,0.0,4.0,0.0,0.0,0.0,0.0,0.0,0.0,0.0,0.0,0.0,0.0,0.0,0.0
IL,2012-10-17,1.0505311077389985,69.25727141980936,8.67123287671233,22.58,15.632413793103447,18.0,0.0,20.0,0.0,0.0,0.0,4.0,0.0,0.0,2.0,6.0,0.0,0.0,6.0,0.0,0.0,0.0,0.0,0.0
IL,2012-10-18,18.89848901098901,71.05208567446009,7.1544827586206905,18.09861111111111,12.622569444444444,12.0,0.0,52.0,0.0,0.0,0.0,0.0,0.0,0.0,1.0,2.0,1.0,0.0,6.0,0.0,0.0,0.0,0.0,0.0
IL,2012-10-19,3.756776034236805,79.03643388640906,6.7315068493150685,12.779591836734694,9.740410958904109,23.0,0.0,3.0,0.0,0.0,0.0,1.0,0.0,0.0,0.0,5.0,2.0,0.0,6.0,0.0,0.0,0.0,0.0,0.0
IL,2012-10-20,2.851411589895988,80.61695216998453,5.243971631205674,12.482394366197184,8.860283687943262,24.0,2.0,1.0,1.0,0.0,0.0,1.0,0.0,0.0,0.0,2.0,0.0,0.0,2.0,0.0,0.0,0.0,1.0,0.0
IL,2012-10-21,0.0378378378378378,76.39654932585637,4.76013986013986,17.193706293706292,10.976923076923075,17.0,1.0,0.0,0.0,0.0,0.0,4.0,0.0,0.0,0.0,0.0,0.0,0.0,0.0,0.0,0.0,0.0,1.0,0.0
IL,2012-10-22,0.9135514018691588,77.70719143115365,8.907586206896552,22.178620689655173,15.54310344827586,18.0,1.0,27.0,0.0,0.0,0.0,3.0,0.0,0.0,0.0,5.0,1.0,0.0,6.0,0.0,0.0,0.0,0.0,0.0
IL,2012-10-23,11.905657708628004,78.89156868785038,14.765277777777776,21.737241379310344,18.242013888888888,31.0,1.0,49.0,0.0,0.0,0.0,2.0,0.0,0.0,0.0,5.0,0.0,0.0,6.0,0.0,0.0,0.0,0.0,0.0
IL,2012-10-24,2.7831378299120235,76.79759821059119,15.104166666666666,23.95172413793104,19.541666666666668,6.0,0.0,9.0,0.0,0.0,0.0,2.0,0.0,0.0,0.0,1.0,0.0,0.0,1.0,0.0,0.0,0.0,0.0,0.0
IL,2012-10-25,0.4869499241274658,75.28047396239793,13.082876712328767,25.89520547945205,19.48904109589041,17.0,0.0,9.0,0.0,0.0,0.0,1.0,0.0,0.0,1.0,5.0,1.0,0.0,6.0,0.0,0.0,0.0,0.0,0.0
IL,2012-10-26,9.116666666666664,72.35209999976168,2.4258741258741257,20.23566433566433,11.33076923076923,3.0,0.0,10.0,0.0,0.0,0.0,2.0,0.0,0.0,0.0,0.0,0.0,0.0,0.0,0.0,0.0,0.0,0.0,0.0
IL,2012-10-27,0.1055205047318612,68.42436061553033,-0.3145833333333333,9.45448275862069,4.565972222222222,1.0,0.0,0.0,0.0,0.0,0.0,0.0,0.0,0.0,0.0,0.0,0.0,0.0,0.0,0.0,0.0,0.0,0.0,0.0
IL,2012-10-28,0.0248397435897435,67.44324571382897,-0.1263888888888888,9.590344827586206,4.726736111111111,0.0,0.0,0.0,0.0,0.0,0.0,1.0,0.0,0.0,0.0,0.0,0.0,0.0,0.0,0.0,0.0,0.0,0.0,0.0
IL,2012-10-29,0.0160629921259842,65.70194883318321,-0.448951048951049,10.724305555555556,5.136363636363637,0.0,0.0,0.0,0.0,0.0,0.0,3.0,0.0,0.0,0.0,0.0,0.0,0.0,0.0,0.0,0.0,0.0,0.0,0.0
IL,2012-10-30,0.0012326656394453,54.11676161360508,0.3854166666666667,11.140689655172414,5.757291666666666,0.0,0.0,0.0,0.0,0.0,0.0,2.0,0.0,0.0,0.0,0.0,0.0,0.0,1.0,0.0,0.0,0.0,0.0,0.0
IL,2012-10-31,0.0277258566978193,57.67098394923966,-0.6013698630136987,10.895890410958904,5.147260273972603,0.0,0.0,0.0,0.0,0.0,0.0,1.0,0.0,0.0,0.0,0.0,0.0,0.0,0.0,0.0,0.0,0.0,0.0,0.0
IL,2012-11-01,0.0,54.42523363980129,-1.1595890410958904,11.898630136986302,5.369520547945206,0.0,0.0,0.0,0.0,0.0,0.0,2.0,0.0,0.0,0.0,0.0,0.0,0.0,0.0,0.0,0.0,0.0,0.0,0.0
IL,2012-11-02,0.0,65.08463479248013,-0.4889655172413794,13.16206896551724,6.336551724137931,0.0,0.0,1.0,0.0,0.0,0.0,3.0,0.0,0.0,0.0,0.0,0.0,0.0,0.0,0.0,0.0,0.0,0.0,0.0
IL,2012-11-03,0.7721003134796238,73.37511044329764,0.3249999999999999,9.96923076923077,5.146153846153846,8.0,0.0,20.0,2.0,2.0,0.0,2.0,0.0,0.0,0.0,0.0,0.0,0.0,5.0,0.0,0.0,0.0,0.0,0.0
IL,2012-11-04,0.2105263157894736,77.39730876158026,-1.4888111888111888,9.323776223776225,3.917482517482518,16.0,0.0,0.0,2.0,1.0,0.0,5.0,0.0,0.0,0.0,2.0,0.0,0.0,1.0,0.0,0.0,0.0,0.0,0.0
IL,2012-11-05,0.2926332288401254,79.96459899828734,-1.271917808219178,8.758503401360544,3.733219178082192,18.0,0.0,0.0,0.0,0.0,0.0,1.0,0.0,0.0,0.0,3.0,0.0,0.0,2.0,0.0,0.0,0.0,0.0,0.0
IL,2012-11-06,0.5613354037267081,84.45224720416616,0.0387755102040816,7.125675675675675,3.581972789115646,25.0,1.0,0.0,0.0,0.0,0.0,11.0,0.0,0.0,0.0,6.0,1.0,0.0,6.0,0.0,1.0,0.0,0.0,0.0
IL,2012-11-07,3.6927745664739886,88.62206022363729,2.0945205479452054,7.028378378378378,4.550684931506849,38.0,0.0,0.0,1.0,0.0,0.0,10.0,0.0,0.0,0.0,3.0,1.0,0.0,4.0,0.0,0.0,0.0,0.0,0.0
IL,2012-11-08,0.084984520123839,80.70175275858207,1.3815068493150684,8.681756756756757,5.03972602739726,31.0,1.0,0.0,0.0,0.0,0.0,11.0,0.0,0.0,0.0,3.0,0.0,0.0,0.0,0.0,0.0,0.0,0.0,0.0
IL,2012-11-09,0.0014195583596214,76.63039502412265,1.391780821917808,12.868707482993198,7.128767123287671,17.0,0.0,0.0,0.0,0.0,0.0,10.0,0.0,0.0,0.0,2.0,0.0,0.0,0.0,0.0,0.0,0.0,0.0,0.0
IL,2012-11-10,0.1163166397415185,69.200421591396,6.245578231292517,18.5374149659864,12.391496598639456,5.0,0.0,12.0,0.0,1.0,0.0,4.0,0.0,0.0,0.0,0.0,0.0,0.0,5.0,0.0,0.0,0.0,0.0,0.0
IL,2012-11-11,2.291276252019386,66.2234722801499,9.452083333333333,21.222758620689657,15.32638888888889,17.0,0.0,5.0,1.0,2.0,0.0,4.0,0.0,0.0,0.0,6.0,0.0,0.0,6.0,0.0,3.0,0.0,0.0,0.0
IL,2012-11-12,16.786924219910848,75.13655855219599,-2.294594594594595,15.502027027027028,6.603716216216216,10.0,0.0,2.0,7.0,0.0,0.0,0.0,0.0,0.0,1.0,1.0,0.0,0.0,1.0,0.0,3.0,0.0,0.0,0.0
IL,2012-11-13,0.0862838915470494,67.44999779841284,-4.65578231292517,5.214383561643835,0.2784246575342465,2.0,0.0,0.0,0.0,0.0,0.0,1.0,0.0,0.0,0.0,0.0,0.0,0.0,0.0,0.0,0.0,0.0,0.0,0.0
IL,2012-11-14,0.0,71.59446877335776,-3.6732876712328766,7.0630136986301375,1.683448275862069,0.0,0.0,0.0,0.0,0.0,0.0,2.0,0.0,0.0,0.0,0.0,0.0,0.0,0.0,0.0,0.0,0.0,0.0,0.0
IL,2012-11-15,0.0012678288431061,74.62030118141662,-3.0421768707482992,8.944897959183674,2.951360544217687,16.0,0.0,0.0,0.0,0.0,1.0,11.0,0.0,0.0,0.0,0.0,0.0,0.0,0.0,0.0,0.0,0.0,0.0,0.0
IL,2012-11-16,0.0004777070063694,71.85581100025847,-2.93986013986014,10.959027777777775,4.005244755244755,22.0,4.0,0.0,0.0,0.0,1.0,13.0,0.0,0.0,0.0,3.0,0.0,0.0,0.0,0.0,0.0,0.0,0.0,0.0
IL,2012-11-17,0.0,71.03159064254928,-2.571527777777778,12.883448275862069,5.142708333333333,21.0,2.0,0.0,0.0,0.0,0.0,16.0,0.0,0.0,0.0,3.0,0.0,0.0,0.0,0.0,0.0,0.0,1.0,0.0
IL,2012-11-18,0.001317957166392,69.52124063719384,-1.583448275862069,13.747945205479452,6.081724137931035,13.0,1.0,0.0,0.0,0.0,0.0,13.0,0.0,0.0,0.0,4.0,0.0,0.0,0.0,0.0,0.0,0.0,1.0,0.0
IL,2012-11-19,0.0146302250803858,70.24855505604152,0.7595890410958904,14.73767123287671,7.731034482758621,6.0,0.0,0.0,0.0,0.0,0.0,8.0,0.0,0.0,0.0,0.0,0.0,0.0,5.0,0.0,0.0,0.0,0.0,0.0
IL,2012-11-20,0.1743348982785602,73.98552361506418,3.852739726027397,14.373469387755105,9.103424657534246,29.0,7.0,0.0,0.0,0.0,0.0,13.0,0.0,0.0,0.0,6.0,0.0,0.0,0.0,0.0,0.0,0.0,0.0,0.0
IL,2012-11-21,0.0160975609756097,87.56678890889107,2.093103448275862,15.30068493150685,8.690344827586205,98.0,17.0,0.0,0.0,0.0,0.0,13.0,0.0,0.0,0.0,6.0,0.0,0.0,0.0,0.0,0.0,0.0,0.0,0.0
IL,2012-11-22,0.2240336134453781,79.92731978983582,2.578169014084508,15.641549295774649,9.109859154929577,31.0,3.0,7.0,0.0,0.0,0.0,15.0,0.0,0.0,0.0,3.0,0.0,0.0,5.0,0.0,0.0,0.0,0.0,0.0
IL,2012-11-23,2.179934747145188,68.01801699462094,-0.2682758620689655,14.270138888888887,6.992361111111111,10.0,0.0,16.0,0.0,0.0,0.0,3.0,0.0,0.0,1.0,0.0,0.0,0.0,0.0,0.0,2.0,0.0,0.0,0.0
IL,2012-11-24,0.0027257240204429,68.18248439910373,-5.755555555555556,3.123776223776224,-1.3108391608391607,1.0,0.0,0.0,0.0,0.0,0.0,2.0,0.0,0.0,2.0,0.0,0.0,0.0,0.0,0.0,0.0,0.0,0.0,0.0
IL,2012-11-25,0.0,64.57791747932447,-4.499305555555555,4.247586206896552,-0.1263888888888888,1.0,0.0,0.0,0.0,0.0,0.0,2.0,0.0,0.0,0.0,0.0,0.0,0.0,0.0,0.0,0.0,0.0,0.0,0.0
IL,2012-11-26,0.0026143790849673,70.33465146541091,-3.126573426573427,7.258620689655173,2.041258741258741,3.0,0.0,0.0,0.0,0.0,0.0,3.0,0.0,0.0,0.0,0.0,0.0,0.0,0.0,0.0,2.0,1.0,0.0,0.0
IL,2012-11-27,0.1476874003189792,66.59771997589685,-7.927702702702702,3.6506849315068495,-2.154794520547945,3.0,0.0,0.0,0.0,0.0,0.0,1.0,0.0,0.0,0.0,0.0,0.0,0.0,0.0,0.0,0.0,0.0,0.0,0.0
IL,2012-11-28,0.0,65.56471223382138,-7.248979591836734,4.565753424657534,-1.3513698630136988,6.0,0.0,0.0,0.0,0.0,0.0,3.0,0.0,0.0,0.0,0.0,0.0,0.0,0.0,0.0,0.0,0.0,0.0,0.0
IL,2012-11-29,0.0,68.87165301695089,-4.0993006993007,9.404827586206896,2.6447552447552445,4.0,0.0,0.0,0.0,0.0,0.0,6.0,0.0,0.0,0.0,0.0,0.0,0.0,0.0,0.0,0.0,0.0,0.0,0.0
IL,2012-11-30,0.0,62.92875905997438,-0.2609929078014184,12.557042253521129,6.151063829787233,6.0,0.0,0.0,0.0,0.0,0.0,7.0,0.0,0.0,0.0,2.0,0.0,0.0,0.0,0.0,0.0,0.0,0.0,0.0
IL,2012-12-01,0.0123980424143556,81.23487452102238,1.613888888888889,15.021379310344829,8.31388888888889,35.0,5.0,0.0,0.0,0.0,0.0,13.0,0.0,0.0,0.0,5.0,1.0,0.0,2.0,0.0,0.0,0.0,0.0,0.0
IL,2012-12-02,0.6885220125786163,78.17758711699378,5.871527777777778,17.01111111111111,11.441319444444444,37.0,9.0,1.0,0.0,0.0,0.0,12.0,0.0,0.0,0.0,5.0,1.0,0.0,2.0,0.0,0.0,0.0,0.0,0.0
IL,2012-12-03,0.1718649517684887,86.77441382237724,10.002777777777778,19.08231292517007,14.538541666666667,80.0,12.0,0.0,0.0,0.0,0.0,5.0,0.0,0.0,0.0,3.0,2.0,0.0,6.0,0.0,0.0,0.0,0.0,0.0
IL,2012-12-04,4.092716236722306,73.51085678487368,6.926206896551724,19.686206896551724,13.306206896551725,18.0,0.0,0.0,0.0,0.0,0.0,2.0,0.0,0.0,0.0,1.0,0.0,0.0,3.0,0.0,0.0,0.0,0.0,0.0
IL,2012-12-05,0.4070287539936102,71.97276324958015,-1.308843537414966,12.6020979020979,5.6751748251748255,5.0,1.0,0.0,0.0,0.0,0.0,0.0,0.0,0.0,0.0,0.0,0.0,0.0,0.0,0.0,0.0,0.0,0.0,0.0
IL,2012-12-06,0.0370429252782193,78.75323734797898,-1.045890410958904,8.793103448275861,3.875862068965517,6.0,0.0,0.0,0.0,0.0,0.0,1.0,0.0,0.0,0.0,2.0,0.0,0.0,6.0,0.0,0.0,0.0,0.0,0.0
IL,2012-12-07,1.904242424242424,89.20442259237636,2.6277777777777778,9.74109589041096,6.188541666666667,44.0,7.0,0.0,1.0,0.0,0.0,3.0,0.0,0.0,0.0,5.0,0.0,0.0,6.0,0.0,1.0,1.0,0.0,0.0
IL,2012-12-08,3.1516535433070865,91.0812812563521,3.7717241379310336,8.404081632653062,6.095862068965517,45.0,7.0,0.0,2.0,0.0,0.0,1.0,0.0,0.0,0.0,6.0,0.0,0.0,6.0,0.0,1.0,0.0,0.0,0.0
IL,2012-12-09,2.8706645056726097,91.74811991709336,2.858041958041958,7.271527777777777,5.072727272727272,38.0,4.0,4.0,0.0,0.0,0.0,5.0,0.0,0.0,0.0,6.0,2.0,0.0,6.0,0.0,3.0,1.0,0.0,0.0
IL,2012-12-10,3.050490196078431,86.20974636411017,-2.713698630136986,6.551020408163265,1.9047945205479453,24.0,0.0,4.0,1.0,0.0,0.0,3.0,0.0,0.0,0.0,1.0,2.0,1.0,1.0,0.0,4.0,0.0,0.0,0.0
IL,2012-12-11,0.0419047619047619,75.08323531465061,-6.482312925170068,0.5659863945578232,-2.9581632653061227,3.0,0.0,0.0,0.0,0.0,0.0,0.0,0.0,0.0,0.0,0.0,0.0,0.0,0.0,0.0,2.0,0.0,0.0,0.0
IL,2012-12-12,0.0016181229773462,71.62514365803537,-6.1378378378378375,4.425675675675675,-0.856081081081081,3.0,0.0,0.0,0.0,0.0,0.0,1.0,0.0,0.0,0.0,0.0,0.0,0.0,0.0,0.0,0.0,0.0,0.0,0.0
IL,2012-12-13,0.0150882825040128,67.5987104099678,-3.939455782312925,8.4578231292517,2.259183673469388,4.0,0.0,0.0,0.0,0.0,0.0,1.0,0.0,0.0,0.0,0.0,0.0,0.0,0.0,0.0,0.0,0.0,0.0,0.0
IL,2012-12-14,0.0418152350081037,69.29353988812962,-2.7448979591836733,10.006122448979593,3.63061224489796,6.0,0.0,0.0,0.0,0.0,2.0,1.0,0.0,0.0,0.0,0.0,0.0,0.0,4.0,0.0,0.0,0.0,0.0,0.0
IL,2012-12-15,5.175967741935484,80.84119545489786,0.5762237762237763,10.988111888111888,5.782167832167833,25.0,0.0,1.0,0.0,0.0,0.0,3.0,0.0,0.0,0.0,6.0,2.0,0.0,6.0,0.0,0.0,0.0,0.0,0.0
IL,2012-12-16,4.255121951219512,88.33036266421415,4.347916666666666,11.064583333333331,7.706250000000001,22.0,2.0,0.0,0.0,0.0,0.0,1.0,0.0,0.0,0.0,3.0,2.0,0.0,2.0,0.0,0.0,0.0,0.0,0.0
IL,2012-12-17,0.1531914893617021,90.02593272537209,1.7869863013698628,6.888275862068965,4.326551724137931,27.0,2.0,1.0,0.0,0.0,0.0,8.0,0.0,0.0,0.0,5.0,0.0,0.0,2.0,1.0,1.0,1.0,0.0,0.0
IL,2012-12-18,1.063216560509554,83.99832604813858,-0.5678082191780822,5.322916666666667,2.364236111111111,23.0,0.0,1.0,3.0,0.0,1.0,13.0,0.0,0.0,0.0,5.0,1.0,0.0,2.0,0.0,2.0,0.0,0.0,0.0
IL,2012-12-19,0.264274322169059,84.33751201265238,-0.4101351351351351,8.408783783783784,3.999324324324325,21.0,0.0,7.0,1.0,0.0,0.0,14.0,0.0,0.0,0.0,5.0,0.0,0.0,6.0,0.0,1.0,0.0,0.0,0.0
IL,2012-12-20,19.4874251497006,86.39256803894374,-0.5986301369863014,9.466438356164383,4.433904109589041,27.0,5.0,35.0,4.0,0.0,0.0,3.0,2.0,0.0,4.0,1.0,0.0,0.0,1.0,0.0,3.0,0.0,0.0,0.0
IL,2012-12-21,8.113474025974025,74.41186387975571,-6.747586206896552,6.29448275862069,-0.2265517241379311,12.0,1.0,1.0,5.0,0.0,7.0,1.0,1.0,0.0,15.0,1.0,0.0,0.0,0.0,0.0,2.0,0.0,0.0,0.0
IL,2012-12-22,0.1663282571912013,72.14463369721759,-10.338194444444444,-0.1387323943661971,-5.218794326241135,6.0,1.0,0.0,1.0,0.0,0.0,0.0,0.0,0.0,2.0,2.0,0.0,0.0,0.0,0.0,0.0,0.0,0.0,1.0
IL,2012-12-23,0.0,77.12101241649438,-8.786013986013987,2.553472222222222,-3.154577464788732,13.0,0.0,0.0,0.0,0.0,0.0,5.0,0.0,0.0,0.0,5.0,0.0,0.0,0.0,0.0,0.0,0.0,0.0,0.0
IL,2012-12-24,0.0024013722126929,85.75404920823439,-4.868707482993198,2.891156462585034,-0.9887755102040816,12.0,0.0,0.0,0.0,0.0,0.0,10.0,0.0,0.0,0.0,4.0,0.0,0.0,0.0,0.0,4.0,1.0,0.0,0.0
IL,2012-12-25,0.009375,81.23410003313592,-5.849315068493151,0.1213793103448276,-2.8648275862068964,14.0,1.0,0.0,0.0,0.0,0.0,6.0,0.0,0.0,0.0,3.0,0.0,0.0,0.0,0.0,1.0,0.0,0.0,0.0
IL,2012-12-26,1.1569948186528498,80.5912467950601,-4.861643835616438,-0.623972602739726,-2.742808219178082,6.0,2.0,2.0,2.0,0.0,0.0,2.0,0.0,0.0,2.0,0.0,0.0,0.0,0.0,0.0,2.0,0.0,0.0,0.0
IL,2012-12-27,0.2041237113402061,79.66523282349252,-4.744897959183674,-0.5340136054421769,-2.639455782312925,4.0,0.0,1.0,2.0,0.0,0.0,4.0,0.0,0.0,1.0,1.0,0.0,0.0,0.0,0.0,2.0,0.0,0.0,0.0
IL,2012-12-28,0.2332191780821917,85.5083650281036,-4.010958904109589,-0.1835616438356164,-2.0972602739726027,16.0,1.0,0.0,2.0,0.0,0.0,9.0,0.0,0.0,0.0,4.0,1.0,0.0,0.0,0.0,4.0,0.0,0.0,0.0
IL,2012-12-29,1.8799651567944249,88.28026228541232,-4.913013698630136,-0.0493150684931506,-2.481164383561644,18.0,1.0,0.0,4.0,0.0,1.0,11.0,0.0,0.0,0.0,6.0,1.0,0.0,0.0,0.0,6.0,0.0,0.0,0.0
IL,2012-12-30,0.0827402135231316,81.01152848203301,-11.563194444444443,-1.0555555555555556,-6.309374999999999,17.0,2.0,0.0,1.0,0.0,0.0,12.0,0.0,0.0,0.0,4.0,0.0,0.0,0.0,0.0,0.0,0.0,0.0,0.0
IL,2012-12-31,0.1562056737588652,79.13989011485624,-8.683333333333334,1.886805555555556,-3.398263888888889,12.0,2.0,0.0,2.0,0.0,0.0,5.0,0.0,0.0,0.0,3.0,0.0,0.0,1.0,0.0,3.0,0.0,0.0,1.0
