STATE,DATE,PRCP,RH,TMIN,TMAX,TAVG,WT01,WT02,WT03,WT04,WT05,WT06,WT08,WT09,WT11,WT13,WT14,WT15,WT16,WT17,WT18,WT19,WT21,WT22
MO,2012-01-01,0.1604887983706721,53.718325211296914,0.4987421383647799,15.054088050314466,7.776415094339623,2.0,0.0,0.0,0.0,0.0,0.0,0.0,0.0,0.0,1.0,0.0,0.0,4.0,0.0,0.0,0.0,0.0,0.0
MO,2012-01-02,0.0006085192697768,44.30412449194621,-4.698148148148149,6.49375,0.8909375,0.0,0.0,0.0,0.0,0.0,0.0,0.0,0.0,0.0,0.0,0.0,0.0,0.0,0.0,1.0,0.0,0.0,0.0
MO,2012-01-03,0.0015936254980079,49.37918733435265,-10.05928143712575,3.0006097560975613,-3.5228658536585367,0.0,0.0,0.0,0.0,0.0,0.0,0.0,0.0,0.0,0.0,0.0,0.0,0.0,0.0,0.0,0.0,0.0,0.0
MO,2012-01-04,0.0,53.62020571028695,-6.835714285714286,7.64642857142857,0.4053571428571429,0.0,0.0,0.0,0.0,0.0,0.0,0.0,0.0,0.0,0.0,0.0,0.0,0.0,0.0,0.0,0.0,0.0,0.0
MO,2012-01-05,0.0039292730844793,55.88238098373053,-0.9502958579881656,12.662721893491124,5.85621301775148,1.0,0.0,0.0,0.0,0.0,0.0,3.0,0.0,0.0,1.0,0.0,0.0,0.0,0.0,0.0,0.0,0.0,0.0
MO,2012-01-06,0.0,49.79136313005649,1.3458333333333332,17.65928143712575,9.49491017964072,1.0,0.0,0.0,0.0,0.0,0.0,0.0,0.0,0.0,0.0,0.0,0.0,0.0,0.0,0.0,0.0,0.0,0.0
MO,2012-01-07,0.0,56.10288402358084,-0.3726190476190476,16.04047619047619,7.83392857142857,2.0,1.0,0.0,0.0,0.0,0.0,0.0,0.0,0.0,1.0,0.0,0.0,0.0,0.0,0.0,0.0,0.0,0.0
MO,2012-01-08,0.0047131147540983,66.69137696106341,-1.416969696969697,9.69939393939394,4.141212121212121,2.0,0.0,0.0,0.0,0.0,0.0,1.0,0.0,0.0,0.0,0.0,0.0,1.0,0.0,0.0,0.0,0.0,0.0
MO,2012-01-09,0.1292682926829268,71.18367161015031,-4.07,8.136094674556213,2.040828402366864,12.0,1.0,0.0,0.0,0.0,0.0,8.0,0.0,0.0,6.0,0.0,0.0,0.0,0.0,0.0,0.0,0.0,1.0
MO,2012-01-10,0.2062124248496994,62.78330760970035,-4.331764705882353,11.050588235294118,3.3594117647058823,7.0,0.0,0.0,0.0,0.0,0.0,5.0,0.0,0.0,2.0,0.0,0.0,3.0,0.0,0.0,0.0,0.0,0.0
MO,2012-01-11,3.9902152641878654,67.45102511921694,-2.8941176470588235,12.54470588235294,4.82529411764706,19.0,1.0,0.0,0.0,0.0,2.0,2.0,0.0,0.0,6.0,1.0,0.0,3.0,0.0,4.0,0.0,0.0,1.0
MO,2012-01-12,1.5207818930041153,73.50034893293127,-7.694082840236686,8.984023668639052,0.6449704142011834,14.0,2.0,0.0,0.0,0.0,3.0,5.0,0.0,0.0,6.0,0.0,0.0,1.0,0.0,8.0,0.0,0.0,1.0
MO,2012-01-13,0.3093360995850622,62.97613347858041,-10.689221556886228,-4.367469879518072,-7.52198795180723,2.0,0.0,0.0,0.0,0.0,0.0,2.0,0.0,0.0,0.0,0.0,0.0,0.0,0.0,4.0,0.0,0.0,0.0
MO,2012-01-14,0.0100823045267489,61.703919234109335,-9.801226993865033,0.7364197530864198,-4.533641975308642,2.0,1.0,0.0,0.0,0.0,0.0,3.0,0.0,0.0,0.0,0.0,0.0,0.0,0.0,0.0,0.0,0.0,0.0
MO,2012-01-15,0.0135802469135802,65.73509076228987,-5.739506172839506,6.850609756097561,0.537962962962963,4.0,1.0,0.0,0.0,0.0,0.0,2.0,0.0,0.0,2.0,0.0,0.0,0.0,0.0,0.0,0.0,0.0,0.0
MO,2012-01-16,0.1646694214876033,62.34433619252084,-0.641717791411043,13.980981595092024,6.669631901840491,2.0,0.0,7.0,0.0,0.0,0.0,1.0,0.0,0.0,1.0,0.0,0.0,5.0,0.0,0.0,1.0,0.0,0.0
MO,2012-01-17,4.721153846153846,74.46309255814305,-2.412574850299401,16.816167664670658,7.201796407185629,11.0,0.0,23.0,0.0,0.0,2.0,5.0,0.0,0.0,3.0,1.0,0.0,4.0,0.0,2.0,0.0,0.0,0.0
MO,2012-01-18,0.3105577689243028,67.84902503173389,-11.299411764705884,3.3047058823529407,-3.9973529411764703,1.0,0.0,0.0,0.0,0.0,0.0,1.0,0.0,0.0,0.0,0.0,0.0,0.0,0.0,0.0,0.0,0.0,0.0
MO,2012-01-19,0.0316733067729083,61.42032638023578,-9.68,3.745882352941176,-2.9670588235294115,0.0,0.0,0.0,0.0,0.0,0.0,1.0,0.0,0.0,0.0,0.0,0.0,0.0,0.0,0.0,0.0,0.0,0.0
MO,2012-01-20,0.0067864271457085,73.61874081484069,-8.24491017964072,1.8686746987951808,-3.186144578313253,8.0,1.0,0.0,0.0,0.0,1.0,3.0,0.0,0.0,4.0,1.0,1.0,2.0,1.0,0.0,0.0,0.0,0.0
MO,2012-01-21,0.060285132382892,77.94783878133646,-8.14074074074074,-0.5641975308641975,-4.367391304347826,8.0,0.0,0.0,2.0,0.0,3.0,6.0,0.0,0.0,4.0,0.0,0.0,0.0,0.0,1.0,0.0,0.0,0.0
MO,2012-01-22,0.2722222222222222,87.46115733319158,-6.258024691358025,4.654601226993865,-0.7839506172839507,31.0,5.0,5.0,0.0,0.0,6.0,5.0,0.0,0.0,6.0,2.0,1.0,4.0,0.0,1.0,0.0,0.0,0.0
MO,2012-01-23,2.180120481927711,71.47723169077676,-0.7287425149700599,11.767857142857142,5.514970059880239,11.0,0.0,9.0,0.0,3.0,0.0,5.0,0.0,0.0,1.0,0.0,0.0,0.0,0.0,2.0,0.0,0.0,0.0
MO,2012-01-24,0.2028056112224449,69.85110216996854,-5.197058823529412,8.301190476190476,1.5508928571428573,4.0,0.0,0.0,0.0,0.0,0.0,2.0,0.0,0.0,1.0,0.0,0.0,0.0,0.0,0.0,0.0,0.0,0.0
MO,2012-01-25,5.613255360623781,76.28719616373435,-3.0875000000000004,8.80297619047619,2.8577380952380955,13.0,0.0,0.0,1.0,0.0,1.0,3.0,0.0,0.0,6.0,0.0,0.0,6.0,0.0,0.0,2.0,0.0,0.0
MO,2012-01-26,8.293217054263566,86.13228393339281,0.431547619047619,6.570833333333334,3.5011904761904766,34.0,9.0,0.0,0.0,0.0,0.0,4.0,0.0,0.0,6.0,1.0,0.0,4.0,0.0,0.0,2.0,0.0,1.0
MO,2012-01-27,0.7636904761904761,77.98125932638706,-3.1297619047619043,8.057142857142857,2.463690476190476,12.0,1.0,0.0,0.0,0.0,0.0,1.0,0.0,0.0,6.0,0.0,0.0,8.0,0.0,3.0,1.0,0.0,0.0
MO,2012-01-28,1.6868,66.31008750957938,-3.726543209876544,6.412962962962964,1.34320987654321,8.0,0.0,0.0,0.0,0.0,0.0,0.0,0.0,0.0,2.0,0.0,0.0,2.0,0.0,3.0,0.0,0.0,0.0
MO,2012-01-29,0.0264227642276422,48.574734088358085,-3.3654320987654325,8.039506172839507,2.337037037037037,0.0,0.0,0.0,0.0,0.0,0.0,1.0,0.0,0.0,0.0,0.0,0.0,0.0,0.0,0.0,0.0,0.0,0.0
MO,2012-01-30,0.0070850202429149,53.4862463637276,-0.674074074074074,12.225925925925925,5.775925925925926,0.0,0.0,0.0,0.0,0.0,0.0,1.0,0.0,0.0,0.0,0.0,0.0,0.0,0.0,0.0,0.0,0.0,0.0
MO,2012-01-31,0.0122489959839357,64.48876719469303,4.663473053892215,17.965269461077842,11.31437125748503,1.0,0.0,0.0,0.0,0.0,0.0,1.0,0.0,0.0,0.0,0.0,0.0,3.0,0.0,0.0,0.0,0.0,0.0
MO,2012-02-01,0.0841269841269841,67.61042242969508,2.3390243902439027,17.053333333333335,9.702439024390245,13.0,3.0,0.0,0.0,0.0,0.0,1.0,0.0,0.0,2.0,0.0,0.0,0.0,0.0,0.0,0.0,0.0,0.0
MO,2012-02-02,0.0056224899598393,58.65707591953007,-0.875925925925926,16.249693251533742,7.695341614906833,4.0,1.0,0.0,0.0,0.0,0.0,2.0,0.0,0.0,1.0,0.0,0.0,0.0,0.0,0.0,0.0,0.0,0.0
MO,2012-02-03,3.038160469667319,65.86589700814616,1.2067073170731708,15.015662650602408,8.107926829268292,15.0,0.0,12.0,0.0,0.0,0.0,2.0,0.0,0.0,8.0,0.0,0.0,8.0,0.0,0.0,0.0,0.0,0.0
MO,2012-02-04,24.03840445269017,93.47481332634348,4.308982035928143,10.05928143712575,7.184131736526946,26.0,2.0,11.0,0.0,0.0,0.0,1.0,0.0,0.0,8.0,2.0,0.0,8.0,0.0,2.0,1.0,0.0,0.0
MO,2012-02-05,2.3081712062256807,84.51944734144371,0.7612121212121212,8.166666666666666,4.463939393939394,15.0,2.0,0.0,0.0,0.0,0.0,6.0,0.0,0.0,6.0,1.0,0.0,4.0,0.0,3.0,1.0,0.0,1.0
MO,2012-02-06,0.2352,78.2685280126004,-3.533333333333333,8.03109756097561,2.258536585365854,29.0,11.0,0.0,0.0,0.0,0.0,6.0,0.0,0.0,5.0,0.0,0.0,0.0,0.0,0.0,0.0,0.0,4.0
MO,2012-02-07,0.0820564516129032,77.58508062546564,-2.896363636363636,9.199397590361444,3.143939393939394,15.0,1.0,0.0,0.0,0.0,0.0,10.0,0.0,0.0,8.0,0.0,0.0,6.0,0.0,4.0,1.0,0.0,1.0
MO,2012-02-08,1.0023668639053254,84.99517594516401,-1.436746987951807,5.525149700598803,2.043975903614458,14.0,0.0,0.0,0.0,0.0,0.0,3.0,0.0,0.0,6.0,1.0,0.0,3.0,1.0,4.0,0.0,0.0,1.0
MO,2012-02-09,0.051004016064257,77.01080439478474,-2.375,2.525,0.0749999999999999,3.0,0.0,0.0,0.0,0.0,0.0,0.0,0.0,1.0,2.0,0.0,0.0,2.0,0.0,2.0,0.0,0.0,0.0
MO,2012-02-10,0.8106930693069306,78.57453701985851,-3.816867469879518,3.5706586826347304,-0.1292168674698795,13.0,0.0,0.0,2.0,0.0,0.0,8.0,0.0,0.0,5.0,0.0,0.0,4.0,0.0,3.0,1.0,0.0,0.0
MO,2012-02-11,0.1840725806451612,56.91930419626901,-11.305555555555555,1.3664634146341463,-4.957716049382716,3.0,0.0,0.0,2.0,0.0,0.0,0.0,0.0,0.0,1.0,0.0,0.0,0.0,0.0,2.0,0.0,0.0,0.0
MO,2012-02-12,0.06,46.36996998477595,-12.00609756097561,-0.5753086419753086,-6.295987654320988,0.0,0.0,0.0,0.0,0.0,0.0,0.0,0.0,0.0,0.0,0.0,0.0,0.0,0.0,0.0,0.0,0.0,0.0
MO,2012-02-13,2.4581443298969075,65.35540131030527,-9.084242424242424,2.443030303030304,-3.3206060606060603,14.0,4.0,1.0,3.0,0.0,4.0,3.0,0.0,0.0,3.0,3.0,2.0,3.0,3.0,8.0,1.0,0.0,5.0
MO,2012-02-14,4.642393509127789,87.13268004820405,-2.3849397590361443,2.13855421686747,-0.1231927710843373,17.0,4.0,1.0,5.0,0.0,1.0,1.0,0.0,0.0,8.0,1.0,0.0,1.0,1.0,2.0,0.0,0.0,2.0
MO,2012-02-15,1.7764000000000002,88.94160588198872,-0.3526946107784431,6.915976331360946,3.266766467065868,17.0,5.0,8.0,0.0,0.0,0.0,4.0,0.0,0.0,7.0,2.0,0.0,7.0,0.0,0.0,0.0,0.0,0.0
MO,2012-02-16,6.721899224806202,82.04274715407705,0.5721212121212121,8.656024096385543,4.611818181818182,28.0,4.0,3.0,0.0,0.0,0.0,14.0,0.0,0.0,6.0,1.0,0.0,3.0,0.0,0.0,0.0,0.0,0.0
MO,2012-02-17,0.0211382113821138,68.70564755336576,-1.5296296296296297,10.99506172839506,4.7327160493827165,12.0,1.0,0.0,0.0,0.0,1.0,6.0,0.0,0.0,1.0,0.0,0.0,2.0,0.0,0.0,0.0,0.0,1.0
MO,2012-02-18,0.1167014613778705,67.04445382931598,-1.100625,11.746583850931676,5.323125,5.0,0.0,0.0,0.0,0.0,0.0,1.0,0.0,0.0,3.0,0.0,0.0,2.0,0.0,0.0,0.0,0.0,0.0
MO,2012-02-19,0.028066528066528,62.75943424020868,-2.049375,7.890506329113924,2.949683544303797,1.0,0.0,0.0,0.0,0.0,0.0,0.0,0.0,0.0,1.0,0.0,0.0,0.0,0.0,0.0,0.0,0.0,0.0
MO,2012-02-20,0.2534979423868312,61.26377624526904,-2.6358490566037736,9.69308176100629,3.528616352201257,6.0,0.0,4.0,0.0,0.0,0.0,0.0,0.0,0.0,2.0,0.0,0.0,7.0,0.0,0.0,0.0,0.0,0.0
MO,2012-02-21,2.768593448940269,63.71989079601389,0.1273291925465838,11.548447204968944,5.8290625,4.0,0.0,2.0,0.0,0.0,0.0,0.0,0.0,0.0,0.0,0.0,0.0,5.0,0.0,0.0,0.0,0.0,0.0
MO,2012-02-22,0.0229838709677419,54.35428327339029,1.1539877300613497,13.880981595092024,7.5174846625766865,1.0,0.0,0.0,0.0,0.0,0.0,0.0,0.0,0.0,1.0,0.0,0.0,1.0,0.0,0.0,0.0,0.0,0.0
MO,2012-02-23,0.5757936507936507,60.80497297436725,2.917575757575757,17.668072289156626,10.28242424242424,5.0,0.0,0.0,0.0,0.0,0.0,2.0,0.0,0.0,2.0,0.0,0.0,5.0,0.0,2.0,0.0,0.0,0.0
MO,2012-02-24,0.2582995951417003,60.26911264341816,0.8457831325301205,16.01987951807229,8.432831325301205,5.0,0.0,0.0,0.0,0.0,0.0,2.0,0.0,0.0,2.0,0.0,0.0,2.0,0.0,4.0,0.0,0.0,0.0
MO,2012-02-25,0.0624217118997912,56.19185555990544,-3.786419753086419,7.766459627329193,1.9956521739130435,0.0,0.0,0.0,0.0,0.0,0.0,0.0,0.0,0.0,0.0,0.0,0.0,0.0,0.0,2.0,0.0,0.0,0.0
MO,2012-02-26,0.0,45.349427647874414,-2.164596273291925,10.409937888198758,4.122670807453416,0.0,0.0,0.0,0.0,0.0,0.0,0.0,0.0,0.0,0.0,0.0,0.0,0.0,0.0,0.0,0.0,0.0,0.0
MO,2012-02-27,0.0010141987829614,50.56875211239357,-0.0049079754601226,15.725766871165645,7.860429447852761,0.0,0.0,0.0,0.0,0.0,0.0,0.0,0.0,0.0,0.0,0.0,0.0,0.0,0.0,0.0,0.0,0.0,0.0
MO,2012-02-28,0.4035564853556485,54.81836394329013,0.7915584415584416,12.502580645161292,6.633441558441558,2.0,0.0,9.0,0.0,1.0,0.0,0.0,0.0,2.0,1.0,0.0,0.0,7.0,0.0,0.0,0.0,0.0,0.0
MO,2012-02-29,8.605037313432836,57.38389896281711,4.502453987730061,17.577439024390245,11.044478527607362,4.0,0.0,32.0,0.0,5.0,0.0,1.0,0.0,4.0,3.0,0.0,0.0,5.0,0.0,0.0,0.0,0.0,0.0
MO,2012-03-01,0.0915151515151515,49.85578612396045,-0.698159509202454,16.6840490797546,7.992944785276073,2.0,0.0,0.0,0.0,0.0,0.0,0.0,0.0,1.0,1.0,0.0,0.0,0.0,0.0,0.0,0.0,0.0,0.0
MO,2012-03-02,1.207185628742515,65.00500425184788,0.5830188679245283,18.4925,9.522641509433962,11.0,2.0,18.0,0.0,4.0,0.0,8.0,0.0,1.0,3.0,0.0,0.0,7.0,0.0,3.0,1.0,0.0,0.0
MO,2012-03-03,1.3820773930753565,59.61856226009223,-1.8125,11.40625,4.776415094339623,1.0,0.0,2.0,0.0,2.0,0.0,2.0,0.0,0.0,0.0,0.0,0.0,0.0,0.0,0.0,0.0,0.0,0.0
MO,2012-03-04,0.0206611570247933,55.30744836571218,-3.645962732919255,9.675155279503104,3.0145962732919256,0.0,0.0,0.0,0.0,0.0,0.0,3.0,0.0,0.0,0.0,0.0,0.0,4.0,0.0,1.0,0.0,0.0,0.0
MO,2012-03-05,0.040325865580448,54.914512235694325,-3.5676829268292685,12.9,4.677300613496932,1.0,0.0,0.0,0.0,1.0,0.0,2.0,0.0,0.0,1.0,0.0,0.0,0.0,0.0,0.0,0.0,0.0,0.0
MO,2012-03-06,0.0,41.28987432955212,0.4554878048780488,15.712121212121213,8.079268292682928,0.0,0.0,0.0,0.0,0.0,0.0,4.0,0.0,0.0,0.0,0.0,0.0,0.0,0.0,0.0,0.0,0.0,0.0
MO,2012-03-07,0.0857715430861723,55.39740027037767,9.871604938271606,21.78527607361963,15.828703703703704,3.0,0.0,2.0,0.0,0.0,0.0,2.0,0.0,0.0,0.0,0.0,0.0,5.0,0.0,0.0,0.0,0.0,0.0
MO,2012-03-08,7.286931818181818,73.29457420818251,2.611801242236025,18.89814814814815,10.746273291925466,12.0,0.0,18.0,5.0,2.0,0.0,1.0,0.0,1.0,4.0,0.0,0.0,6.0,0.0,2.0,0.0,0.0,0.0
MO,2012-03-09,3.647151277013752,54.19228718171841,-1.2634146341463417,11.296341463414633,5.0164634146341465,1.0,0.0,3.0,7.0,1.0,0.0,0.0,0.0,0.0,0.0,0.0,0.0,0.0,0.0,0.0,0.0,0.0,0.0
MO,2012-03-10,0.043762781186094,47.80104205948792,-0.7276073619631902,15.249079754601226,7.260736196319018,0.0,0.0,0.0,0.0,0.0,0.0,1.0,0.0,0.0,0.0,0.0,0.0,0.0,0.0,0.0,0.0,0.0,0.0
MO,2012-03-11,1.7664670658682635,65.44641688978085,2.9685185185185183,16.8840490797546,9.92111801242236,14.0,0.0,3.0,0.0,0.0,0.0,1.0,0.0,0.0,8.0,1.0,0.0,8.0,0.0,0.0,0.0,0.0,0.0
MO,2012-03-12,13.637051039697544,74.4160236511175,7.436196319018404,16.66196319018405,12.049079754601228,12.0,1.0,3.0,0.0,0.0,0.0,0.0,0.0,0.0,3.0,2.0,0.0,4.0,0.0,0.0,0.0,0.0,0.0
MO,2012-03-13,0.1745967741935483,63.09358169491775,7.403636363636363,24.17939393939394,15.791515151515153,15.0,4.0,0.0,0.0,0.0,0.0,0.0,0.0,0.0,2.0,0.0,0.0,0.0,0.0,0.0,0.0,0.0,0.0
MO,2012-03-14,0.0280561122244488,66.76261389096999,9.58827160493827,26.88963414634146,18.235185185185184,7.0,1.0,3.0,0.0,0.0,0.0,2.0,0.0,0.0,1.0,0.0,0.0,1.0,0.0,0.0,0.0,0.0,0.0
MO,2012-03-15,0.6788732394366197,72.91232081659521,14.693292682926828,27.005454545454544,20.840243902439024,5.0,0.0,12.0,0.0,2.0,0.0,1.0,0.0,1.0,1.0,0.0,0.0,4.0,0.0,0.0,0.0,0.0,0.0
MO,2012-03-16,6.685769980506823,76.30611946440582,14.625153374233127,26.21656441717792,20.42085889570552,7.0,0.0,16.0,0.0,1.0,0.0,0.0,0.0,0.0,3.0,0.0,0.0,3.0,0.0,0.0,0.0,0.0,0.0
MO,2012-03-17,1.3356275303643723,77.33035371654397,14.940625,26.204375,20.5725,9.0,4.0,8.0,0.0,0.0,0.0,3.0,0.0,0.0,2.0,0.0,0.0,4.0,0.0,0.0,0.0,0.0,0.0
MO,2012-03-18,3.5724950884086444,73.84686386312045,15.236250000000002,25.83,20.533125,3.0,0.0,9.0,0.0,2.0,0.0,1.0,0.0,0.0,0.0,0.0,0.0,4.0,0.0,0.0,0.0,0.0,0.0
MO,2012-03-19,1.16312625250501,70.62066135995583,16.14320987654321,25.57777777777778,20.860493827160493,5.0,0.0,13.0,0.0,0.0,0.0,0.0,0.0,0.0,3.0,0.0,0.0,6.0,0.0,0.0,0.0,0.0,0.0
MO,2012-03-20,19.73139097744361,79.65914520250122,14.314545454545454,24.69151515151515,19.503030303030304,11.0,0.0,14.0,0.0,0.0,0.0,1.0,0.0,0.0,6.0,1.0,0.0,6.0,0.0,0.0,0.0,0.0,0.0
MO,2012-03-21,22.47829313543599,83.83264252287543,13.8,21.54268292682927,17.67269938650307,14.0,0.0,3.0,0.0,0.0,0.0,0.0,0.0,0.0,6.0,1.0,0.0,7.0,0.0,0.0,0.0,0.0,0.0
MO,2012-03-22,11.185397412199633,79.38732239046382,9.90122699386503,19.89754601226993,14.899386503067484,19.0,4.0,6.0,0.0,0.0,0.0,0.0,0.0,0.0,7.0,1.0,0.0,8.0,0.0,0.0,0.0,0.0,0.0
MO,2012-03-23,5.382342007434944,83.1161606464261,9.094545454545454,18.192073170731707,13.645731707317074,19.0,2.0,13.0,0.0,1.0,0.0,1.0,0.0,0.0,5.0,0.0,0.0,7.0,0.0,0.0,0.0,0.0,0.0
MO,2012-03-24,3.479727095516569,73.5273733496326,8.76319018404908,18.312269938650303,13.537730061349691,4.0,0.0,3.0,0.0,1.0,0.0,0.0,0.0,0.0,0.0,0.0,0.0,4.0,0.0,0.0,0.0,0.0,0.0
MO,2012-03-25,0.0663999999999999,70.00940654914062,9.22608695652174,23.13125,16.19,17.0,2.0,0.0,0.0,0.0,0.0,3.0,0.0,0.0,5.0,0.0,0.0,0.0,0.0,0.0,0.0,0.0,0.0
MO,2012-03-26,0.0172962226640159,68.80902927543058,10.04969325153374,24.95644171779141,17.503067484662576,8.0,2.0,0.0,0.0,0.0,0.0,3.0,0.0,0.0,1.0,0.0,0.0,1.0,0.0,0.0,0.0,0.0,0.0
MO,2012-03-27,0.0743589743589743,62.06806714508284,12.414457831325302,25.482634730538923,18.94156626506024,0.0,0.0,3.0,0.0,0.0,0.0,1.0,0.0,0.0,0.0,0.0,0.0,2.0,0.0,0.0,0.0,0.0,0.0
MO,2012-03-28,0.2681188118811881,61.866659370287806,12.480838323353296,26.70119047619048,19.58622754491018,5.0,0.0,7.0,0.0,0.0,0.0,5.0,0.0,0.0,1.0,0.0,0.0,3.0,0.0,0.0,0.0,0.0,0.0
MO,2012-03-29,6.510076045627376,67.00558906232024,12.192899408284022,26.04047619047619,19.116666666666667,5.0,0.0,17.0,0.0,0.0,0.0,2.0,0.0,0.0,3.0,0.0,0.0,4.0,0.0,0.0,0.0,0.0,0.0
MO,2012-03-30,2.494324853228963,69.45137936831598,12.951204819277107,24.55988023952096,18.749096385542167,5.0,0.0,2.0,0.0,0.0,0.0,4.0,0.0,0.0,3.0,0.0,0.0,0.0,0.0,0.0,0.0,0.0,0.0
MO,2012-03-31,0.0557344064386318,70.70795119443072,12.021084337349398,25.53373493975904,18.77740963855421,10.0,0.0,0.0,0.0,0.0,0.0,4.0,0.0,0.0,4.0,0.0,0.0,0.0,0.0,0.0,0.0,0.0,0.0
MO,2012-04-01,0.0,66.2279290583099,13.085276073619632,28.20245398773006,20.64386503067485,4.0,0.0,0.0,0.0,0.0,0.0,4.0,0.0,0.0,3.0,0.0,0.0,0.0,0.0,0.0,0.0,0.0,0.0
MO,2012-04-02,0.0044921875,61.745715739523845,15.627439024390243,30.51939393939394,23.071646341463413,8.0,1.0,0.0,0.0,0.0,0.0,9.0,0.0,0.0,2.0,0.0,0.0,0.0,0.0,0.0,0.0,0.0,0.0
MO,2012-04-03,0.1023346303501945,68.35236810802037,14.72202380952381,29.379166666666663,22.05059523809524,5.0,1.0,6.0,0.0,0.0,0.0,4.0,0.0,0.0,4.0,0.0,0.0,5.0,0.0,0.0,0.0,0.0,0.0
MO,2012-04-04,1.8229287090558768,82.75347240873833,12.655029585798816,23.64761904761905,18.15416666666667,14.0,3.0,10.0,0.0,0.0,0.0,10.0,0.0,0.0,3.0,2.0,0.0,3.0,0.0,0.0,0.0,0.0,0.0
MO,2012-04-05,8.406679035250464,82.24279611877425,8.297633136094674,19.354166666666668,13.83392857142857,18.0,0.0,5.0,0.0,0.0,0.0,5.0,0.0,0.0,5.0,1.0,0.0,5.0,0.0,0.0,0.0,0.0,0.0
MO,2012-04-06,0.791746641074856,65.68917916609406,3.931736526946108,16.876646706586826,10.404191616766466,5.0,0.0,0.0,0.0,0.0,0.0,2.0,0.0,0.0,2.0,0.0,0.0,0.0,0.0,0.0,0.0,0.0,0.0
MO,2012-04-07,0.5824110671936759,65.75166576616719,4.205487804878049,17.649079754601228,10.928220858895704,5.0,0.0,4.0,0.0,0.0,0.0,1.0,0.0,0.0,4.0,0.0,0.0,7.0,0.0,0.0,0.0,0.0,0.0
MO,2012-04-08,2.87118320610687,59.559530440215255,3.8696969696969696,17.902424242424242,10.886060606060608,7.0,2.0,1.0,0.0,0.0,0.0,2.0,0.0,0.0,3.0,0.0,0.0,0.0,0.0,0.0,0.0,0.0,0.0
MO,2012-04-09,0.0537848605577689,51.53472855797058,4.480120481927711,20.47515151515152,12.470909090909087,1.0,1.0,0.0,0.0,0.0,0.0,3.0,0.0,0.0,1.0,0.0,0.0,1.0,0.0,0.0,0.0,0.0,0.0
MO,2012-04-10,0.5576998050682261,47.29663278457814,5.357668711656442,20.967073170731705,13.149074074074075,0.0,0.0,0.0,0.0,0.0,0.0,0.0,0.0,0.0,1.0,0.0,0.0,2.0,0.0,0.0,0.0,0.0,0.0
MO,2012-04-11,0.0303846153846153,50.029871505872265,2.759763313609468,17.120833333333334,9.936904761904762,0.0,0.0,0.0,0.0,0.0,0.0,0.0,0.0,0.0,0.0,0.0,0.0,1.0,0.0,0.0,0.0,0.0,0.0
MO,2012-04-12,0.1758754863813229,55.71763308813684,1.811976047904192,15.883233532934131,8.847604790419162,3.0,2.0,0.0,0.0,0.0,0.0,0.0,0.0,0.0,1.0,0.0,0.0,3.0,0.0,0.0,0.0,0.0,0.0
MO,2012-04-13,8.038077634011092,70.51688729740171,5.33855421686747,17.122754491017965,11.230421686746988,5.0,0.0,27.0,1.0,0.0,0.0,1.0,0.0,0.0,4.0,0.0,0.0,8.0,0.0,0.0,0.0,0.0,0.0
MO,2012-04-14,20.138619402985075,82.32550901983913,10.843636363636364,20.263253012048192,15.562727272727273,11.0,1.0,28.0,0.0,2.0,0.0,1.0,0.0,0.0,7.0,0.0,0.0,7.0,0.0,0.0,0.0,0.0,0.0
MO,2012-04-15,10.2,72.11132724265106,14.14125,24.08109756097561,19.1084375,9.0,0.0,22.0,0.0,0.0,0.0,3.0,0.0,0.0,6.0,0.0,0.0,8.0,0.0,0.0,0.0,0.0,0.0
MO,2012-04-16,15.18822429906542,64.01728850824513,8.978658536585366,21.67682926829268,15.327743902439025,5.0,0.0,9.0,0.0,0.0,0.0,2.0,0.0,1.0,2.0,0.0,0.0,2.0,0.0,0.0,0.0,0.0,0.0
MO,2012-04-17,0.1756238003838771,66.43764757807364,5.8736526946107785,19.723030303030303,12.796666666666663,7.0,2.0,1.0,0.0,1.0,0.0,1.0,0.0,0.0,1.0,0.0,0.0,0.0,0.0,0.0,0.0,0.0,0.0
MO,2012-04-18,0.0372815533980582,63.08473097546931,6.820606060606061,21.795180722891565,14.304848484848486,5.0,1.0,0.0,0.0,0.0,0.0,2.0,0.0,0.0,1.0,0.0,0.0,0.0,0.0,0.0,0.0,0.0,0.0
MO,2012-04-19,0.0947162426614481,57.67407222382958,9.052439024390244,24.040963855421687,16.546036585365854,2.0,0.0,6.0,0.0,0.0,0.0,3.0,0.0,0.0,0.0,0.0,0.0,4.0,0.0,0.0,0.0,0.0,0.0
MO,2012-04-20,3.02247191011236,71.68869452721728,7.3840490797546,23.060606060606062,15.203374233128836,10.0,0.0,7.0,0.0,1.0,0.0,0.0,0.0,0.0,5.0,0.0,0.0,6.0,0.0,0.0,0.0,0.0,0.0
MO,2012-04-21,0.929126213592233,68.04359259175433,2.6099378881987576,15.12625,8.8796875,10.0,3.0,1.0,0.0,0.0,0.0,3.0,0.0,0.0,4.0,0.0,0.0,1.0,0.0,0.0,0.0,0.0,0.0
MO,2012-04-22,0.5558823529411765,69.24120848711242,3.821875,16.735849056603772,10.277044025157233,5.0,0.0,3.0,0.0,0.0,0.0,0.0,0.0,0.0,3.0,0.0,0.0,4.0,0.0,0.0,0.0,0.0,0.0
MO,2012-04-23,0.359090909090909,64.55871345050285,2.787272727272727,15.3239263803681,9.062269938650306,3.0,0.0,0.0,0.0,0.0,0.0,0.0,0.0,0.0,0.0,0.0,0.0,0.0,0.0,0.0,0.0,0.0,0.0
MO,2012-04-24,0.0069902912621359,60.09523147776098,4.276506024096386,20.01024096385542,12.143373493975904,1.0,0.0,1.0,0.0,0.0,0.0,0.0,0.0,0.0,0.0,0.0,0.0,1.0,0.0,0.0,0.0,0.0,0.0
MO,2012-04-25,0.2282398452611218,61.0067256651021,9.667469879518071,27.33511904761905,18.50361445783133,1.0,1.0,4.0,0.0,1.0,0.0,3.0,0.0,0.0,0.0,0.0,0.0,6.0,0.0,0.0,0.0,0.0,0.0
MO,2012-04-26,0.0663442940038684,59.47341563922238,14.275903614457832,29.46265060240964,21.86927710843373,2.0,1.0,0.0,0.0,0.0,0.0,0.0,0.0,0.0,1.0,0.0,0.0,0.0,0.0,0.0,0.0,0.0,0.0
MO,2012-04-27,0.1695145631067961,58.7271013722745,11.472289156626507,24.41686746987952,17.944578313253015,1.0,0.0,15.0,0.0,0.0,0.0,1.0,0.0,0.0,0.0,0.0,0.0,7.0,0.0,0.0,0.0,0.0,0.0
MO,2012-04-28,1.949129593810445,74.74156733757904,11.179245283018869,19.35987261146497,15.275320512820512,9.0,0.0,13.0,0.0,2.0,0.0,3.0,0.0,0.0,2.0,0.0,0.0,3.0,0.0,0.0,0.0,0.0,0.0
MO,2012-04-29,9.103294573643412,86.62142559834801,11.96583850931677,22.70920245398773,17.319565217391304,17.0,1.0,25.0,0.0,4.0,0.0,5.0,0.0,1.0,4.0,0.0,0.0,7.0,0.0,0.0,0.0,0.0,0.0
MO,2012-04-30,21.35295238095238,85.8298780446173,12.446987951807229,20.594011976047906,16.509036144578314,13.0,2.0,24.0,0.0,1.0,0.0,3.0,0.0,0.0,7.0,1.0,0.0,7.0,0.0,0.0,0.0,0.0,0.0
MO,2012-05-01,11.671711711711712,80.05080077630363,13.561585365853658,22.882926829268293,18.218098159509204,5.0,0.0,20.0,0.0,1.0,0.0,1.0,0.0,1.0,6.0,0.0,0.0,7.0,0.0,0.0,0.0,0.0,0.0
MO,2012-05-02,1.556083650190114,68.94792433474963,16.631288343558282,27.717575757575755,22.16042944785276,1.0,0.0,0.0,0.0,1.0,0.0,2.0,0.0,0.0,0.0,0.0,0.0,0.0,0.0,0.0,0.0,0.0,0.0
MO,2012-05-03,1.9061895551257253,76.05837203038143,18.130246913580248,28.50617283950617,23.31820987654321,1.0,0.0,2.0,0.0,0.0,0.0,0.0,0.0,0.0,2.0,0.0,0.0,2.0,0.0,0.0,0.0,0.0,0.0
MO,2012-05-04,4.433652007648184,80.30670343768853,17.936969696969697,27.990853658536587,22.964329268292683,4.0,0.0,15.0,0.0,0.0,0.0,1.0,0.0,0.0,4.0,0.0,0.0,6.0,0.0,0.0,0.0,0.0,0.0
MO,2012-05-05,1.6066797642436148,76.97231452126942,17.849382716049384,29.285625,23.5746875,10.0,0.0,5.0,0.0,0.0,0.0,1.0,0.0,0.0,3.0,0.0,0.0,0.0,0.0,0.0,0.0,0.0,0.0
MO,2012-05-06,0.7923076923076923,76.03794918152978,18.68774193548387,30.73205128205128,24.71225806451613,4.0,0.0,9.0,0.0,0.0,0.0,3.0,0.0,0.0,4.0,0.0,0.0,6.0,0.0,0.0,0.0,0.0,0.0
MO,2012-05-07,14.873905109489051,81.22201141003433,16.1527950310559,27.7775,21.96,4.0,0.0,20.0,0.0,2.0,0.0,1.0,0.0,1.0,4.0,0.0,0.0,8.0,0.0,0.0,0.0,0.0,0.0
MO,2012-05-08,1.4262357414448668,63.34149117080281,12.004294478527608,22.766257668711656,17.385276073619632,1.0,0.0,0.0,0.0,0.0,0.0,0.0,0.0,0.0,2.0,0.0,0.0,0.0,0.0,0.0,0.0,0.0,0.0
MO,2012-05-09,0.0342359767891682,62.5254215060681,8.849079754601227,22.13888888888889,15.487037037037036,3.0,0.0,0.0,0.0,0.0,0.0,0.0,0.0,0.0,0.0,0.0,0.0,0.0,0.0,0.0,0.0,0.0,0.0
MO,2012-05-10,0.0,63.739921191021566,7.898780487804879,22.1283950617284,15.005864197530864,5.0,0.0,0.0,0.0,0.0,0.0,1.0,0.0,0.0,0.0,0.0,0.0,0.0,0.0,0.0,0.0,0.0,0.0
MO,2012-05-11,0.0,63.36088326288098,9.823312883435584,24.178395061728395,17.003703703703703,0.0,0.0,0.0,0.0,0.0,0.0,1.0,0.0,0.0,0.0,0.0,0.0,1.0,0.0,0.0,0.0,0.0,0.0
MO,2012-05-12,0.1932806324110672,69.59427756733473,12.31006289308176,24.0937106918239,18.20188679245283,1.0,0.0,1.0,0.0,0.0,0.0,1.0,0.0,0.0,0.0,0.0,0.0,3.0,0.0,0.0,0.0,0.0,0.0
MO,2012-05-13,0.751503006012024,71.42779878809093,11.635031847133758,23.032692307692308,17.32660256410256,5.0,1.0,0.0,0.0,0.0,0.0,1.0,0.0,0.0,4.0,0.0,0.0,0.0,0.0,0.0,0.0,0.0,0.0
MO,2012-05-14,0.014059405940594,58.02231015887964,10.114906832298136,24.49254658385093,17.303726708074535,5.0,0.0,0.0,0.0,0.0,0.0,3.0,0.0,0.0,4.0,0.0,0.0,0.0,0.0,0.0,0.0,0.0,0.0
MO,2012-05-15,0.0,56.69470903000052,9.972560975609756,25.978048780487804,17.975304878048778,1.0,0.0,0.0,0.0,0.0,0.0,4.0,0.0,0.0,0.0,0.0,0.0,0.0,0.0,0.0,0.0,0.0,0.0
MO,2012-05-16,0.0009708737864077,54.58809572140627,11.13030303030303,27.58614457831325,19.35939393939394,1.0,0.0,1.0,0.0,0.0,0.0,0.0,0.0,0.0,0.0,0.0,0.0,0.0,0.0,0.0,0.0,0.0,0.0
MO,2012-05-17,0.0107421875,51.49399197266615,10.481707317073171,26.989634146341466,18.72085889570552,0.0,0.0,0.0,0.0,0.0,0.0,0.0,0.0,0.0,0.0,0.0,0.0,0.0,0.0,0.0,0.0,0.0,0.0
MO,2012-05-18,0.0,54.709798799840485,12.30060606060606,28.27878787878788,20.28969696969697,0.0,0.0,0.0,0.0,0.0,0.0,1.0,0.0,0.0,0.0,0.0,0.0,0.0,0.0,0.0,0.0,0.0,0.0
MO,2012-05-19,0.0,58.47205474074049,15.463803680981597,30.21472392638037,22.839263803680986,0.0,0.0,2.0,0.0,0.0,0.0,1.0,0.0,0.0,0.0,0.0,0.0,2.0,0.0,0.0,0.0,0.0,0.0
MO,2012-05-20,0.3513725490196078,62.86554738664093,17.28125,29.56894409937889,23.4203125,0.0,0.0,7.0,0.0,0.0,0.0,1.0,0.0,0.0,3.0,0.0,0.0,5.0,0.0,0.0,0.0,0.0,0.0
MO,2012-05-21,1.4344294003868472,60.1501979894633,11.931515151515152,26.452439024390245,19.18079268292683,2.0,0.0,3.0,0.0,0.0,0.0,0.0,0.0,0.0,1.0,0.0,0.0,0.0,0.0,0.0,0.0,0.0,0.0
MO,2012-05-22,0.0074074074074074,55.34200745007912,8.385628742514971,24.332530120481927,16.352409638554217,1.0,0.0,0.0,0.0,0.0,0.0,2.0,0.0,0.0,0.0,0.0,0.0,0.0,0.0,0.0,0.0,0.0,0.0
MO,2012-05-23,0.0201183431952662,53.12318741899672,11.106211180124223,27.196894409937887,19.1634375,0.0,0.0,0.0,0.0,0.0,0.0,1.0,0.0,0.0,0.0,0.0,0.0,0.0,0.0,0.0,0.0,0.0,0.0
MO,2012-05-24,0.1602339181286549,54.25207598678561,15.971779141104294,30.092638036809817,23.05956790123457,1.0,0.0,2.0,0.0,0.0,0.0,1.0,0.0,0.0,0.0,0.0,0.0,2.0,0.0,0.0,0.0,0.0,0.0
MO,2012-05-25,2.865391969407266,69.16317453221818,18.536585365853657,30.55454545454545,24.542073170731708,2.0,0.0,3.0,0.0,0.0,0.0,2.0,0.0,0.0,0.0,0.0,0.0,2.0,0.0,0.0,0.0,0.0,0.0
MO,2012-05-26,0.8037924151696606,66.78411180414027,19.07125,31.244375,25.1578125,3.0,0.0,2.0,0.0,0.0,0.0,0.0,0.0,0.0,0.0,0.0,0.0,0.0,0.0,0.0,0.0,0.0,0.0
MO,2012-05-27,0.0076767676767676,57.63639546687697,19.75705128205128,33.20891719745223,26.482692307692307,1.0,0.0,0.0,0.0,0.0,0.0,0.0,0.0,0.0,0.0,0.0,0.0,0.0,0.0,0.0,0.0,0.0,0.0
MO,2012-05-28,0.1505030181086519,53.28052621782193,20.967721518987343,32.88930817610063,26.93417721518988,1.0,0.0,8.0,0.0,0.0,0.0,2.0,0.0,0.0,0.0,0.0,0.0,4.0,0.0,0.0,0.0,0.0,0.0
MO,2012-05-29,6.132768361581921,56.4789590193669,17.01158536585366,32.42865853658537,24.72012195121951,1.0,0.0,21.0,0.0,1.0,0.0,2.0,0.0,2.0,2.0,0.0,0.0,5.0,0.0,0.0,0.0,0.0,0.0
MO,2012-05-30,2.7249056603773587,58.1528293869502,14.64698795180723,30.352694610778443,22.50271084337349,1.0,0.0,18.0,0.0,1.0,0.0,0.0,0.0,1.0,3.0,0.0,0.0,6.0,0.0,0.0,0.0,0.0,0.0
MO,2012-05-31,8.75074074074074,71.2790457709408,13.818562874251496,26.207784431137725,20.01317365269461,8.0,0.0,15.0,0.0,0.0,0.0,1.0,0.0,0.0,5.0,1.0,0.0,7.0,0.0,0.0,0.0,0.0,0.0
MO,2012-06-01,1.7117647058823529,69.22261176320437,9.27005988023952,20.45246913580247,14.85,7.0,0.0,3.0,0.0,0.0,0.0,1.0,0.0,0.0,2.0,1.0,0.0,2.0,0.0,0.0,0.0,0.0,0.0
MO,2012-06-02,0.1928286852589641,63.80982395676793,9.439877300613498,21.969375,15.70625,2.0,0.0,0.0,0.0,0.0,0.0,0.0,0.0,0.0,1.0,0.0,0.0,1.0,0.0,0.0,0.0,0.0,0.0
MO,2012-06-03,0.3532388663967611,67.96753169165454,12.09,27.291304347826085,19.685625,3.0,0.0,6.0,0.0,0.0,0.0,1.0,0.0,0.0,1.0,0.0,0.0,5.0,0.0,0.0,0.0,0.0,0.0
MO,2012-06-04,1.569921875,71.21675427214126,15.929447852760736,29.421951219512195,22.673926380368098,14.0,4.0,10.0,0.0,0.0,0.0,2.0,0.0,0.0,5.0,0.0,0.0,3.0,0.0,0.0,0.0,0.0,0.0
MO,2012-06-05,0.602970297029703,60.22440105188915,15.761392405063292,31.18860759493671,23.48821656050956,3.0,1.0,1.0,0.0,1.0,0.0,0.0,0.0,0.0,1.0,0.0,0.0,0.0,0.0,0.0,0.0,0.0,0.0
MO,2012-06-06,0.0,55.35049589858847,14.51125,28.471069182389936,21.487735849056605,0.0,0.0,0.0,0.0,0.0,0.0,0.0,0.0,0.0,0.0,0.0,0.0,0.0,0.0,0.0,0.0,0.0,0.0
MO,2012-06-07,0.0048828125,53.61079707176984,12.775155279503108,27.60679012345679,20.20093167701864,0.0,0.0,0.0,0.0,0.0,0.0,1.0,0.0,0.0,0.0,0.0,0.0,0.0,0.0,0.0,0.0,0.0,0.0
MO,2012-06-08,0.0,54.12141416403835,12.434782608695652,28.01851851851852,20.227329192546584,1.0,1.0,0.0,0.0,0.0,0.0,3.0,0.0,0.0,1.0,0.0,0.0,0.0,0.0,0.0,0.0,0.0,0.0
MO,2012-06-09,0.0203187250996015,54.58450761319011,14.390445859872612,30.32151898734177,22.35509554140128,0.0,0.0,0.0,0.0,0.0,0.0,1.0,0.0,1.0,0.0,0.0,0.0,0.0,0.0,0.0,0.0,0.0,0.0
MO,2012-06-10,0.0409900990099009,60.64735406501903,18.229375,31.588271604938274,24.894025157232704,1.0,0.0,2.0,0.0,0.0,0.0,1.0,0.0,0.0,1.0,0.0,0.0,1.0,0.0,0.0,0.0,0.0,0.0
MO,2012-06-11,8.168441064638785,76.73618903765714,18.76172839506173,30.09876543209877,24.409316770186336,13.0,3.0,24.0,0.0,0.0,0.0,1.0,0.0,2.0,3.0,0.0,0.0,7.0,0.0,0.0,0.0,0.0,0.0
MO,2012-06-12,12.977079482439926,61.27159662364961,14.881927710843376,27.545454545454547,21.21,4.0,2.0,11.0,0.0,2.0,0.0,1.0,0.0,1.0,1.0,0.0,0.0,0.0,0.0,0.0,0.0,0.0,0.0
MO,2012-06-13,0.0,55.17854396840778,12.219254658385092,27.76111111111112,20.000621118012425,0.0,0.0,0.0,0.0,0.0,0.0,0.0,0.0,0.0,0.0,0.0,0.0,0.0,0.0,0.0,0.0,0.0,0.0
MO,2012-06-14,0.0,57.35343754355933,14.132515337423312,29.113414634146345,21.62699386503068,1.0,0.0,0.0,0.0,0.0,0.0,1.0,0.0,0.0,0.0,0.0,0.0,0.0,0.0,0.0,0.0,0.0,0.0
MO,2012-06-15,0.2368627450980392,57.399420872525646,16.99625,31.400625,24.19874213836478,2.0,0.0,1.0,0.0,0.0,0.0,0.0,0.0,0.0,0.0,0.0,0.0,2.0,0.0,0.0,0.0,0.0,0.0
MO,2012-06-16,2.371371769383697,64.00336224438723,19.130188679245283,31.87125,25.501257861635217,7.0,0.0,9.0,0.0,0.0,0.0,3.0,0.0,0.0,4.0,0.0,0.0,4.0,0.0,0.0,0.0,0.0,0.0
MO,2012-06-17,12.86574074074074,71.6308684072899,19.062893081761008,32.45,25.76572327044025,5.0,2.0,19.0,0.0,0.0,0.0,1.0,0.0,0.0,2.0,0.0,0.0,5.0,0.0,0.0,0.0,0.0,0.0
MO,2012-06-18,0.1654901960784313,60.53206025990124,20.500625,32.36149068322981,26.433647798742136,0.0,0.0,1.0,0.0,0.0,0.0,1.0,0.0,0.0,0.0,0.0,0.0,0.0,0.0,0.0,0.0,0.0,0.0
MO,2012-06-19,0.0,60.22339962012553,22.04906832298137,32.918072289156626,27.492857142857144,0.0,0.0,0.0,0.0,0.0,0.0,3.0,0.0,0.0,0.0,0.0,0.0,0.0,0.0,0.0,0.0,0.0,0.0
MO,2012-06-20,0.1651162790697674,59.372642959832376,21.967073170731705,32.27256097560976,27.126073619631903,1.0,0.0,4.0,0.0,0.0,0.0,1.0,0.0,0.0,2.0,0.0,0.0,2.0,0.0,0.0,0.0,0.0,0.0
MO,2012-06-21,8.653658536585365,66.080981155942,19.24156626506024,31.80481927710844,25.52319277108434,7.0,0.0,15.0,0.0,0.0,0.0,1.0,0.0,0.0,4.0,0.0,0.0,6.0,0.0,0.0,0.0,0.0,0.0
MO,2012-06-22,0.8835907335907336,63.3248932183474,16.58682634730539,29.534939759036146,23.07060606060606,6.0,1.0,2.0,0.0,0.0,0.0,3.0,0.0,0.0,2.0,0.0,0.0,0.0,0.0,0.0,0.0,0.0,0.0
MO,2012-06-23,0.2841584158415841,59.86847305228175,16.727564102564102,30.75668789808917,23.75,1.0,0.0,5.0,0.0,0.0,0.0,1.0,0.0,0.0,1.0,0.0,0.0,2.0,0.0,0.0,0.0,0.0,0.0
MO,2012-06-24,0.6472222222222223,55.13883485154495,18.617391304347827,32.65031055900621,25.63385093167702,0.0,0.0,0.0,0.0,0.0,0.0,0.0,0.0,0.0,0.0,0.0,0.0,0.0,0.0,0.0,0.0,0.0,0.0
MO,2012-06-25,0.0,61.164682185989285,20.700617283950617,35.5920245398773,28.156790123456787,1.0,0.0,0.0,0.0,0.0,0.0,2.0,0.0,0.0,0.0,0.0,0.0,0.0,0.0,0.0,0.0,0.0,0.0
MO,2012-06-26,0.0,49.20367843656777,17.52716049382716,33.99141104294479,25.76273291925466,0.0,0.0,0.0,0.0,0.0,0.0,2.0,0.0,0.0,0.0,0.0,0.0,0.0,0.0,0.0,0.0,0.0,0.0
MO,2012-06-27,0.0,44.98721232171684,17.29760479041916,34.121556886227545,25.709580838323355,0.0,0.0,0.0,0.0,0.0,0.0,3.0,0.0,0.0,0.0,0.0,0.0,0.0,0.0,0.0,0.0,0.0,0.0
MO,2012-06-28,0.0,43.18019310169584,19.82857142857143,38.032098765432096,28.932919254658383,0.0,0.0,0.0,0.0,0.0,0.0,2.0,0.0,0.0,0.0,0.0,0.0,0.0,0.0,0.0,0.0,0.0,0.0
MO,2012-06-29,0.0,47.12942171051573,21.87948717948717,39.34585987261146,30.618064516129035,1.0,0.0,0.0,0.0,0.0,0.0,3.0,0.0,0.0,1.0,0.0,0.0,0.0,0.0,0.0,0.0,0.0,0.0
MO,2012-06-30,0.0137450199203187,49.7716302578269,22.136538461538464,38.45974842767296,30.31891025641025,1.0,0.0,5.0,0.0,0.0,0.0,4.0,0.0,0.0,1.0,0.0,0.0,2.0,0.0,0.0,0.0,0.0,0.0
MO,2012-07-01,0.4796442687747035,52.271007022008256,22.323417721518982,37.755,30.04620253164557,2.0,0.0,8.0,0.0,0.0,0.0,3.0,0.0,1.0,0.0,0.0,0.0,4.0,0.0,0.0,0.0,0.0,0.0
MO,2012-07-02,0.8557281553398058,56.777722608078086,21.93962264150944,36.89125,29.42138364779874,3.0,0.0,9.0,0.0,0.0,0.0,3.0,0.0,0.0,1.0,0.0,0.0,2.0,0.0,0.0,0.0,0.0,0.0
MO,2012-07-03,1.604588910133843,60.00729779939124,22.210714285714285,36.220238095238095,29.21547619047619,3.0,0.0,8.0,0.0,0.0,0.0,1.0,0.0,0.0,0.0,0.0,0.0,1.0,0.0,0.0,0.0,0.0,0.0
MO,2012-07-04,0.4220238095238095,49.21235722684244,22.458125000000003,36.94472049689441,29.69875,1.0,0.0,2.0,0.0,0.0,0.0,4.0,0.0,0.0,0.0,0.0,0.0,0.0,0.0,0.0,0.0,0.0,0.0
MO,2012-07-05,0.0,47.74424959082448,22.48957055214724,38.37300613496932,30.431288343558283,0.0,0.0,0.0,0.0,0.0,0.0,3.0,0.0,0.0,0.0,0.0,0.0,0.0,0.0,0.0,0.0,0.0,0.0
MO,2012-07-06,0.0411764705882352,48.64504110343498,22.863636363636363,38.99393939393939,30.92878787878788,1.0,0.0,4.0,0.0,0.0,0.0,2.0,0.0,0.0,0.0,0.0,0.0,0.0,0.0,0.0,0.0,0.0,0.0
MO,2012-07-07,0.976937984496124,52.53138497298328,22.891875,39.475625,31.18375,2.0,1.0,15.0,0.0,0.0,0.0,2.0,0.0,2.0,0.0,0.0,0.0,4.0,0.0,0.0,0.0,0.0,0.0
MO,2012-07-08,3.9977099236641225,65.46078194174716,22.251552795031056,38.45471698113208,30.3619496855346,6.0,0.0,22.0,0.0,0.0,0.0,1.0,0.0,0.0,4.0,0.0,0.0,7.0,0.0,0.0,0.0,0.0,0.0
MO,2012-07-09,9.4796992481203,69.48925591947537,21.03818181818182,33.833536585365856,27.435670731707315,8.0,0.0,12.0,0.0,0.0,0.0,1.0,0.0,0.0,3.0,0.0,0.0,4.0,0.0,0.0,0.0,0.0,0.0
MO,2012-07-10,0.6442084942084941,56.85096607660079,19.85722891566265,32.78373493975904,26.32048192771084,4.0,0.0,3.0,0.0,0.0,0.0,3.0,0.0,0.0,1.0,0.0,0.0,0.0,0.0,0.0,0.0,0.0,0.0
MO,2012-07-11,0.2043912175648702,56.07663030642841,19.4111801242236,33.57391304347826,26.4984375,4.0,0.0,3.0,0.0,0.0,0.0,2.0,0.0,0.0,2.0,0.0,0.0,1.0,0.0,0.0,0.0,0.0,0.0
MO,2012-07-12,0.3232142857142857,55.40950957376093,19.362048192771084,33.89337349397591,26.62771084337349,2.0,0.0,4.0,0.0,0.0,0.0,4.0,0.0,0.0,1.0,0.0,0.0,1.0,0.0,0.0,0.0,0.0,0.0
MO,2012-07-13,0.5790606653620352,61.3262781059836,19.966257668711656,34.277300613496934,27.12177914110429,4.0,1.0,10.0,0.0,0.0,0.0,2.0,0.0,0.0,0.0,0.0,0.0,6.0,0.0,0.0,0.0,0.0,0.0
MO,2012-07-14,3.607128712871287,68.63448296107597,19.432704402515725,33.045,26.248427672955973,9.0,2.0,10.0,0.0,0.0,0.0,3.0,0.0,0.0,3.0,0.0,0.0,2.0,0.0,0.0,0.0,0.0,0.0
MO,2012-07-15,1.3494000000000002,63.71950569421019,19.61383647798742,33.310625,26.460377358490565,3.0,1.0,2.0,0.0,0.0,0.0,1.0,0.0,0.0,1.0,0.0,0.0,1.0,0.0,0.0,0.0,0.0,0.0
MO,2012-07-16,0.0462301587301587,61.29307672451384,21.33952095808383,34.61137724550898,27.975449101796404,1.0,0.0,0.0,0.0,0.0,0.0,1.0,0.0,0.0,0.0,0.0,0.0,0.0,0.0,0.0,0.0,0.0,0.0
MO,2012-07-17,0.2339147286821705,56.81937446450803,22.605917159763315,35.53313609467456,29.06952662721893,1.0,0.0,4.0,0.0,0.0,0.0,1.0,0.0,0.0,0.0,0.0,0.0,0.0,0.0,0.0,0.0,0.0,0.0
MO,2012-07-18,0.134765625,51.81535797189685,23.59285714285714,37.242261904761904,30.417559523809523,1.0,0.0,6.0,0.0,0.0,0.0,0.0,0.0,0.0,0.0,0.0,0.0,2.0,0.0,0.0,0.0,0.0,0.0
MO,2012-07-19,1.016763005780347,51.09922158241071,24.21666666666667,38.79642857142857,31.50654761904762,0.0,0.0,15.0,0.0,0.0,0.0,1.0,0.0,0.0,0.0,0.0,0.0,3.0,0.0,0.0,0.0,0.0,0.0
MO,2012-07-20,0.3839147286821705,58.42426014098207,21.28402366863905,37.35297619047619,29.31904761904762,2.0,0.0,1.0,0.0,0.0,0.0,2.0,0.0,0.0,0.0,0.0,0.0,0.0,0.0,0.0,0.0,0.0,0.0
MO,2012-07-21,0.0,57.51606970121574,18.97142857142857,34.09878048780487,26.549068322981363,5.0,0.0,0.0,0.0,0.0,0.0,3.0,0.0,0.0,1.0,0.0,0.0,0.0,0.0,0.0,0.0,0.0,0.0
MO,2012-07-22,0.0,48.81245182078263,19.72530864197531,36.059259259259264,27.892283950617283,0.0,0.0,0.0,0.0,0.0,0.0,1.0,0.0,0.0,0.0,0.0,0.0,0.0,0.0,0.0,0.0,0.0,0.0
MO,2012-07-23,0.0,49.8113951593745,22.20120481927711,37.8748502994012,30.038253012048195,2.0,0.0,0.0,0.0,0.0,0.0,1.0,0.0,0.0,1.0,0.0,0.0,0.0,0.0,0.0,0.0,0.0,0.0
MO,2012-07-24,0.0,49.049983790012426,24.276646706586824,38.836309523809526,31.562874251497007,0.0,0.0,0.0,0.0,0.0,0.0,2.0,0.0,0.0,0.0,0.0,0.0,0.0,0.0,0.0,0.0,0.0,0.0
MO,2012-07-25,0.1068359375,47.71828658192772,24.93988095238095,38.8,31.86428571428572,1.0,0.0,6.0,0.0,0.0,0.0,0.0,0.0,0.0,1.0,0.0,0.0,2.0,0.0,0.0,0.0,0.0,0.0
MO,2012-07-26,5.09343339587242,57.84681374744638,23.353801169590643,38.30584795321638,30.829824561403505,5.0,0.0,20.0,0.0,0.0,0.0,0.0,0.0,1.0,1.0,1.0,0.0,8.0,0.0,0.0,0.0,0.0,0.0
MO,2012-07-27,3.281447124304268,60.186020128945216,20.58994082840237,35.00654761904762,27.79341317365269,6.0,2.0,9.0,0.0,0.0,0.0,0.0,0.0,1.0,0.0,0.0,0.0,2.0,0.0,0.0,0.0,0.0,0.0
MO,2012-07-28,0.4932539682539682,53.679177683067714,18.32345679012346,35.17098765432099,26.747222222222224,0.0,1.0,1.0,0.0,0.0,0.0,0.0,0.0,0.0,1.0,0.0,0.0,0.0,0.0,0.0,0.0,0.0,0.0
MO,2012-07-29,2.0,55.57269350493832,20.003086419753085,35.28658536585366,27.633024691358028,4.0,0.0,15.0,0.0,0.0,0.0,0.0,0.0,1.0,2.0,0.0,0.0,4.0,0.0,0.0,0.0,0.0,0.0
MO,2012-07-30,2.0947368421052635,60.4353023724957,21.975449101796407,36.23832335329342,29.129819277108435,5.0,2.0,3.0,0.0,0.0,0.0,1.0,0.0,0.0,2.0,0.0,0.0,6.0,0.0,0.0,0.0,0.0,0.0
MO,2012-07-31,0.4259117082533589,59.392257713244135,21.446153846153848,35.50828402366864,28.47721893491124,21.0,4.0,3.0,0.0,0.0,0.0,8.0,0.0,0.0,4.0,0.0,0.0,2.0,0.0,0.0,0.0,0.0,0.0
MO,2012-08-01,0.4522900763358778,53.74818553265425,22.08658536585365,37.21757575757576,29.6640243902439,2.0,0.0,4.0,0.0,0.0,0.0,1.0,0.0,0.0,1.0,0.0,0.0,1.0,0.0,0.0,0.0,0.0,0.0
MO,2012-08-02,1.3829545454545455,59.34773860638016,22.501829268292685,37.15975609756097,29.83079268292683,4.0,0.0,14.0,0.0,0.0,0.0,1.0,0.0,0.0,1.0,0.0,0.0,7.0,0.0,0.0,0.0,0.0,0.0
MO,2012-08-03,0.933206106870229,63.01252549449564,22.433128834355827,35.86585365853659,29.146932515337426,4.0,1.0,5.0,0.0,0.0,0.0,1.0,0.0,1.0,1.0,0.0,0.0,3.0,0.0,0.0,0.0,0.0,0.0
MO,2012-08-04,2.1986564299424183,61.29309253643886,23.15732484076433,36.28709677419355,29.73,6.0,0.0,22.0,0.0,0.0,0.0,2.0,0.0,0.0,3.0,0.0,0.0,7.0,0.0,0.0,0.0,0.0,0.0
MO,2012-08-05,10.420411985018726,61.78677712294954,19.91962025316456,34.96923076923077,27.449038461538464,4.0,0.0,19.0,0.0,1.0,0.0,0.0,0.0,1.0,4.0,0.0,0.0,6.0,0.0,0.0,0.0,0.0,0.0
MO,2012-08-06,0.3110679611650485,51.34285453426368,16.632530120481928,32.99938271604938,24.827777777777776,2.0,0.0,1.0,0.0,0.0,0.0,1.0,0.0,0.0,0.0,0.0,0.0,0.0,0.0,0.0,0.0,0.0,0.0
MO,2012-08-07,0.0015444015444015,46.71893973319209,17.251497005988025,35.29277108433735,26.28554216867469,1.0,0.0,1.0,0.0,0.0,0.0,0.0,0.0,0.0,0.0,0.0,0.0,0.0,0.0,0.0,0.0,0.0,0.0
MO,2012-08-08,1.0352380952380953,51.17512883144385,19.315060240963856,37.08433734939759,28.21727272727273,4.0,1.0,15.0,0.0,0.0,0.0,1.0,0.0,3.0,2.0,0.0,0.0,7.0,0.0,0.0,0.0,0.0,0.0
MO,2012-08-09,5.371897810218978,66.13040519039623,18.680487804878048,34.44907975460123,26.57037037037037,4.0,0.0,13.0,0.0,1.0,0.0,1.0,0.0,1.0,0.0,0.0,0.0,3.0,0.0,0.0,0.0,0.0,0.0
MO,2012-08-10,0.0226120857699805,60.4474487410103,16.695151515151515,31.35333333333333,24.024242424242424,1.0,0.0,0.0,0.0,0.0,0.0,1.0,0.0,0.0,0.0,0.0,0.0,0.0,0.0,0.0,0.0,0.0,0.0
MO,2012-08-11,0.0068410462776659,55.38131132903119,13.39874213836478,28.75987261146497,21.079617834394902,0.0,0.0,0.0,0.0,0.0,0.0,0.0,0.0,1.0,0.0,0.0,0.0,2.0,0.0,0.0,0.0,0.0,0.0
MO,2012-08-12,0.2948207171314741,58.13726554464384,15.056862745098035,30.07124183006536,22.5640522875817,1.0,0.0,9.0,0.0,0.0,0.0,0.0,0.0,0.0,0.0,0.0,0.0,7.0,0.0,0.0,0.0,0.0,0.0
MO,2012-08-13,1.807824427480916,67.86266103479541,17.174545454545456,29.48148148148148,23.33796296296296,2.0,0.0,15.0,0.0,1.0,0.0,2.0,0.0,1.0,1.0,0.0,0.0,3.0,0.0,0.0,0.0,0.0,0.0
MO,2012-08-14,0.109284332688588,73.97548644878061,14.72121212121212,25.47453416149068,20.120186335403726,5.0,0.0,0.0,0.0,0.0,0.0,2.0,0.0,0.0,1.0,0.0,0.0,3.0,0.0,0.0,0.0,0.0,0.0
MO,2012-08-15,0.4814885496183206,64.80020887580977,14.403012048192773,27.67177914110429,21.04355828220859,9.0,3.0,0.0,0.0,0.0,0.0,0.0,0.0,0.0,2.0,0.0,0.0,0.0,0.0,0.0,0.0,0.0,0.0
MO,2012-08-16,0.6350674373795762,60.64097705639498,16.759036144578314,33.4339393939394,25.1,2.0,0.0,13.0,1.0,0.0,0.0,2.0,0.0,0.0,1.0,0.0,0.0,8.0,0.0,0.0,0.0,0.0,0.0
MO,2012-08-17,7.877614678899083,59.48784386249192,14.635542168674698,31.108982035928143,22.86757575757576,3.0,0.0,13.0,0.0,1.0,0.0,0.0,0.0,0.0,1.0,0.0,0.0,2.0,0.0,0.0,0.0,0.0,0.0
MO,2012-08-18,0.0637080867850098,50.81352917021812,11.525766871165644,27.9179012345679,19.73333333333333,3.0,2.0,0.0,0.0,0.0,0.0,0.0,0.0,0.0,1.0,0.0,0.0,3.0,0.0,0.0,0.0,0.0,0.0
MO,2012-08-19,0.1679841897233201,53.13449800080083,12.765217391304349,28.21296296296296,20.500625,3.0,0.0,1.0,0.0,0.0,0.0,1.0,0.0,0.0,2.0,0.0,0.0,4.0,0.0,0.0,0.0,0.0,0.0
MO,2012-08-20,0.4396153846153846,51.48117117140463,12.309090909090909,28.9539393939394,20.63048780487805,3.0,1.0,1.0,0.0,0.0,0.0,2.0,0.0,0.0,1.0,0.0,0.0,0.0,0.0,0.0,0.0,0.0,0.0
MO,2012-08-21,0.0015748031496062,46.06016720882182,13.055828220858896,30.71472392638037,21.885276073619632,2.0,0.0,0.0,0.0,0.0,0.0,0.0,0.0,0.0,1.0,0.0,0.0,1.0,0.0,0.0,0.0,0.0,0.0
MO,2012-08-22,0.0,44.064591075511565,14.6320987654321,33.43515151515152,24.03641975308642,0.0,0.0,0.0,0.0,0.0,0.0,1.0,0.0,0.0,0.0,0.0,0.0,0.0,0.0,0.0,0.0,0.0,0.0
MO,2012-08-23,0.0108108108108108,43.42010146927185,15.985365853658536,35.093939393939394,25.55889570552148,0.0,0.0,0.0,0.0,0.0,0.0,3.0,0.0,0.0,0.0,0.0,0.0,0.0,0.0,0.0,0.0,0.0,0.0
MO,2012-08-24,0.0084645669291338,46.14919913773471,17.68625,34.221739130434784,25.97012578616352,2.0,0.0,0.0,0.0,0.0,0.0,1.0,0.0,0.0,0.0,1.0,0.0,4.0,0.0,0.0,0.0,0.0,0.0
MO,2012-08-25,1.1053677932405566,61.18524864386141,19.035185185185185,31.50372670807453,25.262812500000003,9.0,0.0,2.0,0.0,0.0,0.0,0.0,0.0,0.0,6.0,1.0,0.0,7.0,0.0,0.0,0.0,0.0,0.0
MO,2012-08-26,11.864051094890511,83.78018898622497,20.28466257668712,29.349382716049384,24.81265432098765,11.0,1.0,8.0,0.0,0.0,0.0,3.0,0.0,0.0,7.0,1.0,0.0,7.0,0.0,0.0,0.0,0.0,0.0
MO,2012-08-27,8.566666666666668,75.14823922495931,19.75030303030303,29.589090909090903,24.689939024390245,24.0,8.0,5.0,0.0,0.0,0.0,0.0,0.0,0.0,6.0,0.0,0.0,1.0,0.0,0.0,0.0,0.0,0.0
MO,2012-08-28,0.0992307692307692,57.89618050219775,16.84191616766467,32.47650602409639,24.664759036144577,7.0,2.0,0.0,0.0,0.0,0.0,2.0,0.0,0.0,2.0,0.0,0.0,0.0,0.0,0.0,0.0,0.0,0.0
MO,2012-08-29,0.0,53.246970192064325,16.850299401197606,33.86385542168674,25.36265060240964,2.0,0.0,0.0,0.0,0.0,0.0,1.0,0.0,0.0,1.0,0.0,0.0,0.0,0.0,0.0,0.0,0.0,0.0
MO,2012-08-30,0.0841392649903288,50.64522258185257,17.65688622754491,34.69939759036145,26.18614457831325,4.0,0.0,0.0,0.0,0.0,0.0,0.0,0.0,0.0,0.0,0.0,0.0,0.0,0.0,0.0,0.0,0.0,0.0
MO,2012-08-31,11.781785063752276,75.94044330995033,19.64756097560976,33.13212121212121,26.389329268292684,15.0,2.0,4.0,0.0,0.0,0.0,1.0,0.0,0.0,8.0,0.0,0.0,8.0,0.0,0.0,0.0,0.0,0.0
MO,2012-09-01,40.67248677248677,91.23032946546287,21.04625,25.983125,23.5146875,15.0,2.0,3.0,0.0,0.0,0.0,4.0,0.0,0.0,7.0,0.0,0.0,8.0,0.0,0.0,0.0,0.0,0.0
MO,2012-09-02,11.95719557195572,83.56672397421606,19.861635220125788,26.56037735849057,23.211006289308177,16.0,0.0,1.0,0.0,0.0,0.0,2.0,0.0,0.0,5.0,1.0,0.0,4.0,0.0,0.0,0.0,0.0,0.0
MO,2012-09-03,0.5102514506769826,74.93025869183596,19.65,30.65541401273885,25.147756410256413,11.0,5.0,5.0,0.0,1.0,0.0,3.0,0.0,0.0,4.0,1.0,0.0,3.0,0.0,0.0,0.0,0.0,0.0
MO,2012-09-04,3.125,71.2982368681606,20.357861635220125,33.48509316770186,26.91698113207548,10.0,1.0,13.0,0.0,0.0,0.0,1.0,0.0,0.0,2.0,0.0,0.0,3.0,0.0,0.0,0.0,0.0,0.0
MO,2012-09-05,1.143879472693032,71.14407091945012,21.29457831325301,33.91818181818182,27.60181818181818,4.0,1.0,16.0,0.0,0.0,0.0,2.0,0.0,0.0,3.0,0.0,0.0,6.0,0.0,0.0,0.0,0.0,0.0
MO,2012-09-06,1.9786516853932583,71.66653238656592,19.26932515337424,32.77621951219513,26.017791411042943,10.0,4.0,10.0,0.0,0.0,0.0,3.0,0.0,1.0,1.0,0.0,0.0,3.0,0.0,0.0,0.0,0.0,0.0
MO,2012-09-07,5.260110294117647,71.42003981301914,17.858282208588957,32.53030303030303,25.17914110429448,12.0,0.0,25.0,0.0,1.0,0.0,0.0,0.0,6.0,5.0,0.0,0.0,8.0,0.0,0.0,0.0,0.0,0.0
MO,2012-09-08,13.862056737588652,69.42918371539518,12.290062111801245,29.703105590062112,20.968125,2.0,0.0,16.0,0.0,2.0,0.0,1.0,0.0,1.0,0.0,0.0,0.0,1.0,0.0,0.0,0.0,0.0,0.0
MO,2012-09-09,0.0933723196881091,62.458365860033005,11.3175,24.1475,17.742767295597485,0.0,0.0,0.0,0.0,0.0,0.0,1.0,0.0,0.0,0.0,0.0,0.0,0.0,0.0,0.0,0.0,0.0,0.0
MO,2012-09-10,0.0005825242718446,65.04190220261056,10.255421686746988,24.97289156626506,17.614156626506023,7.0,0.0,0.0,0.0,0.0,0.0,1.0,0.0,0.0,1.0,0.0,0.0,0.0,0.0,0.0,0.0,0.0,0.0
MO,2012-09-11,0.0,62.1060194216177,11.548484848484849,27.38132530120482,19.465454545454545,6.0,1.0,0.0,0.0,0.0,0.0,2.0,0.0,0.0,1.0,0.0,0.0,0.0,0.0,0.0,0.0,0.0,0.0
MO,2012-09-12,0.0015209125475285,61.00852946759238,14.530674846625766,30.078658536585365,22.3,3.0,0.0,0.0,0.0,0.0,0.0,1.0,0.0,0.0,0.0,0.0,0.0,1.0,0.0,0.0,0.0,0.0,0.0
MO,2012-09-13,1.4452830188679244,71.03474029438259,14.358181818181816,28.55843373493976,21.4539393939394,11.0,0.0,0.0,0.0,0.0,0.0,0.0,0.0,0.0,4.0,0.0,0.0,4.0,0.0,0.0,0.0,0.0,0.0
MO,2012-09-14,6.968058076225046,82.94468630171279,11.742424242424242,21.935757575757577,16.821341463414633,15.0,2.0,1.0,0.0,0.0,0.0,1.0,0.0,0.0,6.0,0.0,0.0,5.0,0.0,0.0,0.0,0.0,0.0
MO,2012-09-15,8.037931034482758,80.6192838713241,11.680124223602483,19.795031055900623,15.737577639751551,11.0,1.0,0.0,0.0,0.0,0.0,0.0,0.0,0.0,5.0,0.0,0.0,4.0,0.0,0.0,0.0,0.0,0.0
MO,2012-09-16,9.3719165085389,84.45713636238719,12.907453416149067,21.069753086419755,16.998757763975156,17.0,3.0,1.0,0.0,0.0,0.0,3.0,0.0,0.0,6.0,0.0,0.0,2.0,0.0,0.0,0.0,0.0,0.0
MO,2012-09-17,0.8725527831094049,86.44863975358703,14.087037037037035,23.421951219512195,18.76203703703704,30.0,7.0,5.0,0.0,0.0,0.0,4.0,0.0,0.0,7.0,1.0,0.0,4.0,0.0,0.0,0.0,0.0,0.0
MO,2012-09-18,1.5685873605947955,65.67344276778056,8.727878787878787,23.512727272727272,16.12030303030303,6.0,2.0,1.0,0.0,0.0,0.0,2.0,0.0,0.0,2.0,0.0,0.0,4.0,0.0,0.0,0.0,0.0,0.0
MO,2012-09-19,0.0266924564796905,59.89312275596657,7.16060606060606,21.633333333333333,14.396969696969697,5.0,2.0,0.0,0.0,0.0,0.0,4.0,0.0,0.0,1.0,0.0,0.0,1.0,0.0,0.0,0.0,0.0,0.0
MO,2012-09-20,0.1656370656370656,54.24234755684497,9.447272727272727,25.51626506024096,17.48,1.0,0.0,3.0,0.0,0.0,0.0,2.0,0.0,0.0,0.0,0.0,0.0,2.0,0.0,0.0,0.0,0.0,0.0
MO,2012-09-21,3.672420262664165,59.69215221944884,11.207878787878789,25.63855421686747,18.418484848484848,4.0,1.0,11.0,0.0,0.0,0.0,2.0,0.0,0.0,3.0,0.0,0.0,3.0,0.0,0.0,0.0,0.0,0.0
MO,2012-09-22,0.2102204408817635,51.14437161890404,8.842767295597485,25.845625,17.341509433962266,3.0,0.0,0.0,0.0,0.0,0.0,3.0,0.0,0.0,1.0,0.0,0.0,0.0,0.0,0.0,0.0,0.0,0.0
MO,2012-09-23,0.0,55.462529921117984,3.971069182389937,21.052229299363056,12.506687898089172,2.0,0.0,0.0,0.0,0.0,0.0,2.0,0.0,0.0,1.0,0.0,0.0,0.0,0.0,0.0,0.0,0.0,0.0
MO,2012-09-24,0.0048923679060665,60.51815324024243,5.20122699386503,21.32331288343558,13.262269938650308,2.0,1.0,1.0,0.0,0.0,0.0,2.0,0.0,0.0,1.0,0.0,0.0,0.0,0.0,0.0,0.0,0.0,0.0
MO,2012-09-25,1.894095238095238,66.69093971466289,10.201234567901237,25.29451219512196,17.72222222222222,5.0,0.0,17.0,0.0,0.0,0.0,3.0,0.0,0.0,1.0,1.0,0.0,5.0,0.0,0.0,0.0,0.0,0.0
MO,2012-09-26,10.306375227686702,81.42821743671486,15.933125,27.94049079754601,21.9365625,15.0,2.0,21.0,0.0,1.0,0.0,3.0,0.0,0.0,3.0,0.0,0.0,7.0,0.0,0.0,0.0,0.0,0.0
MO,2012-09-27,8.676373626373627,85.34523111720608,14.775308641975307,23.872222222222224,19.318012422360248,20.0,7.0,11.0,0.0,0.0,0.0,5.0,0.0,0.0,6.0,0.0,0.0,5.0,0.0,0.0,0.0,0.0,0.0
MO,2012-09-28,2.08703007518797,78.75309194136977,13.699382716049383,22.990184049079755,18.335185185185185,18.0,1.0,2.0,0.0,0.0,0.0,1.0,0.0,0.0,6.0,0.0,0.0,5.0,0.0,0.0,0.0,0.0,0.0
MO,2012-09-29,0.9223552894211576,69.842396457483,9.830625,22.90807453416149,16.373124999999998,10.0,1.0,1.0,0.0,0.0,0.0,2.0,0.0,0.0,3.0,0.0,0.0,1.0,0.0,0.0,0.0,0.0,0.0
MO,2012-09-30,0.0032520325203252,71.02397143855546,9.751265822784813,23.65506329113924,16.703164556962026,8.0,2.0,0.0,0.0,0.0,0.0,4.0,0.0,0.0,1.0,0.0,0.0,0.0,0.0,0.0,0.0,0.0,0.0
MO,2012-10-01,0.0559055118110236,67.34222321069588,10.685534591194967,23.044375,16.85691823899371,3.0,0.0,0.0,0.0,0.0,0.0,4.0,0.0,0.0,1.0,0.0,0.0,1.0,0.0,0.0,0.0,0.0,0.0
MO,2012-10-02,0.0365758754863813,64.4097881431993,8.457055214723926,22.16111111111111,15.312962962962962,1.0,0.0,0.0,0.0,0.0,0.0,4.0,0.0,0.0,0.0,0.0,0.0,1.0,0.0,0.0,0.0,0.0,0.0
MO,2012-10-03,0.1088291746641074,67.77122126905326,8.924223602484473,23.188271604938272,16.05745341614907,4.0,1.0,1.0,0.0,0.0,0.0,4.0,0.0,0.0,2.0,0.0,0.0,2.0,0.0,0.0,0.0,0.0,0.0
MO,2012-10-04,0.176504854368932,68.64127111327171,10.291082802547772,24.230817610062893,17.271974522292993,8.0,1.0,6.0,0.0,0.0,0.0,1.0,0.0,0.0,0.0,1.0,0.0,3.0,0.0,0.0,0.0,0.0,0.0
MO,2012-10-05,5.150467289719626,79.22251268213155,6.746913580246914,20.055900621118013,13.4,7.0,0.0,26.0,0.0,0.0,0.0,2.0,0.0,0.0,6.0,1.0,0.0,8.0,0.0,0.0,0.0,0.0,0.0
MO,2012-10-06,5.610586011342155,74.89028100299235,1.241772151898734,10.612337662337662,5.944805194805195,3.0,0.0,3.0,0.0,0.0,0.0,0.0,0.0,0.0,0.0,0.0,0.0,3.0,0.0,0.0,0.0,0.0,0.0
MO,2012-10-07,0.1751491053677932,64.11447390794461,-0.1481012658227848,9.988535031847134,4.910828025477707,3.0,1.0,1.0,0.0,0.0,0.0,1.0,0.0,0.0,0.0,0.0,0.0,0.0,0.0,0.0,0.0,0.0,0.0
MO,2012-10-08,0.068389662027833,63.586482110916165,0.1417721518987341,13.633544303797468,6.887658227848101,3.0,2.0,0.0,0.0,0.0,0.0,2.0,0.0,0.0,2.0,0.0,0.0,0.0,0.0,0.0,0.0,0.0,0.0
MO,2012-10-09,0.0162426614481409,65.94257822257507,2.249375,17.07375,9.6615625,11.0,1.0,0.0,0.0,0.0,0.0,2.0,0.0,0.0,4.0,0.0,0.0,4.0,0.0,0.0,0.0,0.0,0.0
MO,2012-10-10,0.3507547169811321,60.81108448266157,2.062345679012346,18.096319018404905,10.078703703703704,3.0,0.0,0.0,0.0,0.0,0.0,1.0,0.0,0.0,0.0,0.0,0.0,1.0,0.0,0.0,0.0,0.0,0.0
MO,2012-10-11,0.2322456813819577,67.10913677443646,2.5869565217391304,16.2475,9.420125786163522,2.0,0.0,2.0,1.0,0.0,0.0,3.0,0.0,0.0,2.0,0.0,0.0,5.0,0.0,0.0,0.0,0.0,0.0
MO,2012-10-12,7.611992619926199,73.56865739995911,6.99308176100629,17.90875,12.454716981132076,9.0,0.0,18.0,0.0,0.0,0.0,0.0,0.0,0.0,3.0,0.0,0.0,5.0,0.0,0.0,0.0,0.0,0.0
MO,2012-10-13,8.524105461393598,86.31568148809225,10.50759493670886,18.42375,14.48006329113924,17.0,3.0,18.0,0.0,1.0,0.0,4.0,0.0,0.0,8.0,0.0,0.0,7.0,0.0,0.0,0.0,0.0,0.0
MO,2012-10-14,28.54021739130435,77.84613587924107,12.918709677419356,22.1126582278481,17.50548387096774,11.0,0.0,21.0,0.0,0.0,0.0,4.0,0.0,0.0,5.0,0.0,0.0,7.0,0.0,0.0,0.0,0.0,0.0
MO,2012-10-15,0.6911242603550295,64.86995171892502,6.863354037267081,21.349068322981367,14.106211180124223,6.0,1.0,0.0,0.0,0.0,0.0,5.0,0.0,0.0,1.0,0.0,0.0,0.0,0.0,0.0,0.0,0.0,0.0
MO,2012-10-16,0.0161100196463654,58.48828008605204,8.015094339622642,24.13625,16.071069182389937,3.0,0.0,0.0,0.0,0.0,0.0,2.0,0.0,0.0,0.0,0.0,0.0,0.0,0.0,0.0,0.0,0.0,0.0
MO,2012-10-17,0.8401162790697675,69.53582764299841,11.028301886792454,24.66708074534161,17.826415094339623,10.0,2.0,11.0,0.0,0.0,0.0,5.0,0.0,0.0,4.0,1.0,0.0,7.0,0.0,0.0,0.0,0.0,0.0
MO,2012-10-18,8.171955719557195,55.22509754463245,7.048101265822784,18.31025641025641,12.677884615384617,2.0,0.0,11.0,0.0,0.0,0.0,1.0,0.0,0.0,0.0,1.0,0.0,4.0,0.0,0.0,0.0,0.0,0.0
MO,2012-10-19,0.9001968503937008,66.61523726705008,6.847770700636942,14.339354838709676,10.596451612903229,4.0,0.0,0.0,0.0,0.0,0.0,2.0,0.0,0.0,1.0,1.0,0.0,6.0,0.0,0.0,0.0,0.0,0.0
MO,2012-10-20,0.0767820773930753,68.26147307462378,4.624516129032258,14.257142857142856,9.446753246753246,1.0,1.0,0.0,0.0,0.0,0.0,2.0,0.0,0.0,1.0,0.0,0.0,0.0,0.0,0.0,0.0,0.0,0.0
MO,2012-10-21,0.0077551020408163,69.42347610859306,6.915584415584416,21.723376623376623,14.319480519480518,0.0,0.0,1.0,0.0,0.0,0.0,0.0,0.0,0.0,0.0,0.0,0.0,0.0,0.0,0.0,0.0,0.0,0.0
MO,2012-10-22,1.412007874015748,76.72002241844481,12.5,25.669182389937102,19.08459119496856,1.0,0.0,12.0,0.0,0.0,0.0,0.0,0.0,0.0,1.0,0.0,0.0,4.0,0.0,0.0,0.0,0.0,0.0
MO,2012-10-23,8.444362292051755,76.24302610679389,17.017500000000002,26.346012269938647,21.6853125,7.0,0.0,20.0,0.0,0.0,0.0,2.0,0.0,0.0,4.0,0.0,0.0,4.0,0.0,0.0,0.0,0.0,0.0
MO,2012-10-24,2.064176245210728,71.5672100649289,16.970186335403724,26.306832298136644,21.638509316770183,1.0,1.0,3.0,0.0,0.0,0.0,2.0,0.0,0.0,0.0,0.0,0.0,0.0,0.0,0.0,0.0,0.0,0.0
MO,2012-10-25,0.5205029013539652,75.46901468463683,13.976100628930816,26.87639751552795,20.420440251572327,16.0,0.0,4.0,0.0,0.0,0.0,1.0,0.0,0.0,8.0,1.0,0.0,8.0,0.0,0.0,0.0,0.0,0.0
MO,2012-10-26,4.602914389799635,67.30523117832601,2.3257668711656443,19.46975308641976,10.896296296296295,1.0,0.0,1.0,0.0,0.0,0.0,0.0,0.0,0.0,1.0,0.0,0.0,1.0,0.0,0.0,0.0,0.0,0.0
MO,2012-10-27,0.0169291338582677,68.63378819235238,-1.5490322580645162,9.2078431372549,3.838815789473684,0.0,1.0,0.0,0.0,0.0,1.0,1.0,0.0,0.0,1.0,0.0,0.0,0.0,0.0,0.0,0.0,0.0,1.0
MO,2012-10-28,0.0016129032258064,65.48295767004466,-2.0167785234899327,9.519463087248322,3.744932432432433,2.0,0.0,0.0,0.0,0.0,0.0,2.0,0.0,0.0,1.0,0.0,0.0,0.0,0.0,0.0,0.0,0.0,0.0
MO,2012-10-29,0.0025590551181102,62.660152188518666,-1.688535031847134,11.146496815286625,4.728980891719745,1.0,0.0,0.0,0.0,0.0,0.0,2.0,0.0,1.0,0.0,0.0,0.0,0.0,0.0,0.0,0.0,0.0,0.0
MO,2012-10-30,0.0,57.96672682107276,-0.717283950617284,12.761728395061729,6.022222222222222,1.0,1.0,0.0,0.0,0.0,0.0,1.0,0.0,0.0,0.0,0.0,0.0,0.0,0.0,0.0,0.0,0.0,0.0
MO,2012-10-31,0.0005976095617529,52.756886154502574,0.211320754716981,14.420625,7.310691823899371,0.0,0.0,0.0,0.0,0.0,0.0,4.0,0.0,0.0,0.0,0.0,0.0,0.0,0.0,0.0,0.0,0.0,0.0
MO,2012-11-01,0.0,58.20335903206871,0.9102564102564102,16.60828025477707,8.744871794871795,1.0,0.0,0.0,0.0,0.0,0.0,10.0,0.0,0.0,1.0,0.0,0.0,0.0,0.0,0.0,0.0,0.0,0.0
MO,2012-11-02,0.0,60.89586694329029,2.819871794871794,19.758227848101267,11.276923076923078,0.0,0.0,0.0,0.0,0.0,0.0,1.0,0.0,0.0,0.0,0.0,0.0,0.0,0.0,0.0,0.0,0.0,0.0
MO,2012-11-03,0.028235294117647,62.15135097204649,3.581699346405229,16.383552631578947,9.963245033112583,4.0,0.0,0.0,0.0,0.0,0.0,3.0,0.0,0.0,1.0,0.0,0.0,0.0,0.0,0.0,0.0,0.0,0.0
MO,2012-11-04,0.0276,72.77656717989781,0.4375796178343949,14.112820512820512,7.280128205128205,18.0,4.0,1.0,0.0,0.0,0.0,6.0,0.0,1.0,5.0,0.0,0.0,3.0,0.0,0.0,0.0,0.0,2.0
MO,2012-11-05,3.120566037735849,80.29090914853754,2.66025641025641,12.125949367088609,7.380128205128205,19.0,0.0,3.0,0.0,0.0,0.0,3.0,0.0,0.0,8.0,1.0,0.0,8.0,0.0,0.0,0.0,0.0,0.0
MO,2012-11-06,2.770467289719626,83.26027332549155,4.359119496855346,9.044654088050311,6.70188679245283,20.0,2.0,1.0,0.0,0.0,0.0,7.0,0.0,0.0,8.0,1.0,0.0,6.0,0.0,0.0,0.0,0.0,0.0
MO,2012-11-07,0.2050485436893203,66.2460558699484,2.4814102564102565,11.658974358974358,7.070192307692308,2.0,0.0,0.0,0.0,0.0,0.0,0.0,0.0,0.0,0.0,0.0,0.0,2.0,0.0,0.0,0.0,0.0,0.0
MO,2012-11-08,0.0061776061776061,68.59546288407745,-0.003125,12.665408805031449,6.34874213836478,6.0,2.0,0.0,0.0,0.0,0.0,0.0,0.0,0.0,1.0,0.0,0.0,0.0,0.0,0.0,0.0,0.0,1.0
MO,2012-11-09,0.0723529411764705,65.47860120125908,3.361875,18.585714285714285,10.97125,1.0,0.0,0.0,0.0,0.0,0.0,2.0,0.0,0.0,0.0,0.0,0.0,0.0,0.0,0.0,0.0,0.0,0.0
MO,2012-11-10,0.2136,62.65839359916729,10.382781456953644,22.84102564102564,16.65132450331126,0.0,0.0,0.0,0.0,0.0,0.0,0.0,0.0,0.0,0.0,0.0,0.0,4.0,0.0,0.0,0.0,0.0,0.0
MO,2012-11-11,7.649320388349515,74.01308205971476,8.810191082802548,22.354088050314463,15.559872611464968,13.0,1.0,10.0,1.0,0.0,0.0,4.0,0.0,0.0,6.0,1.0,0.0,8.0,1.0,1.0,0.0,0.0,0.0
MO,2012-11-12,20.305936920222635,67.42812953518903,-3.697435897435897,14.250641025641023,5.2712903225806444,4.0,0.0,4.0,3.0,0.0,1.0,0.0,0.0,0.0,1.0,0.0,0.0,1.0,0.0,0.0,0.0,0.0,0.0
MO,2012-11-13,0.2545808966861598,62.36636950083006,-4.445911949685534,8.718867924528302,2.1364779874213835,0.0,0.0,0.0,0.0,0.0,0.0,1.0,0.0,0.0,0.0,0.0,0.0,0.0,0.0,0.0,0.0,0.0,0.0
MO,2012-11-14,0.0425242718446602,57.987412207819126,-2.5675,11.801242236024844,4.6137500000000005,1.0,0.0,0.0,0.0,0.0,0.0,0.0,0.0,0.0,0.0,0.0,0.0,0.0,0.0,0.0,0.0,0.0,0.0
MO,2012-11-15,0.0,60.62475686050262,-1.1898734177215189,12.935443037974684,5.872784810126582,3.0,1.0,0.0,0.0,0.0,0.0,3.0,0.0,0.0,1.0,0.0,0.0,0.0,0.0,0.0,0.0,0.0,1.0
MO,2012-11-16,0.0,65.55254600049555,-1.2855345911949685,14.161635220125785,6.438050314465409,10.0,1.0,0.0,0.0,0.0,0.0,7.0,0.0,0.0,2.0,0.0,0.0,0.0,0.0,0.0,0.0,0.0,0.0
MO,2012-11-17,0.0005893909626719,60.97988769638331,-0.8221518987341773,15.39496855345912,7.287658227848102,4.0,0.0,0.0,0.0,0.0,0.0,6.0,0.0,0.0,2.0,0.0,0.0,0.0,0.0,0.0,0.0,0.0,0.0
MO,2012-11-18,0.0235528942115768,55.82152216924723,0.7467948717948718,16.15576923076923,8.451282051282051,4.0,1.0,0.0,0.0,0.0,0.0,3.0,0.0,0.0,1.0,0.0,0.0,0.0,0.0,0.0,0.0,0.0,0.0
MO,2012-11-19,1.692925430210325,65.09967601956083,3.4331249999999995,16.911875000000002,10.1725,9.0,0.0,0.0,0.0,0.0,0.0,5.0,0.0,0.0,3.0,0.0,0.0,5.0,0.0,0.0,0.0,0.0,0.0
MO,2012-11-20,0.4954022988505747,75.37299400480333,3.834756097560976,16.225925925925925,10.05030864197531,18.0,7.0,0.0,0.0,0.0,0.0,10.0,0.0,0.0,7.0,0.0,0.0,0.0,0.0,0.0,0.0,0.0,0.0
MO,2012-11-21,0.0055555555555555,74.01937555822812,1.9422360248447204,17.951552795031056,9.946894409937888,32.0,11.0,0.0,0.0,0.0,1.0,12.0,0.0,0.0,6.0,0.0,0.0,0.0,0.0,1.0,0.0,1.0,1.0
MO,2012-11-22,0.1572874493927125,63.09855953513492,3.5611464968152866,19.72038216560509,11.64076433121019,7.0,3.0,3.0,0.0,0.0,0.0,5.0,0.0,0.0,1.0,0.0,0.0,7.0,0.0,0.0,0.0,0.0,0.0
MO,2012-11-23,1.4918489065606362,61.24119647197045,0.4493589743589743,17.05859872611465,8.751602564102564,1.0,0.0,1.0,0.0,0.0,0.0,1.0,0.0,0.0,0.0,0.0,0.0,1.0,0.0,0.0,0.0,0.0,0.0
MO,2012-11-24,0.0141987829614604,58.85499136843768,-6.070886075949368,6.3955696202531644,0.1544585987261146,0.0,0.0,0.0,0.0,0.0,0.0,1.0,0.0,0.0,0.0,0.0,0.0,0.0,0.0,0.0,0.0,0.0,0.0
MO,2012-11-25,0.0096385542168674,52.61329801286748,-3.884713375796178,8.747169811320754,2.4321656050955416,0.0,0.0,0.0,0.0,0.0,0.0,1.0,0.0,0.0,0.0,0.0,0.0,0.0,0.0,0.0,0.0,0.0,0.0
MO,2012-11-26,0.0652087475149105,68.9843841007142,-1.74625,11.55776397515528,4.901875,2.0,0.0,1.0,0.0,0.0,0.0,4.0,0.0,0.0,0.0,0.0,0.0,2.0,0.0,2.0,0.0,0.0,0.0
MO,2012-11-27,0.5060665362035226,66.70496747580982,-7.793167701863354,5.9625,-0.9065625,2.0,0.0,0.0,2.0,0.0,0.0,4.0,0.0,0.0,1.0,0.0,0.0,0.0,0.0,0.0,0.0,0.0,0.0
MO,2012-11-28,0.0005964214711729,64.53671547369028,-7.183950617283951,6.843125000000001,-0.165,3.0,0.0,0.0,0.0,0.0,0.0,4.0,0.0,0.0,2.0,0.0,0.0,0.0,0.0,0.0,0.0,0.0,0.0
MO,2012-11-29,0.0,63.27093641950637,-3.095652173913044,12.329012345679011,4.617080745341615,4.0,0.0,0.0,0.0,0.0,0.0,3.0,0.0,0.0,0.0,0.0,0.0,0.0,0.0,0.0,0.0,0.0,0.0
MO,2012-11-30,0.0201980198019801,60.21198254666727,2.03125,16.3639751552795,9.188125,1.0,0.0,0.0,0.0,0.0,0.0,3.0,0.0,0.0,1.0,0.0,0.0,0.0,0.0,0.0,0.0,0.0,0.0
MO,2012-12-01,0.0444664031620553,78.83644156893395,5.504575163398693,17.93548387096774,11.717320261437909,10.0,1.0,0.0,0.0,0.0,0.0,9.0,0.0,0.0,3.0,1.0,0.0,0.0,0.0,0.0,0.0,0.0,0.0
MO,2012-12-02,0.0261386138613861,78.16168275490388,9.298051948051947,19.62012987012987,14.459090909090907,16.0,7.0,0.0,0.0,0.0,0.0,4.0,0.0,0.0,4.0,0.0,0.0,2.0,0.0,0.0,0.0,0.0,0.0
MO,2012-12-03,0.3383858267716536,76.93616606225108,10.701282051282051,20.6974358974359,15.699358974358974,14.0,0.0,3.0,0.0,0.0,0.0,1.0,0.0,0.0,3.0,0.0,0.0,3.0,0.0,0.0,0.0,0.0,0.0
MO,2012-12-04,10.56215722120658,67.54242458402084,6.059119496855346,20.79245283018868,13.435126582278482,7.0,1.0,8.0,0.0,0.0,0.0,3.0,0.0,0.0,4.0,0.0,0.0,6.0,0.0,0.0,0.0,0.0,0.0
MO,2012-12-05,0.6849999999999999,65.90521377815448,0.0067484662576686,15.558125,7.7840625,5.0,2.0,1.0,0.0,0.0,0.0,3.0,0.0,0.0,1.0,0.0,0.0,0.0,0.0,0.0,0.0,0.0,0.0
MO,2012-12-06,0.0681467181467181,70.35340062337845,0.9623456790123456,13.889024390243904,7.425617283950618,4.0,2.0,0.0,0.0,0.0,0.0,4.0,0.0,0.0,1.0,0.0,0.0,2.0,0.0,0.0,0.0,0.0,0.0
MO,2012-12-07,0.2626953125,85.88247171009621,4.826582278481013,13.074842767295598,8.939240506329115,20.0,5.0,0.0,0.0,0.0,0.0,6.0,0.0,0.0,8.0,1.0,0.0,8.0,0.0,0.0,0.0,0.0,0.0
MO,2012-12-08,0.9416334661354582,88.58988627861065,4.45359477124183,10.551298701298702,7.489869281045752,22.0,3.0,0.0,0.0,0.0,0.0,10.0,0.0,0.0,7.0,1.0,0.0,7.0,0.0,0.0,0.0,0.0,0.0
MO,2012-12-09,1.716893203883495,90.3088455590876,2.437341772151899,8.559872611464968,5.497452229299364,25.0,8.0,8.0,0.0,0.0,0.0,6.0,0.0,0.0,6.0,1.0,0.0,7.0,0.0,1.0,0.0,0.0,0.0
MO,2012-12-10,1.6312992125984254,70.50488508639397,-5.965625,6.737735849056604,0.3696202531645569,2.0,0.0,2.0,0.0,0.0,0.0,1.0,0.0,0.0,0.0,0.0,0.0,0.0,0.0,2.0,0.0,0.0,0.0
MO,2012-12-11,0.0299412915851272,66.04044776484642,-8.396913580246913,1.6790123456790125,-3.3589506172839503,3.0,0.0,0.0,0.0,0.0,0.0,2.0,0.0,0.0,0.0,0.0,0.0,0.0,0.0,0.0,0.0,0.0,0.0
MO,2012-12-12,0.0060077519379844,55.63385490026259,-6.7475,7.195625,0.2240624999999999,5.0,0.0,0.0,0.0,0.0,0.0,3.0,0.0,0.0,1.0,0.0,0.0,0.0,0.0,0.0,0.0,0.0,0.0
MO,2012-12-13,0.0166990291262135,48.57096710264291,-3.443670886075949,10.927044025157231,3.741139240506329,3.0,0.0,0.0,0.0,0.0,0.0,2.0,0.0,0.0,0.0,0.0,0.0,0.0,0.0,0.0,0.0,0.0,0.0
MO,2012-12-14,0.3205533596837944,56.70388208371648,-1.0753164556962025,12.68490566037736,5.795569620253165,7.0,0.0,4.0,0.0,0.0,0.0,0.0,0.0,0.0,2.0,0.0,0.0,7.0,0.0,0.0,1.0,0.0,0.0
MO,2012-12-15,7.869685767097967,73.73617651574362,1.7788079470198677,12.668421052631578,7.243666666666666,17.0,0.0,1.0,0.0,0.0,0.0,1.0,0.0,0.0,3.0,0.0,0.0,8.0,0.0,0.0,1.0,0.0,0.0
MO,2012-12-16,0.2872763419483101,81.18804593462485,2.626797385620915,13.830065359477125,8.22843137254902,19.0,7.0,0.0,0.0,0.0,0.0,6.0,0.0,0.0,7.0,1.0,0.0,0.0,0.0,0.0,0.0,0.0,0.0
MO,2012-12-17,0.3237623762376238,88.99671534566637,1.1981012658227848,8.7126582278481,4.939171974522293,35.0,4.0,0.0,1.0,0.0,0.0,12.0,0.0,0.0,7.0,2.0,0.0,3.0,0.0,1.0,0.0,0.0,0.0
MO,2012-12-18,0.277431906614786,72.74623529999329,-1.2049079754601226,7.876687116564418,3.335889570552147,16.0,2.0,0.0,0.0,0.0,0.0,5.0,0.0,0.0,4.0,0.0,0.0,0.0,0.0,0.0,0.0,0.0,0.0
MO,2012-12-19,0.400597609561753,78.49186988671461,-0.7720496894409937,12.97283950617284,6.087267080745342,10.0,1.0,12.0,0.0,0.0,0.0,7.0,0.0,0.0,5.0,1.0,0.0,5.0,0.0,1.0,0.0,0.0,0.0
MO,2012-12-20,10.075332068311194,84.5010620282718,-1.5612499999999998,10.791875,4.6153125,14.0,9.0,17.0,3.0,1.0,2.0,6.0,1.0,1.0,3.0,0.0,0.0,7.0,0.0,7.0,2.0,0.0,1.0
MO,2012-12-21,1.748024948024948,60.73540124417397,-6.480625000000001,4.977358490566037,-0.7278481012658228,0.0,0.0,0.0,3.0,0.0,0.0,0.0,0.0,1.0,0.0,0.0,0.0,0.0,0.0,0.0,0.0,0.0,0.0
MO,2012-12-22,0.0027196652719665,59.059045940167735,-7.536601307189541,5.981045751633987,-0.7777777777777778,1.0,0.0,0.0,0.0,0.0,0.0,0.0,0.0,0.0,0.0,0.0,0.0,0.0,0.0,0.0,0.0,0.0,0.0
MO,2012-12-23,0.0010482180293501,64.61140360398268,-4.462745098039216,10.462987012987012,2.979738562091504,5.0,0.0,0.0,0.0,0.0,0.0,6.0,0.0,0.0,3.0,0.0,0.0,0.0,0.0,0.0,0.0,0.0,0.0
MO,2012-12-24,0.0010373443983402,81.14736148278166,-5.4188311688311686,6.289677419354838,0.4016233766233766,14.0,2.0,0.0,0.0,0.0,0.0,17.0,0.0,0.0,8.0,0.0,0.0,0.0,0.0,0.0,0.0,0.0,0.0
MO,2012-12-25,0.0270042194092826,78.62484757699308,-7.444078947368421,-0.7536912751677852,-4.114093959731544,6.0,0.0,0.0,0.0,0.0,0.0,11.0,0.0,0.0,4.0,0.0,0.0,0.0,0.0,3.0,1.0,0.0,0.0
MO,2012-12-26,0.8159509202453987,74.67077732740665,-8.178846153846154,-2.088311688311689,-5.123701298701298,2.0,2.0,1.0,2.0,0.0,0.0,0.0,0.0,0.0,0.0,0.0,0.0,0.0,0.0,2.0,0.0,0.0,1.0
MO,2012-12-27,0.0848979591836734,75.30119081869678,-8.117391304347827,-0.7695652173913043,-4.443478260869565,2.0,0.0,0.0,0.0,0.0,0.0,0.0,0.0,0.0,0.0,0.0,0.0,0.0,0.0,0.0,0.0,0.0,0.0
MO,2012-12-28,0.1777551020408163,79.80297277831798,-5.628930817610063,1.1887500000000002,-2.226729559748428,7.0,1.0,0.0,0.0,0.0,0.0,12.0,0.0,0.0,5.0,0.0,0.0,1.0,0.0,6.0,1.0,0.0,0.0
MO,2012-12-29,1.3379166666666669,75.35734500237434,-6.287179487179487,0.4705128205128205,-2.908333333333333,7.0,0.0,0.0,2.0,0.0,0.0,14.0,0.0,0.0,5.0,0.0,0.0,0.0,0.0,6.0,0.0,0.0,0.0
MO,2012-12-30,0.0832980972515856,66.32130743329114,-8.327564102564104,1.5371794871794873,-3.3951923076923074,4.0,1.0,0.0,0.0,0.0,0.0,4.0,0.0,0.0,2.0,0.0,0.0,0.0,0.0,1.0,0.0,0.0,2.0
MO,2012-12-31,2.140880503144654,71.89087111530094,-5.444871794871795,4.831410256410257,-0.3067307692307693,15.0,6.0,0.0,0.0,0.0,2.0,6.0,0.0,0.0,4.0,1.0,0.0,3.0,2.0,8.0,2.0,0.0,2.0
