STATE,DATE,TMIN,TAVG,TMAX,PRCP,RH,WT01,WT02,WT03,WT04,WT05,WT06,WT08,WT09,WT11
IN,2014-01-01,-8.056989247311828,-4.283333333333333,-0.5096774193548388,0.9954216867469878,78.5697866615086,8.0,0.0,0.0,0.0,0.0,0.0,1.0,0.0,0.0
IN,2014-01-02,-10.044791666666669,-5.2984375,-0.5520833333333334,6.269951923076923,81.03773864043633,9.0,0.0,0.0,1.0,0.0,0.0,6.0,0.0,0.0
IN,2014-01-03,-19.76,-12.984736842105262,-6.209473684210527,1.6552162849872774,70.91129006133745,6.0,0.0,0.0,0.0,0.0,0.0,4.0,0.0,0.0
IN,2014-01-04,-15.986315789473684,-8.988947368421053,-1.991578947368421,0.1267639902676399,63.13417513757366,1.0,0.0,0.0,0.0,0.0,0.0,0.0,0.0,0.0
IN,2014-01-05,-8.625806451612904,-3.2774193548387096,2.070967741935484,4.857178217821782,85.79208144443378,7.0,4.0,0.0,0.0,0.0,0.0,2.0,1.0,1.0
IN,2014-01-06,-23.157608695652176,-13.328260869565218,-3.4989130434782605,19.906720430107526,74.39845664384363,4.0,0.0,0.0,0.0,0.0,0.0,6.0,0.0,0.0
IN,2014-01-07,-24.268085106382976,-20.455851063829787,-16.643617021276597,0.1659090909090909,68.06038031034683,0.0,0.0,0.0,0.0,0.0,0.0,2.0,1.0,0.0
IN,2014-01-08,-19.89569892473118,-14.03978494623656,-8.183870967741935,0.068395061728395,73.90869744221698,2.0,0.0,0.0,0.0,0.0,0.0,2.0,0.0,0.0
IN,2014-01-09,-12.550526315789472,-7.824736842105263,-3.032291666666667,0.1772839506172839,81.18150366563994,7.0,1.0,0.0,0.0,0.0,3.0,5.0,0.0,0.0
IN,2014-01-10,-6.908421052631579,-1.6894736842105262,3.5294736842105263,2.0384615384615383,93.34946540630524,16.0,3.0,0.0,0.0,0.0,1.0,3.0,0.0,0.0
IN,2014-01-11,0.375,3.796195652173913,7.187096774193548,13.210336538461538,93.0477307055794,22.0,4.0,0.0,1.0,0.0,0.0,3.0,0.0,0.0
IN,2014-01-12,-1.0228260869565218,2.7668478260869565,6.521505376344086,0.2948148148148148,82.07579900967644,13.0,0.0,0.0,0.0,0.0,0.0,5.0,0.0,0.0
IN,2014-01-13,0.4430107526881719,4.540322580645161,8.658510638297873,0.0511904761904761,69.22675589464502,2.0,0.0,0.0,0.0,0.0,0.0,1.0,0.0,0.0
IN,2014-01-14,-4.047872340425532,2.2388297872340424,8.525531914893616,0.3739336492890995,80.70716679785818,10.0,1.0,0.0,0.0,0.0,1.0,5.0,0.0,0.0
IN,2014-01-15,-6.437894736842106,-1.4921052631578948,3.453684210526316,0.26,69.71413800173814,7.0,0.0,0.0,0.0,0.0,0.0,4.0,0.0,0.0
IN,2014-01-16,-8.441489361702128,-5.2803191489361705,-2.1191489361702125,0.4245742092457421,78.30576463983964,8.0,5.0,0.0,0.0,0.0,0.0,5.0,0.0,0.0
IN,2014-01-17,-8.936170212765957,-4.5856382978723405,-0.2351063829787234,2.6634085213032583,75.3619547507186,8.0,0.0,0.0,0.0,0.0,0.0,7.0,0.0,0.0
IN,2014-01-18,-12.102150537634408,-8.382795698924731,-4.663440860215053,0.6984126984126984,79.05166463900017,9.0,2.0,0.0,0.0,0.0,0.0,4.0,0.0,0.0
IN,2014-01-19,-10.587912087912088,-5.932417582417583,-1.3054347826086956,3.008142493638677,81.8499519702363,7.0,0.0,0.0,0.0,0.0,0.0,2.0,0.0,0.0
IN,2014-01-20,-6.772340425531915,-1.448404255319149,3.87578947368421,0.0253041362530413,73.52463541593428,2.0,0.0,0.0,1.0,0.0,0.0,1.0,0.0,0.0
IN,2014-01-21,-12.961052631578946,-5.347894736842106,2.265263157894737,2.1789473684210527,67.91430351129662,7.0,0.0,0.0,0.0,0.0,0.0,4.0,1.0,0.0
IN,2014-01-22,-18.95,-13.496354166666668,-8.042708333333334,0.3629901960784313,75.5342811337052,6.0,2.0,0.0,0.0,0.0,0.0,6.0,0.0,0.0
IN,2014-01-23,-18.953125,-14.032291666666666,-9.111458333333331,0.7590909090909091,69.88944524032335,1.0,0.0,0.0,0.0,0.0,0.0,7.0,1.0,0.0
IN,2014-01-24,-20.761458333333334,-15.333854166666669,-9.90625,0.2412935323383084,67.53582887738183,2.0,1.0,0.0,0.0,0.0,0.0,4.0,0.0,0.0
IN,2014-01-25,-16.407608695652176,-8.725,-1.042391304347826,3.00752688172043,67.77850642157564,6.0,0.0,0.0,0.0,0.0,2.0,5.0,4.0,2.0
IN,2014-01-26,-13.989247311827956,-5.738709677419355,2.511827956989247,1.8150943396226416,65.00502802388881,3.0,1.0,0.0,0.0,0.0,0.0,2.0,2.0,2.0
IN,2014-01-27,-16.848936170212767,-7.160752688172043,2.5946236559139786,0.8102362204724409,65.6647332197462,4.0,1.0,0.0,0.0,0.0,0.0,5.0,5.0,1.0
IN,2014-01-28,-22.665979381443297,-17.36237113402062,-12.058762886597938,0.02675,61.825683331345445,0.0,0.0,0.0,0.0,0.0,0.0,1.0,0.0,0.0
IN,2014-01-29,-21.03191489361702,-15.315425531914894,-9.598936170212763,0.0007575757575757,60.485228850467976,0.0,0.0,0.0,0.0,0.0,0.0,0.0,0.0,0.0
IN,2014-01-30,-14.36451612903226,-8.458064516129033,-2.5516129032258066,0.0098984771573604,53.396721398790376,2.0,1.0,0.0,0.0,0.0,0.0,2.0,0.0,0.0
IN,2014-01-31,-7.254736842105264,-2.886315789473684,1.4821052631578948,0.1233502538071066,64.53885267250944,12.0,0.0,0.0,0.0,0.0,0.0,5.0,0.0,1.0
IN,2014-02-01,-2.272043010752688,0.8053763440860215,3.882795698924732,3.9895287958115184,88.77783224505869,12.0,2.0,0.0,3.0,0.0,11.0,5.0,0.0,0.0
IN,2014-02-02,-4.708791208791209,-0.3049450549450549,4.0989010989010985,16.874430379746833,85.80848247037738,10.0,0.0,0.0,4.0,0.0,8.0,5.0,0.0,0.0
IN,2014-02-03,-12.01304347826087,-6.780434782608695,-1.547826086956522,0.4826530612244897,75.34799921303127,6.0,1.0,0.0,0.0,0.0,2.0,5.0,0.0,0.0
IN,2014-02-04,-11.821505376344088,-7.231720430107527,-2.6419354838709674,0.6416873449131514,77.52069462052103,13.0,5.0,0.0,1.0,0.0,1.0,7.0,0.0,0.0
IN,2014-02-05,-8.796808510638298,-6.1553191489361705,-3.5138297872340427,13.596858638743456,83.97218617829348,9.0,2.0,0.0,4.0,0.0,7.0,6.0,0.0,0.0
IN,2014-02-06,-15.247872340425532,-9.971276595744682,-4.69468085106383,0.9250666666666666,76.8506259130957,7.0,0.0,0.0,0.0,0.0,2.0,5.0,0.0,0.0
IN,2014-02-07,-21.73333333333333,-16.00215053763441,-10.270967741935484,0.0234666666666666,69.06003081769379,2.0,0.0,0.0,0.0,0.0,1.0,1.0,0.0,0.0
IN,2014-02-08,-18.676923076923075,-13.264835164835164,-7.852747252747253,0.1889182058047493,74.5374619787776,6.0,0.0,0.0,0.0,0.0,1.0,7.0,0.0,0.0
IN,2014-02-09,-12.518478260869566,-8.67282608695652,-4.827173913043478,2.1836956521739133,81.1880761575779,9.0,2.0,0.0,0.0,0.0,1.0,7.0,0.0,0.0
IN,2014-02-10,-18.12150537634409,-12.11236559139785,-6.103225806451613,0.2877333333333333,73.47622472596274,8.0,0.0,0.0,0.0,0.0,2.0,8.0,0.0,0.0
IN,2014-02-11,-22.60744680851064,-15.639893617021276,-8.672340425531916,0.0014925373134328,71.05040836797875,4.0,0.0,0.0,0.0,0.0,1.0,3.0,0.0,0.0
IN,2014-02-12,-21.82765957446809,-13.673936170212764,-5.520212765957447,0.058457711442786,69.66122124573663,9.0,0.0,0.0,0.0,0.0,1.0,6.0,0.0,0.0
IN,2014-02-13,-17.877173913043478,-9.31141304347826,-0.7430107526881722,0.0,64.28549808370067,8.0,0.0,0.0,0.0,0.0,0.0,9.0,0.0,0.0
IN,2014-02-14,-12.768817204301076,-5.723118279569892,1.3680851063829786,0.3272727272727272,73.72863947332519,9.0,5.0,0.0,0.0,0.0,0.0,7.0,0.0,0.0
IN,2014-02-15,-13.847826086956522,-8.643478260869566,-3.4391304347826086,3.2408,75.86828278702752,9.0,0.0,0.0,0.0,0.0,1.0,6.0,0.0,0.0
IN,2014-02-16,-11.179120879120878,-7.03021978021978,-2.8813186813186813,0.9382978723404256,78.71929406460337,10.0,0.0,0.0,0.0,0.0,1.0,7.0,0.0,0.0
IN,2014-02-17,-10.03695652173913,-5.371739130434783,-0.7065217391304348,0.6005221932114883,79.82649100233766,10.0,4.0,1.0,2.0,0.0,9.0,3.0,0.0,1.0
IN,2014-02-18,-5.477659574468085,-0.4085106382978724,4.660638297872341,7.768181818181818,71.7961583286281,1.0,0.0,0.0,4.0,0.0,6.0,2.0,0.0,0.0
IN,2014-02-19,-1.2663157894736845,3.711578947368421,8.689473684210526,0.0815,69.32497570549081,4.0,0.0,0.0,0.0,0.0,1.0,2.0,0.0,0.0
IN,2014-02-20,0.1372340425531915,5.475,10.812765957446809,6.426419753086419,85.56354102031317,13.0,1.0,22.0,0.0,0.0,1.0,4.0,0.0,1.0
IN,2014-02-21,0.9329787234042554,6.5303191489361705,12.127659574468083,12.430787589498806,68.76250890625762,10.0,0.0,16.0,2.0,0.0,0.0,2.0,0.0,4.0
IN,2014-02-22,-1.303225806451613,3.218817204301076,7.740860215053763,0.0213917525773195,58.98197231083128,1.0,0.0,0.0,0.0,0.0,1.0,0.0,0.0,0.0
IN,2014-02-23,-3.5722222222222224,1.435,6.442222222222222,0.4122395833333332,70.1132023436717,4.0,0.0,0.0,0.0,0.0,0.0,0.0,0.0,0.0
IN,2014-02-24,-8.180851063829786,-3.9319148936170207,0.3170212765957447,0.0584999999999999,62.1958344515809,0.0,0.0,0.0,0.0,0.0,0.0,0.0,0.0,0.0
IN,2014-02-25,-8.23191489361702,-4.810106382978723,-1.3882978723404256,0.0646634615384615,67.27370724181033,5.0,0.0,0.0,0.0,0.0,0.0,3.0,0.0,0.0
IN,2014-02-26,-13.87157894736842,-8.702631578947368,-3.5336842105263155,0.0749379652605459,61.31918922948855,1.0,0.0,0.0,0.0,0.0,0.0,2.0,0.0,0.0
IN,2014-02-27,-13.78924731182796,-9.693548387096774,-5.597849462365591,0.0723557692307692,55.07390264499551,1.0,1.0,0.0,0.0,0.0,0.0,2.0,1.0,0.0
IN,2014-02-28,-14.78021978021978,-9.104395604395604,-3.4285714285714284,0.0426470588235294,55.7995488463711,0.0,0.0,0.0,0.0,0.0,0.0,0.0,0.0,0.0
IN,2014-03-01,-9.62888888888889,-2.767777777777778,4.115384615384615,0.0728900255754475,59.16246860162646,3.0,0.0,0.0,0.0,0.0,2.0,8.0,0.0,0.0
IN,2014-03-02,-8.487777777777778,-2.868888888888889,2.75,4.172422680412371,80.44134646515896,9.0,1.0,0.0,5.0,0.0,16.0,5.0,0.0,0.0
IN,2014-03-03,-14.965591397849462,-10.03763440860215,-5.109677419354838,4.586118251928021,63.23487673532064,2.0,0.0,0.0,6.0,0.0,3.0,3.0,0.0,0.0
IN,2014-03-04,-15.039130434782608,-9.907608695652174,-4.7760869565217385,0.0599999999999999,60.74890723242373,1.0,0.0,0.0,0.0,0.0,0.0,1.0,0.0,0.0
IN,2014-03-05,-11.627956989247313,-6.041397849462366,-0.5095744680851064,0.2034146341463414,69.89769436942834,4.0,0.0,0.0,0.0,0.0,0.0,5.0,0.0,0.0
IN,2014-03-06,-8.705434782608695,-3.737362637362637,1.1307692307692307,0.6186274509803922,65.8517001782026,2.0,0.0,0.0,0.0,0.0,0.0,4.0,0.0,0.0
IN,2014-03-07,-8.106521739130434,-0.9788043478260868,6.148913043478261,0.0442028985507246,68.4501621571862,14.0,0.0,0.0,0.0,0.0,0.0,7.0,0.0,0.0
IN,2014-03-08,-5.690109890109889,2.04010989010989,9.770329670329671,0.2248756218905472,80.03192266282359,13.0,1.0,0.0,1.0,0.0,0.0,7.0,0.0,0.0
IN,2014-03-09,-6.773913043478261,-0.3217391304347826,6.130434782608695,0.4882352941176471,76.03031785945075,10.0,1.0,0.0,0.0,0.0,0.0,6.0,0.0,0.0
IN,2014-03-10,-2.901075268817205,3.574731182795699,10.050537634408602,0.0080684596577017,68.43858696863968,7.0,0.0,0.0,0.0,0.0,0.0,6.0,0.0,0.0
IN,2014-03-11,2.529032258064516,9.424731182795698,16.32043010752688,0.0665871121718377,72.94973571154551,10.0,3.0,1.0,0.0,0.0,0.0,5.0,0.0,0.0
IN,2014-03-12,-1.35,6.812765957446809,14.975531914893615,13.776291079812204,81.32575768320562,8.0,2.0,7.0,3.0,0.0,0.0,3.0,0.0,1.0
IN,2014-03-13,-10.701052631578948,-3.54,3.621052631578948,2.851637279596977,70.60983907930895,2.0,0.0,1.0,0.0,0.0,0.0,1.0,0.0,1.0
IN,2014-03-14,-6.113978494623656,1.29247311827957,8.698924731182796,0.0019559902200489,59.5395904006844,0.0,0.0,0.0,0.0,0.0,0.0,0.0,0.0,0.0
IN,2014-03-15,0.3311111111111111,7.022222222222222,13.713333333333336,0.0057356608478802,65.5655748249789,1.0,0.0,0.0,0.0,0.0,0.0,0.0,0.0,1.0
IN,2014-03-16,-3.8,2.229120879120879,8.258241758241759,0.0450127877237851,59.90666368946493,0.0,0.0,0.0,0.0,0.0,0.0,0.0,0.0,0.0
IN,2014-03-17,-7.877173913043479,-3.1728260869565217,1.5315217391304348,0.6335748792270531,62.02867832740943,0.0,0.0,0.0,0.0,0.0,0.0,1.0,0.0,0.0
IN,2014-03-18,-6.416129032258065,0.3032258064516129,7.02258064516129,0.015,72.93750191048284,5.0,0.0,0.0,0.0,0.0,0.0,2.0,0.0,0.0
IN,2014-03-19,-0.7361702127659575,5.160638297872341,11.05744680851064,2.0168591224018475,81.33321711332022,5.0,0.0,0.0,0.0,0.0,0.0,8.0,0.0,0.0
IN,2014-03-20,-1.4787234042553192,4.851595744680851,11.18191489361702,1.6024213075060532,68.22158948843119,1.0,0.0,0.0,0.0,0.0,0.0,1.0,0.0,0.0
IN,2014-03-21,-0.3763440860215054,6.782258064516129,13.940860215053764,0.251338199513382,62.00874989915111,4.0,0.0,0.0,0.0,0.0,0.0,4.0,0.0,0.0
IN,2014-03-22,0.9466666666666668,8.28888888888889,15.63111111111111,0.079,63.89387956980189,0.0,0.0,0.0,0.0,0.0,0.0,4.0,0.0,0.0
IN,2014-03-23,-3.094444444444445,1.6816666666666666,6.457777777777778,0.0156716417910447,61.60406136878438,0.0,0.0,0.0,0.0,0.0,0.0,0.0,0.0,0.0
IN,2014-03-24,-7.507608695652174,-2.0423913043478263,3.4228260869565217,0.0057279236276849,56.92139110124653,0.0,0.0,0.0,0.0,0.0,0.0,1.0,0.0,0.0
IN,2014-03-25,-6.261956521739131,-1.8467391304347829,2.568478260869565,0.2248803827751196,63.221517063680494,6.0,1.0,0.0,0.0,0.0,0.0,5.0,0.0,0.0
IN,2014-03-26,-8.703225806451613,-3.0446236559139783,2.613978494623656,0.2223057644110276,53.0401929902763,2.0,0.0,0.0,0.0,0.0,0.0,3.0,0.0,0.0
IN,2014-03-27,-5.183516483516484,1.4115384615384614,8.006593406593407,0.724390243902439,57.61468124371356,2.0,0.0,4.0,3.0,0.0,1.0,1.0,0.0,0.0
IN,2014-03-28,2.2728260869565218,7.268478260869564,12.264130434782608,6.899076212471131,77.50662032861372,10.0,0.0,10.0,0.0,0.0,1.0,2.0,0.0,0.0
IN,2014-03-29,0.9833333333333332,4.805,8.626666666666667,6.229095354523227,85.14633113285736,10.0,0.0,2.0,0.0,0.0,0.0,7.0,0.0,0.0
IN,2014-03-30,-3.093406593406593,2.508241758241758,8.10989010989011,4.423869346733668,67.26101188132675,7.0,0.0,1.0,0.0,0.0,0.0,2.0,0.0,0.0
IN,2014-03-31,-1.0764044943820223,7.2797752808988765,15.635955056179776,0.0366748166259168,51.47118304747078,1.0,0.0,0.0,0.0,0.0,0.0,1.0,0.0,0.0
IN,2014-04-01,3.488421052631579,11.29157894736842,19.094736842105263,0.488937093275488,47.7545480223984,1.0,0.0,0.0,0.0,0.0,0.0,1.0,0.0,0.0
IN,2014-04-02,4.9234042553191495,10.213829787234042,15.504255319148935,2.911368421052632,66.38364493164319,7.0,0.0,9.0,0.0,0.0,0.0,0.0,0.0,0.0
IN,2014-04-03,6.2505263157894735,10.264736842105265,14.278947368421052,22.58707753479125,84.49153393739988,10.0,1.0,32.0,0.0,2.0,0.0,0.0,0.0,0.0
IN,2014-04-04,5.435483870967742,9.08763440860215,12.739784946236558,44.97361111111111,88.41543323237062,18.0,2.0,23.0,0.0,0.0,0.0,3.0,0.0,0.0
IN,2014-04-05,1.1096774193548389,6.420967741935484,11.732258064516127,1.2386117136659436,60.71757884480554,3.0,0.0,0.0,0.0,0.0,0.0,1.0,0.0,0.0
IN,2014-04-06,-0.9913978494623656,5.547311827956989,12.086021505376344,0.0819221967963386,56.31028445802817,1.0,0.0,0.0,0.0,0.0,0.0,2.0,0.0,0.0
IN,2014-04-07,1.892391304347826,7.372282608695652,12.85217391304348,1.4677631578947368,69.60777910680702,11.0,0.0,0.0,0.0,0.0,0.0,0.0,0.0,0.0
IN,2014-04-08,3.274736842105264,7.7768421052631584,12.278947368421052,14.189243027888446,76.48910112058616,12.0,1.0,2.0,0.0,0.0,0.0,4.0,0.0,0.0
IN,2014-04-09,1.8630434782608696,8.433695652173913,15.004347826086958,0.5202173913043477,61.90907894942895,10.0,2.0,1.0,0.0,0.0,1.0,4.0,0.0,0.0
IN,2014-04-10,4.140860215053764,11.522043010752688,18.90322580645161,0.1346236559139784,51.31224302554392,3.0,1.0,1.0,0.0,0.0,0.0,1.0,0.0,0.0
IN,2014-04-11,6.938461538461538,14.428571428571429,21.95217391304348,2.8788306451612904,56.08456982201959,12.0,1.0,4.0,0.0,0.0,0.0,2.0,0.0,0.0
IN,2014-04-12,6.288297872340426,14.45,22.611702127659573,0.0315192743764172,50.12817324915655,1.0,0.0,0.0,0.0,0.0,0.0,0.0,0.0,1.0
IN,2014-04-13,11.38021978021978,18.119230769230768,24.85978260869565,0.1437219730941704,61.925313798249945,3.0,0.0,2.0,0.0,0.0,0.0,0.0,0.0,1.0
IN,2014-04-14,8.804347826086957,15.83641304347826,22.86847826086957,5.062524654832346,79.09937235845865,9.0,0.0,6.0,1.0,0.0,2.0,3.0,0.0,1.0
IN,2014-04-15,-1.5851063829787233,5.129255319148936,11.843617021276597,5.6398373983739845,67.10113488159698,6.0,0.0,0.0,0.0,0.0,0.0,1.0,0.0,0.0
IN,2014-04-16,-3.193617021276596,1.843617021276596,6.880851063829787,0.1837004405286343,51.73788778883481,0.0,0.0,0.0,0.0,0.0,0.0,0.0,0.0,0.0
IN,2014-04-17,-0.3827956989247312,6.726344086021505,13.812765957446809,0.0061538461538461,46.33330176678271,0.0,0.0,0.0,0.0,0.0,0.0,1.0,0.0,0.0
IN,2014-04-18,3.3147368421052628,11.465263157894736,19.61578947368421,0.0228144989339019,56.27073643965642,2.0,0.0,0.0,0.0,0.0,0.0,2.0,0.0,0.0
IN,2014-04-19,3.963440860215054,12.047849462365592,20.13225806451613,0.0277899343544857,55.10349952068539,3.0,0.0,0.0,0.0,0.0,0.0,1.0,0.0,0.0
IN,2014-04-20,4.460869565217391,12.955978260869566,21.45108695652174,0.0106976744186046,42.48489680249033,0.0,0.0,0.0,0.0,0.0,0.0,0.0,0.0,0.0
IN,2014-04-21,7.305434782608696,15.866304347826087,24.42717391304348,0.1475663716814159,48.819354968922646,4.0,0.0,0.0,0.0,0.0,0.0,2.0,0.0,0.0
IN,2014-04-22,7.546315789473684,14.866842105263157,22.21666666666667,2.234412955465587,66.22931932151313,10.0,0.0,1.0,0.0,0.0,0.0,5.0,0.0,0.0
IN,2014-04-23,2.177419354838709,9.124193548387096,16.070967741935483,0.0083511777301927,56.04235276994383,0.0,0.0,0.0,0.0,0.0,0.0,2.0,0.0,0.0
IN,2014-04-24,4.8500000000000005,11.013829787234044,17.18421052631579,0.1169491525423728,43.51035315866744,0.0,0.0,0.0,0.0,0.0,1.0,1.0,0.0,0.0
IN,2014-04-25,8.830526315789474,14.148947368421052,19.46736842105264,5.64683026584867,55.97883372251721,9.0,0.0,0.0,0.0,0.0,0.0,5.0,0.0,0.0
IN,2014-04-26,8.513684210526316,14.771052631578948,21.02842105263158,1.832017543859649,51.829108913151245,0.0,0.0,0.0,0.0,0.0,0.0,1.0,0.0,0.0
IN,2014-04-27,7.576344086021505,14.783870967741937,21.991397849462366,0.3606976744186046,55.65841953139635,0.0,0.0,0.0,0.0,0.0,0.0,1.0,0.0,0.0
IN,2014-04-28,9.23225806451613,14.81021505376344,20.448936170212768,12.66070038910506,71.13114986975731,10.0,0.0,14.0,0.0,0.0,0.0,1.0,0.0,0.0
IN,2014-04-29,9.36842105263158,14.324210526315788,19.28,12.55977229601518,69.41966607493835,19.0,2.0,7.0,0.0,0.0,0.0,1.0,0.0,0.0
IN,2014-04-30,8.15157894736842,14.427894736842106,20.70421052631579,1.6415289256198349,76.15249633134798,13.0,1.0,2.0,0.0,0.0,0.0,4.0,0.0,0.0
IN,2014-05-01,5.523655913978495,10.443010752688172,15.36236559139785,0.2913684210526316,72.13200755740628,4.0,0.0,0.0,0.0,0.0,0.0,1.0,0.0,0.0
IN,2014-05-02,6.475531914893618,9.49255319148936,12.509574468085107,0.6634453781512605,76.14245805229135,3.0,0.0,0.0,0.0,0.0,0.0,2.0,0.0,0.0
IN,2014-05-03,7.067741935483871,11.494565217391305,15.929347826086955,0.5167372881355933,58.00878708482937,1.0,0.0,0.0,0.0,0.0,0.0,0.0,0.0,0.0
IN,2014-05-04,8.526881720430108,14.444086021505376,20.361290322580643,0.0068736141906873,47.58794824382701,0.0,0.0,0.0,0.0,0.0,0.0,0.0,0.0,0.0
IN,2014-05-05,7.804301075268817,13.94516129032258,20.086021505376344,0.1815950920245398,49.89419355616724,0.0,0.0,4.0,0.0,0.0,0.0,2.0,0.0,0.0
IN,2014-05-06,7.836842105263158,15.058421052631578,22.28,0.0832285115303983,51.80664071050825,0.0,0.0,2.0,0.0,1.0,0.0,1.0,0.0,0.0
IN,2014-05-07,10.38936170212766,17.998404255319148,25.60744680851064,0.0006237006237006,51.58204354187205,0.0,0.0,0.0,0.0,0.0,0.0,1.0,0.0,0.0
IN,2014-05-08,14.696875,21.97395833333333,29.251041666666666,0.0091666666666666,53.905376947367536,0.0,0.0,0.0,0.0,0.0,0.0,1.0,0.0,0.0
IN,2014-05-09,16.67717391304348,22.707608695652173,28.73804347826087,3.397205588822356,63.74032016108269,4.0,0.0,9.0,0.0,1.0,0.0,1.0,0.0,1.0
IN,2014-05-10,12.752127659574468,18.90478723404255,25.05744680851064,5.469609856262833,58.36853226860764,2.0,0.0,12.0,0.0,1.0,0.0,3.0,0.0,0.0
IN,2014-05-11,12.770967741935484,19.336559139784946,25.90215053763441,4.9878723404255325,59.69681457010246,8.0,0.0,18.0,0.0,0.0,0.0,1.0,0.0,0.0
IN,2014-05-12,15.707368421052632,22.008510638297874,28.30851063829787,19.855492424242424,78.96501050839846,3.0,0.0,23.0,0.0,0.0,0.0,0.0,0.0,0.0
IN,2014-05-13,16.423157894736843,22.069473684210525,27.71578947368421,6.878330019880716,82.43331249718489,8.0,0.0,18.0,0.0,1.0,0.0,1.0,0.0,0.0
IN,2014-05-14,10.88191489361702,16.838297872340426,22.794680851063827,10.566473988439306,87.12428089037304,12.0,0.0,11.0,0.0,0.0,0.0,2.0,0.0,0.0
IN,2014-05-15,7.273404255319149,11.098924731182796,14.9,27.78791821561338,87.38703293839775,12.0,0.0,4.0,0.0,0.0,0.0,1.0,0.0,0.0
IN,2014-05-16,4.460869565217392,8.209782608695651,11.979569892473116,3.388843813387424,80.44106666035835,10.0,0.0,4.0,0.0,2.0,0.0,0.0,0.0,0.0
IN,2014-05-17,3.921111111111111,8.294444444444444,12.631868131868131,3.2899159663865545,68.26002069100915,6.0,0.0,0.0,0.0,2.0,1.0,0.0,0.0,0.0
IN,2014-05-18,2.9730337078651687,9.455617977528089,15.976666666666668,0.3315555555555555,57.02070515213841,8.0,1.0,0.0,0.0,0.0,1.0,1.0,0.0,0.0
IN,2014-05-19,5.19010989010989,12.503846153846151,19.81758241758242,0.2217484008528784,53.36829829092432,1.0,0.0,0.0,0.0,0.0,0.0,1.0,0.0,0.0
IN,2014-05-20,10.48936170212766,17.25,24.01063829787234,0.3123430962343096,58.88213127594832,1.0,0.0,3.0,1.0,0.0,0.0,2.0,0.0,1.0
IN,2014-05-21,16.570652173913043,22.382608695652173,28.194565217391304,6.689336016096579,69.99213618189664,7.0,0.0,15.0,0.0,2.0,0.0,2.0,0.0,0.0
IN,2014-05-22,14.91063829787234,21.26436170212766,27.618085106382978,10.236746987951806,66.14788931804628,8.0,0.0,14.0,0.0,5.0,0.0,1.0,0.0,1.0
IN,2014-05-23,11.091011235955056,17.51685393258427,23.942696629213483,0.0879569892473118,61.94344432452615,2.0,0.0,0.0,0.0,0.0,0.0,0.0,0.0,0.0
IN,2014-05-24,9.231868131868133,16.516483516483518,23.801098901098904,0.0,59.99969468511091,3.0,1.0,0.0,0.0,0.0,0.0,1.0,0.0,0.0
IN,2014-05-25,11.835164835164836,18.756593406593407,25.678021978021977,0.0,56.86630866509877,2.0,0.0,0.0,0.0,0.0,0.0,0.0,0.0,0.0
IN,2014-05-26,13.76923076923077,20.88956043956044,28.00989010989011,0.3826086956521739,60.17217259352304,1.0,0.0,3.0,0.0,0.0,0.0,3.0,0.0,0.0
IN,2014-05-27,17.226373626373626,23.63131868131868,30.03626373626373,4.921984435797666,68.8333751940466,5.0,0.0,6.0,0.0,0.0,0.0,4.0,0.0,0.0
IN,2014-05-28,17.49230769230769,23.408791208791207,29.325274725274724,1.857455268389662,71.680994455997,3.0,0.0,3.0,0.0,0.0,0.0,4.0,0.0,0.0
IN,2014-05-29,16.816483516483515,22.6521978021978,28.48791208791209,3.0717092337917484,74.92818621426112,9.0,1.0,9.0,0.0,0.0,0.0,5.0,0.0,0.0
IN,2014-05-30,16.106593406593408,22.176373626373625,28.24615384615385,0.73298755186722,61.71434817335688,4.0,0.0,1.0,0.0,0.0,0.0,2.0,0.0,0.0
IN,2014-05-31,15.236263736263735,22.102222222222224,28.953333333333337,0.8437768240343347,51.85017201319611,1.0,0.0,1.0,0.0,0.0,0.0,0.0,0.0,0.0
IN,2014-06-01,15.530434782608696,22.83858695652174,30.14673913043478,0.2123110151187905,52.682181035517786,3.0,0.0,7.0,0.0,0.0,0.0,1.0,0.0,0.0
IN,2014-06-02,18.764130434782608,23.95815217391305,29.179569892473115,3.905938697318008,75.0467861789133,9.0,0.0,11.0,0.0,0.0,0.0,1.0,0.0,0.0
IN,2014-06-03,19.497894736842103,23.464736842105264,27.431578947368426,12.37956204379562,67.43222251170003,8.0,0.0,6.0,0.0,0.0,0.0,1.0,0.0,0.0
IN,2014-06-04,16.576923076923077,22.02802197802198,27.5,7.364218455743879,76.47489781471694,10.0,1.0,16.0,0.0,0.0,0.0,0.0,0.0,1.0
IN,2014-06-05,13.12258064516129,18.753225806451614,24.38387096774193,15.548374760994264,69.26779905111579,9.0,3.0,7.0,0.0,0.0,0.0,1.0,0.0,1.0
IN,2014-06-06,12.353333333333332,18.904444444444444,25.45555555555556,0.0643153526970954,59.325087519089074,1.0,0.0,0.0,0.0,0.0,1.0,2.0,0.0,0.0
IN,2014-06-07,13.206451612903226,20.19139784946237,27.176344086021505,0.2010964912280702,55.91712790908812,4.0,0.0,1.0,0.0,0.0,0.0,2.0,0.0,0.0
IN,2014-06-08,14.906521739130437,20.77717391304348,26.64782608695652,14.567877629063098,73.07678821950847,12.0,0.0,0.0,0.0,0.0,0.0,1.0,0.0,0.0
IN,2014-06-09,14.702222222222222,19.398333333333333,24.094444444444445,1.7791231732776618,71.31319336189325,3.0,0.0,0.0,0.0,0.0,0.0,1.0,0.0,0.0
IN,2014-06-10,15.83010752688172,19.996739130434783,24.1608695652174,2.966081871345029,80.1036217686476,13.0,1.0,1.0,0.0,0.0,0.0,2.0,0.0,0.0
IN,2014-06-11,17.301063829787232,20.568085106382977,23.83510638297872,14.02007434944238,85.93209737951648,10.0,0.0,4.0,0.0,0.0,0.0,0.0,0.0,0.0
IN,2014-06-12,16.734736842105264,21.26968085106383,25.79255319148936,5.364849624060151,79.39690060990978,14.0,1.0,5.0,0.0,0.0,0.0,2.0,0.0,0.0
IN,2014-06-13,14.682795698924732,20.25215053763441,25.82150537634409,0.8073705179282868,59.96565179698604,1.0,0.0,1.0,0.0,0.0,0.0,1.0,0.0,0.0
IN,2014-06-14,9.00989010989011,16.51868131868132,24.02747252747253,0.0449115044247787,51.08947415767072,2.0,0.0,0.0,0.0,0.0,0.0,1.0,0.0,0.0
IN,2014-06-15,11.703370786516851,19.242696629213484,26.78202247191011,0.0,56.77466110340961,1.0,0.0,0.0,0.0,0.0,0.0,0.0,0.0,0.0
IN,2014-06-16,17.44,23.618333333333336,29.81758241758242,0.118125,67.93473824478603,5.0,0.0,5.0,0.0,0.0,0.0,1.0,0.0,0.0
IN,2014-06-17,21.35824175824176,26.313736263736267,31.26923076923077,0.8471428571428572,65.57334570705552,1.0,0.0,2.0,0.0,0.0,0.0,2.0,0.0,0.0
IN,2014-06-18,21.374725274725275,26.68021978021978,31.985714285714284,1.1584905660377358,72.02477727529573,8.0,0.0,11.0,0.0,0.0,0.0,3.0,0.0,0.0
IN,2014-06-19,20.108510638297872,25.810752688172045,31.493548387096777,13.125471698113207,80.08421038212946,12.0,0.0,22.0,0.0,0.0,0.0,3.0,0.0,0.0
IN,2014-06-20,20.21630434782609,25.12391304347826,30.03152173913044,12.221631878557876,80.92290140743931,8.0,0.0,17.0,0.0,0.0,0.0,2.0,0.0,0.0
IN,2014-06-21,18.7,24.113440860215057,29.526881720430108,3.8623456790123454,77.82639898346804,14.0,3.0,9.0,0.0,0.0,0.0,2.0,0.0,0.0
IN,2014-06-22,18.98,24.281111111111112,29.582222222222224,6.36425702811245,75.90576036674838,11.0,1.0,8.0,0.0,0.0,0.0,0.0,0.0,0.0
IN,2014-06-23,19.315555555555555,24.83111111111112,30.346666666666664,1.669325153374233,78.32566724121754,12.0,0.0,11.0,0.0,0.0,0.0,4.0,0.0,0.0
IN,2014-06-24,19.882978723404257,24.59414893617021,29.305319148936167,17.413084112149534,86.48203486510977,14.0,0.0,19.0,0.0,0.0,0.0,3.0,0.0,0.0
IN,2014-06-25,19.18131868131868,23.50934065934066,27.837362637362634,11.329268292682928,80.97338274515018,16.0,4.0,9.0,0.0,0.0,0.0,2.0,0.0,0.0
IN,2014-06-26,17.81098901098901,23.48516483516484,29.15,1.3635458167330676,78.12617190738459,18.0,2.0,0.0,0.0,0.0,0.0,3.0,0.0,0.0
IN,2014-06-27,17.947311827956987,23.722580645161287,29.49148936170213,0.538034188034188,71.9084812021753,12.0,0.0,4.0,0.0,0.0,0.0,2.0,0.0,0.0
IN,2014-06-28,20.069565217391304,24.942391304347822,29.815217391304348,1.069017094017094,78.15411010760008,9.0,0.0,5.0,0.0,0.0,0.0,3.0,0.0,0.0
IN,2014-06-29,21.38777777777777,25.112222222222226,28.83666666666667,2.765352697095436,76.9561512445542,2.0,0.0,5.0,0.0,0.0,0.0,1.0,0.0,0.0
IN,2014-06-30,20.57956989247312,24.972580645161287,29.365591397849464,2.065082644628099,81.50251328458636,7.0,1.0,12.0,0.0,0.0,0.0,5.0,0.0,1.0
IN,2014-07-01,19.25376344086021,24.608602150537635,29.96344086021505,12.990243902439024,74.75838702366696,5.0,0.0,20.0,0.0,2.0,0.0,0.0,0.0,4.0
IN,2014-07-02,18.08494623655914,23.360752688172045,28.66276595744681,5.524375,72.37174873750538,3.0,0.0,6.0,0.0,0.0,0.0,0.0,0.0,1.0
IN,2014-07-03,14.105376344086022,19.57688172043011,25.048387096774192,1.1670103092783506,69.13857071059725,8.0,0.0,0.0,0.0,0.0,0.0,0.0,0.0,0.0
IN,2014-07-04,11.276344086021506,17.836021505376344,24.395698924731185,0.119650655021834,60.1576058778553,5.0,2.0,0.0,0.0,0.0,0.0,2.0,0.0,0.0
IN,2014-07-05,11.913978494623656,19.04301075268817,26.172043010752688,0.0021978021978021,59.405283094367206,7.0,1.0,0.0,0.0,0.0,0.0,3.0,0.0,0.0
IN,2014-07-06,15.068131868131868,21.12197802197802,27.17582417582417,0.3346405228758169,70.01284537749585,1.0,0.0,3.0,0.0,0.0,0.0,1.0,0.0,0.0
IN,2014-07-07,18.85913978494624,23.682258064516127,28.50537634408602,1.4808247422680414,74.74254071597302,3.0,0.0,10.0,0.0,0.0,0.0,1.0,0.0,0.0
IN,2014-07-08,19.887234042553192,24.357526881720432,28.75698924731183,7.385249042145594,75.94866622962026,9.0,0.0,21.0,0.0,0.0,0.0,0.0,0.0,0.0
IN,2014-07-09,16.522340425531915,22.02608695652174,27.510752688172044,3.858811475409836,67.95650758484936,1.0,0.0,5.0,0.0,0.0,0.0,0.0,0.0,0.0
IN,2014-07-10,14.528260869565216,20.686813186813183,26.842391304347824,0.0101075268817204,64.05473910124888,4.0,0.0,0.0,0.0,0.0,0.0,0.0,0.0,0.0
IN,2014-07-11,13.386021505376345,20.267391304347825,27.143010752688173,0.0012820512820512,62.97428529379748,4.0,0.0,0.0,0.0,0.0,0.0,0.0,0.0,0.0
IN,2014-07-12,16.416304347826088,22.221739130434784,28.02717391304348,0.5547461368653422,75.53786875271662,9.0,0.0,2.0,0.0,0.0,0.0,2.0,0.0,0.0
IN,2014-07-13,20.47,24.35388888888889,28.23777777777778,8.237773359840954,77.83827525602709,5.0,0.0,5.0,0.0,0.0,0.0,1.0,0.0,0.0
IN,2014-07-14,19.05161290322581,24.25108695652174,29.448913043478264,9.584100418410042,76.80080648996403,10.0,2.0,18.0,0.0,0.0,0.0,1.0,0.0,2.0
IN,2014-07-15,13.790425531914892,20.15851063829788,26.52659574468085,7.839499036608863,72.50993566988447,2.0,0.0,9.0,0.0,0.0,0.0,1.0,0.0,1.0
IN,2014-07-16,11.744086021505376,16.881720430107528,22.01935483870968,0.5866125760649087,72.14708263890151,4.0,1.0,0.0,0.0,0.0,0.0,0.0,0.0,0.0
IN,2014-07-17,10.34468085106383,16.78085106382979,23.217021276595744,0.0250530785562632,64.33870145480259,8.0,0.0,0.0,0.0,0.0,0.0,0.0,0.0,0.0
IN,2014-07-18,11.676923076923076,18.28131868131868,24.88571428571429,0.0109473684210526,64.84126670438222,4.0,0.0,0.0,0.0,0.0,0.0,1.0,0.0,0.0
IN,2014-07-19,12.796629213483149,18.9061797752809,25.00333333333333,0.1039560439560439,73.89110818615853,13.0,2.0,0.0,0.0,0.0,0.0,5.0,0.0,0.0
IN,2014-07-20,14.094382022471912,20.034831460674155,25.97528089887641,0.0110859728506787,72.6595428674934,14.0,4.0,0.0,0.0,0.0,0.0,3.0,0.0,0.0
IN,2014-07-21,14.99888888888889,21.78111111111111,28.563333333333333,0.0,69.98571821217533,16.0,2.0,0.0,0.0,0.0,0.0,3.0,0.0,0.0
IN,2014-07-22,16.536263736263734,23.39010989010989,30.243956043956043,0.033049040511727,70.22981087720268,12.0,4.0,1.0,0.0,0.0,0.0,5.0,0.0,0.0
IN,2014-07-23,17.808695652173913,23.58478260869565,29.36086956521739,5.410642570281125,79.75126272642406,10.0,2.0,20.0,0.0,1.0,0.0,4.0,0.0,0.0
IN,2014-07-24,13.836559139784946,19.526881720430108,25.217204301075267,5.617708333333334,68.48681181696757,3.0,0.0,4.0,0.0,0.0,0.0,2.0,0.0,0.0
IN,2014-07-25,11.314893617021276,18.011702127659575,24.70851063829787,0.006798245614035,70.75428751202212,10.0,3.0,0.0,0.0,0.0,0.0,0.0,0.0,0.0
IN,2014-07-26,14.305376344086024,20.282258064516128,26.259139784946235,0.4600867678958785,76.713321292861,6.0,2.0,11.0,0.0,0.0,0.0,3.0,0.0,0.0
IN,2014-07-27,18.15934065934066,23.51923076923077,28.87912087912088,8.426476578411405,82.53575304451869,10.0,1.0,21.0,0.0,2.0,0.0,3.0,0.0,2.0
IN,2014-07-28,15.161702127659575,21.18351063829787,27.205319148936173,4.457883817427385,71.39182346269675,1.0,0.0,6.0,0.0,2.0,0.0,0.0,0.0,1.0
IN,2014-07-29,10.381521739130434,16.764130434782608,23.14673913043478,0.1903765690376569,70.69700509219926,6.0,1.0,6.0,0.0,0.0,0.0,0.0,0.0,0.0
IN,2014-07-30,12.094623655913978,18.56290322580645,25.031182795698925,2.8258517034068134,75.41518909252768,11.0,1.0,7.0,0.0,0.0,0.0,1.0,0.0,0.0
IN,2014-07-31,13.406451612903226,19.962365591397848,26.51827956989247,0.9329166666666668,71.02686015033731,11.0,3.0,3.0,0.0,0.0,0.0,1.0,0.0,0.0
IN,2014-08-01,14.498924731182797,21.123655913978496,27.74838709677419,0.4225263157894736,72.89905881223305,11.0,3.0,10.0,0.0,0.0,0.0,2.0,0.0,0.0
IN,2014-08-02,15.170967741935485,21.596774193548388,28.02258064516129,4.035416666666666,72.27153838877192,10.0,1.0,5.0,0.0,0.0,0.0,3.0,0.0,0.0
IN,2014-08-03,14.43586956521739,21.27934782608696,28.122826086956525,0.4833333333333333,67.76483383256935,14.0,5.0,1.0,0.0,0.0,0.0,6.0,0.0,0.0
IN,2014-08-04,15.054347826086955,22.13043478260869,29.20652173913044,0.7808602150537635,68.90357367456183,11.0,2.0,4.0,0.0,0.0,0.0,4.0,0.0,0.0
IN,2014-08-05,16.365591397849464,22.538709677419355,28.711827956989247,1.9006185567010307,79.29545481920454,10.0,2.0,1.0,0.0,0.0,0.0,6.0,0.0,0.0
IN,2014-08-06,16.44,21.966315789473686,27.49263157894737,1.7959139784946236,80.00338149792584,25.0,4.0,1.0,0.0,0.0,0.0,7.0,0.0,0.0
IN,2014-08-07,15.838709677419354,21.18279569892473,26.526881720430108,0.1883002207505518,70.10018734470955,12.0,0.0,1.0,0.0,0.0,0.0,0.0,0.0,0.0
IN,2014-08-08,16.442553191489363,21.16595744680852,25.88631578947368,2.1917021276595743,68.57376626653152,6.0,0.0,1.0,0.0,0.0,0.0,2.0,0.0,0.0
IN,2014-08-09,17.313978494623658,21.89728260869565,26.52173913043478,2.7233545647558386,68.33880051558606,4.0,2.0,0.0,0.0,0.0,0.0,2.0,0.0,0.0
IN,2014-08-10,18.51521739130435,23.18913043478261,27.855913978494623,1.5079741379310343,73.13417428217977,10.0,1.0,4.0,0.0,0.0,0.0,4.0,0.0,0.0
IN,2014-08-11,19.51195652173913,23.80271739130435,28.093478260869563,8.305333333333333,83.49343714542646,17.0,3.0,10.0,0.0,0.0,0.0,7.0,0.0,0.0
IN,2014-08-12,17.231182795698924,21.45978260869565,25.710752688172043,10.324513618677043,86.5031204586198,11.0,0.0,6.0,0.0,0.0,0.0,2.0,0.0,0.0
IN,2014-08-13,13.059139784946236,18.274731182795698,23.49032258064516,2.546812749003984,70.93183235524117,14.0,3.0,1.0,0.0,0.0,0.0,0.0,0.0,0.0
IN,2014-08-14,13.4021978021978,19.717032967032967,26.032608695652176,0.267578947368421,68.70027709160038,6.0,0.0,0.0,0.0,0.0,0.0,0.0,0.0,0.0
IN,2014-08-15,9.23956043956044,17.212777777777777,25.173626373626377,0.1974842767295597,61.15170391229402,3.0,1.0,0.0,0.0,0.0,0.0,0.0,0.0,0.0
IN,2014-08-16,11.38021978021978,18.22802197802197,25.075824175824177,0.2832976445396146,78.79126876667937,7.0,0.0,0.0,0.0,0.0,0.0,1.0,0.0,0.0
IN,2014-08-17,15.967415730337075,20.665730337078653,25.364044943820225,5.48683651804671,83.46670985777412,14.0,2.0,5.0,0.0,0.0,0.0,4.0,0.0,0.0
IN,2014-08-18,18.15164835164835,22.55824175824176,26.96483516483517,4.502301255230125,81.71797271001081,21.0,3.0,1.0,0.0,0.0,0.0,7.0,0.0,0.0
IN,2014-08-19,17.936559139784944,23.43978494623656,28.94301075268817,0.5415322580645162,80.29690255768384,23.0,4.0,10.0,0.0,1.0,0.0,6.0,0.0,0.0
IN,2014-08-20,18.24782608695652,23.754891304347822,29.26195652173913,6.201117318435754,78.35060065767604,21.0,5.0,17.0,0.0,0.0,0.0,2.0,0.0,0.0
IN,2014-08-21,19.50333333333333,24.43611111111111,29.345054945054947,5.549904397705545,85.35919020480456,9.0,1.0,20.0,0.0,0.0,0.0,2.0,0.0,0.0
IN,2014-08-22,21.065555555555555,25.458988764044943,29.82333333333333,34.505492424242426,85.27994601666254,12.0,1.0,17.0,0.0,0.0,0.0,2.0,0.0,0.0
IN,2014-08-23,20.752808988764045,25.52640449438202,30.3,6.326239669421488,85.51611291470148,16.0,6.0,12.0,0.0,0.0,0.0,4.0,0.0,0.0
IN,2014-08-24,20.451136363636365,25.59772727272728,30.72921348314607,15.100596421471174,83.2260768550044,14.0,2.0,13.0,0.0,0.0,0.0,3.0,0.0,0.0
IN,2014-08-25,20.5,25.953932584269666,31.385555555555552,0.500438596491228,80.47614371216982,19.0,2.0,9.0,0.0,0.0,0.0,5.0,0.0,0.0
IN,2014-08-26,19.751063829787235,25.902659574468085,32.026315789473685,3.5326693227091632,83.33320141747716,18.0,1.0,19.0,0.0,0.0,0.0,3.0,0.0,0.0
IN,2014-08-27,19.641052631578948,25.299473684210525,30.954166666666666,6.386417322834646,78.99572784354524,12.0,0.0,9.0,0.0,0.0,0.0,2.0,0.0,0.0
IN,2014-08-28,17.788172043010753,23.68172043010753,29.58617021276596,0.5511677282377918,74.88088243214662,3.0,0.0,3.0,0.0,0.0,0.0,1.0,0.0,0.0
IN,2014-08-29,18.57204301075269,23.815591397849463,29.045744680851065,0.8316455696202532,77.15852085680805,2.0,0.0,7.0,0.0,0.0,0.0,2.0,0.0,0.0
IN,2014-08-30,20.01304347826087,24.564673913043475,29.13225806451613,3.625751072961373,79.77187839068554,7.0,0.0,9.0,0.0,0.0,0.0,0.0,0.0,0.0
IN,2014-08-31,20.37912087912088,24.12362637362637,27.843478260869563,6.476434426229508,84.05650400155851,13.0,0.0,7.0,0.0,0.0,0.0,2.0,0.0,0.0
IN,2014-09-01,21.07111111111111,24.70777777777777,28.31978021978022,1.235042735042735,83.71993323592841,11.0,0.0,3.0,0.0,0.0,0.0,2.0,0.0,0.0
IN,2014-09-02,19.01630434782609,23.439673913043475,27.8505376344086,13.429644268774704,82.35559985689532,11.0,1.0,22.0,0.0,0.0,0.0,0.0,0.0,0.0
IN,2014-09-03,16.50744680851064,22.148404255319143,27.789361702127657,2.857085020242915,74.49674146195811,31.0,7.0,1.0,0.0,0.0,0.0,0.0,0.0,0.0
IN,2014-09-04,17.186021505376342,23.41182795698925,29.618085106382978,0.0760330578512396,76.2718331642921,19.0,0.0,2.0,0.0,0.0,0.0,5.0,0.0,0.0
IN,2014-09-05,19.22340425531915,25.22287234042553,31.23125,1.2147679324894514,75.70645529623414,13.0,0.0,12.0,0.0,0.0,0.0,1.0,0.0,0.0
IN,2014-09-06,17.32967032967033,23.37912087912088,29.441304347826087,12.642234848484849,80.39971832475301,10.0,0.0,12.0,0.0,1.0,0.0,0.0,0.0,1.0
IN,2014-09-07,11.508791208791209,17.647252747252747,23.785714285714285,0.2547210300429184,69.81652284225036,6.0,0.0,0.0,0.0,0.0,0.0,0.0,0.0,0.0
IN,2014-09-08,11.24516129032258,18.19301075268817,25.140860215053763,0.0038461538461538,68.5250792238398,10.0,0.0,0.0,0.0,0.0,0.0,1.0,0.0,0.0
IN,2014-09-09,11.778947368421052,18.95421052631579,26.129473684210527,0.0857142857142857,76.02071668548028,11.0,0.0,1.0,0.0,0.0,0.0,0.0,0.0,0.0
IN,2014-09-10,15.205263157894738,20.817894736842103,26.430526315789475,7.030938123752495,84.31737558107567,13.0,1.0,14.0,0.0,0.0,0.0,7.0,0.0,0.0
IN,2014-09-11,14.188297872340426,19.22659574468085,24.29578947368421,35.65265017667845,85.70927234857987,12.0,0.0,19.0,0.0,0.0,0.0,1.0,0.0,0.0
IN,2014-09-12,11.475268817204302,14.20268817204301,16.951063829787234,0.4298989898989899,80.9098887570351,5.0,0.0,0.0,0.0,0.0,0.0,2.0,0.0,0.0
IN,2014-09-13,8.33695652173913,12.505434782608695,16.67391304347826,1.3983572895277208,74.25348563568386,10.0,0.0,0.0,0.0,0.0,0.0,0.0,0.0,0.0
IN,2014-09-14,6.065555555555555,12.23777777777778,18.396703296703297,0.071551724137931,72.01242076760597,7.0,1.0,0.0,0.0,0.0,0.0,0.0,0.0,0.0
IN,2014-09-15,7.39010989010989,13.63901098901099,19.889130434782608,0.8164113785557986,85.52204333558535,17.0,1.0,13.0,0.0,0.0,0.0,1.0,0.0,0.0
IN,2014-09-16,8.81978021978022,13.407142857142857,18.028260869565216,7.462734082397003,79.07207595306642,20.0,5.0,9.0,0.0,0.0,0.0,4.0,0.0,0.0
IN,2014-09-17,6.271428571428572,12.768131868131867,19.284782608695654,0.0359081419624217,74.8317868221731,27.0,5.0,0.0,0.0,0.0,0.0,3.0,0.0,0.0
IN,2014-09-18,7.174193548387097,14.267204301075267,21.32234042553192,0.0119341563786008,70.13219676250543,19.0,3.0,0.0,0.0,0.0,1.0,4.0,0.0,0.0
IN,2014-09-19,8.544565217391305,15.74836956521739,22.932258064516127,0.0261802575107296,67.53047885517307,12.0,1.0,0.0,0.0,0.0,0.0,2.0,0.0,0.0
IN,2014-09-20,10.534065934065934,17.784615384615385,25.00434782608696,0.5302127659574468,73.29079882603075,16.0,0.0,13.0,0.0,0.0,0.0,5.0,0.0,1.0
IN,2014-09-21,13.2375,19.576136363636365,25.77777777777778,11.994520547945204,75.89954696063069,10.0,0.0,17.0,0.0,0.0,0.0,2.0,0.0,0.0
IN,2014-09-22,7.620224719101124,14.330898876404495,21.03,0.3239583333333333,67.37454405437835,3.0,0.0,0.0,0.0,0.0,0.0,0.0,0.0,0.0
IN,2014-09-23,5.953846153846153,13.34120879120879,20.680851063829788,0.0054968287526427,68.2643936722664,11.0,0.0,0.0,0.0,0.0,0.0,1.0,0.0,0.0
IN,2014-09-24,6.75483870967742,15.059139784946236,23.33936170212766,0.0006224066390041,65.97856394255143,8.0,2.0,0.0,0.0,0.0,0.0,0.0,0.0,0.0
IN,2014-09-25,8.516483516483516,17.031868131868134,25.50543478260869,0.0012448132780082,67.36805669733015,17.0,2.0,0.0,0.0,0.0,1.0,1.0,0.0,0.0
IN,2014-09-26,9.96774193548387,18.36774193548387,26.748936170212765,0.000639658848614,68.59546926847248,14.0,3.0,0.0,0.0,0.0,0.0,0.0,0.0,0.0
IN,2014-09-27,11.159139784946236,19.22554347826087,27.27282608695652,0.0006564551422319,69.3619063233686,13.0,2.0,0.0,0.0,0.0,0.0,1.0,0.0,0.0
IN,2014-09-28,12.305494505494504,19.77777777777778,27.23111111111111,0.0,68.48153776374053,9.0,0.0,0.0,0.0,0.0,1.0,1.0,0.0,0.0
IN,2014-09-29,11.140217391304349,19.315384615384616,27.51086956521739,0.009205020920502,66.6172887384182,16.0,2.0,0.0,0.0,0.0,1.0,5.0,0.0,0.0
IN,2014-09-30,10.630851063829788,18.127659574468087,25.624468085106383,0.1197916666666666,78.41372703173734,14.0,1.0,0.0,0.0,0.0,1.0,1.0,0.0,0.0
IN,2014-10-01,8.638947368421054,15.499473684210528,22.36,0.0308008213552361,74.45305867020417,13.0,1.0,0.0,0.0,0.0,0.0,2.0,0.0,0.0
IN,2014-10-02,11.153684210526317,18.30894736842105,25.46421052631579,1.3649590163934426,74.73804932267456,12.0,0.0,8.0,0.0,0.0,0.0,1.0,0.0,0.0
IN,2014-10-03,12.047368421052632,18.91,25.77263157894737,24.356884057971016,82.55725688851363,14.0,0.0,18.0,0.0,0.0,0.0,2.0,0.0,1.0
IN,2014-10-04,4.495652173913044,10.217391304347826,15.976344086021506,6.937447698744769,70.41676372849209,4.0,0.0,2.0,0.0,0.0,1.0,0.0,0.0,0.0
IN,2014-10-05,3.606593406593407,8.06868131868132,12.56413043478261,0.6390243902439025,63.62829148400325,2.0,0.0,4.0,0.0,0.0,0.0,0.0,0.0,0.0
IN,2014-10-06,5.683870967741936,11.186021505376344,16.688172043010752,1.0827956989247312,71.69635627011576,9.0,0.0,12.0,0.0,3.0,0.0,1.0,0.0,0.0
IN,2014-10-07,7.402150537634409,13.130645161290325,18.87127659574468,4.422782258064516,81.22037937631082,12.0,1.0,18.0,0.0,2.0,0.0,1.0,0.0,1.0
IN,2014-10-08,7.221052631578948,13.396842105263158,19.53645833333333,6.0199203187251,63.262603529415095,5.0,1.0,7.0,0.0,3.0,0.0,1.0,0.0,0.0
IN,2014-10-09,6.809782608695652,12.807065217391305,18.82365591397849,0.5105906313645621,71.60803413369467,6.0,0.0,1.0,0.0,0.0,0.0,0.0,0.0,0.0
IN,2014-10-10,7.397872340425532,11.379255319148935,15.360638297872342,3.576017130620985,75.10923441138681,6.0,0.0,1.0,0.0,0.0,1.0,0.0,0.0,0.0
IN,2014-10-11,5.018279569892473,9.519565217391303,13.996739130434785,2.9061674008810576,67.60694101000925,2.0,0.0,0.0,0.0,0.0,1.0,0.0,0.0,0.0
IN,2014-10-12,4.479569892473118,10.279032258064516,16.078494623655914,0.2796338672768879,70.12338932447439,9.0,0.0,0.0,0.0,0.0,1.0,1.0,0.0,0.0
IN,2014-10-13,8.692391304347826,14.531868131868134,20.393478260869564,8.414922480620156,83.76354436628942,17.0,1.0,17.0,0.0,0.0,0.0,2.0,0.0,0.0
IN,2014-10-14,14.346808510638295,18.416489361702126,22.48617021276596,16.949152542372882,84.99884954005591,15.0,0.0,6.0,0.0,0.0,0.0,1.0,0.0,0.0
IN,2014-10-15,11.46875,14.5015625,17.534375,9.888336520076482,90.35860435566916,14.0,0.0,1.0,0.0,0.0,0.0,1.0,0.0,0.0
IN,2014-10-16,10.69468085106383,12.953191489361702,15.211702127659576,4.335177865612648,89.60174196722481,18.0,2.0,0.0,0.0,0.0,0.0,2.0,0.0,0.0
IN,2014-10-17,9.864893617021275,13.827127659574469,17.78936170212766,0.3608315098468271,76.58836648067044,9.0,0.0,0.0,0.0,0.0,0.0,2.0,0.0,0.0
IN,2014-10-18,8.05268817204301,12.854301075268818,17.655913978494624,0.671875,80.55845055356852,10.0,0.0,0.0,0.0,0.0,0.0,2.0,0.0,0.0
IN,2014-10-19,2.9054945054945054,7.822527472527473,12.73956043956044,1.731818181818182,73.50222868383273,2.0,1.0,0.0,0.0,0.0,1.0,3.0,0.0,0.0
IN,2014-10-20,4.658510638297872,10.313829787234043,15.969148936170212,0.2654945054945055,74.25620094686673,3.0,0.0,7.0,0.0,1.0,1.0,3.0,0.0,0.0
IN,2014-10-21,6.779787234042554,12.123936170212769,17.46808510638298,0.881316348195329,75.51227090145794,5.0,0.0,1.0,0.0,0.0,1.0,1.0,0.0,0.0
IN,2014-10-22,2.5989247311827954,8.347849462365591,14.096774193548388,0.1669642857142857,72.62638961617469,7.0,0.0,0.0,0.0,0.0,1.0,0.0,0.0,0.0
IN,2014-10-23,0.8172043010752689,7.771505376344086,14.725806451612904,0.0092307692307692,77.49408001261081,28.0,6.0,0.0,0.0,0.0,1.0,5.0,0.0,0.0
IN,2014-10-24,2.272340425531915,9.68936170212766,17.106382978723403,0.1928260869565217,75.43070653265232,14.0,0.0,0.0,0.0,0.0,0.0,4.0,0.0,0.0
IN,2014-10-25,6.893478260869566,13.932065217391305,20.97065217391304,0.1113636363636363,70.78788637643981,13.0,0.0,0.0,0.0,0.0,0.0,7.0,0.0,0.0
IN,2014-10-26,4.694444444444445,13.578333333333331,22.47802197802197,0.0025287356321839,49.090643601346095,1.0,0.0,0.0,0.0,0.0,0.0,2.0,0.0,0.0
IN,2014-10-27,6.939361702127659,14.909574468085106,22.86105263157895,0.0301339285714285,57.50638046578536,5.0,0.0,1.0,0.0,0.0,0.0,3.0,0.0,0.0
IN,2014-10-28,11.036170212765958,17.75957446808511,24.48297872340425,3.658762886597938,63.21495863246625,12.0,0.0,5.0,0.0,0.0,0.0,1.0,0.0,0.0
IN,2014-10-29,4.896808510638298,10.518617021276595,16.140425531914893,5.127659574468085,66.18466283404268,1.0,0.0,1.0,0.0,0.0,0.0,1.0,0.0,0.0
IN,2014-10-30,2.166304347826088,6.832608695652175,11.498913043478264,0.0818380743982494,67.6009812887784,5.0,0.0,0.0,0.0,0.0,0.0,1.0,0.0,0.0
IN,2014-10-31,2.002173913043478,6.4362637362637365,10.872527472527471,1.291144708423326,81.0342715761557,12.0,1.0,0.0,2.0,0.0,0.0,1.0,0.0,1.0
IN,2014-11-01,-1.3467391304347829,2.792391304347826,6.931521739130435,4.708939708939709,65.37554876561896,1.0,0.0,0.0,1.0,0.0,1.0,1.0,0.0,0.0
IN,2014-11-02,-5.440659340659341,1.4307692307692306,8.302197802197803,0.0163218390804597,62.06427575598793,5.0,1.0,0.0,0.0,0.0,1.0,1.0,0.0,0.0
IN,2014-11-03,-1.1065934065934069,6.288461538461538,13.681720430107529,0.0055555555555555,43.309932037927965,0.0,0.0,0.0,0.0,0.0,0.0,0.0,0.0,0.0
IN,2014-11-04,6.239130434782608,11.53858695652174,16.838043478260868,0.90406852248394,58.13075559363733,13.0,0.0,0.0,0.0,0.0,0.0,3.0,0.0,0.0
IN,2014-11-05,4.280645161290323,8.82336956521739,13.373118279569892,6.650996015936254,78.5992989292153,19.0,5.0,0.0,0.0,0.0,1.0,3.0,0.0,0.0
IN,2014-11-06,4.086170212765958,8.40531914893617,12.724468085106382,1.8695833333333327,83.00004826478838,17.0,0.0,0.0,0.0,0.0,0.0,2.0,0.0,0.0
IN,2014-11-07,1.0840425531914892,4.876595744680851,8.669148936170213,1.9513859275053305,70.66933351608083,4.0,0.0,0.0,0.0,0.0,1.0,1.0,0.0,0.0
IN,2014-11-08,1.4887640449438202,5.053370786516854,8.617977528089888,0.1027149321266968,71.87018049766887,9.0,0.0,0.0,0.0,0.0,1.0,5.0,0.0,0.0
IN,2014-11-09,-1.1119565217391305,4.3385869565217385,9.789130434782608,0.07073732718894,69.04304067662638,1.0,0.0,0.0,0.0,0.0,1.0,1.0,0.0,0.0
IN,2014-11-10,1.1780219780219778,6.937912087912088,12.697802197802195,0.0011547344110854,61.7246778953739,0.0,0.0,0.0,0.0,0.0,1.0,0.0,0.0,0.0
IN,2014-11-11,3.725,9.96358695652174,16.202173913043477,0.2799076212471131,67.39065565993177,12.0,0.0,0.0,0.0,0.0,1.0,6.0,0.0,0.0
IN,2014-11-12,-1.1344086021505375,4.438172043010753,10.010752688172044,2.7542735042735043,73.38960393238744,0.0,0.0,0.0,0.0,0.0,1.0,4.0,0.0,0.0
IN,2014-11-13,-4.9,-2.22032967032967,0.4847826086956522,0.1147727272727272,67.86827490167269,6.0,1.0,0.0,0.0,0.0,1.0,2.0,0.0,0.0
IN,2014-11-14,-7.571428571428571,-4.013186813186813,-0.4195652173913043,0.2057395143487858,71.93884096013466,3.0,0.0,0.0,0.0,0.0,1.0,2.0,0.0,0.0
IN,2014-11-15,-9.07912087912088,-4.025824175824176,1.0282608695652171,0.0387951807228915,69.19891237012095,4.0,0.0,0.0,0.0,0.0,1.0,3.0,0.0,0.0
IN,2014-11-16,-5.718681318681319,-2.015934065934066,1.6868131868131868,0.2714634146341463,78.61096820474677,11.0,3.0,0.0,0.0,0.0,1.0,8.0,0.0,0.0
IN,2014-11-17,-7.058510638297872,-3.2803191489361705,0.4978723404255319,4.451798561151079,78.29262206800382,11.0,0.0,0.0,0.0,0.0,2.0,8.0,0.0,0.0
IN,2014-11-18,-12.095744680851064,-8.21968085106383,-4.343617021276596,0.2810304449648712,67.64524359667953,2.0,0.0,0.0,0.0,0.0,1.0,6.0,1.0,0.0
IN,2014-11-19,-11.201075268817204,-6.613440860215054,-2.025806451612904,0.0287735849056603,69.0409833213638,0.0,0.0,0.0,0.0,0.0,1.0,1.0,0.0,0.0
IN,2014-11-20,-7.958064516129032,-3.03494623655914,1.8881720430107527,0.0197619047619047,62.91970532747874,0.0,0.0,0.0,0.0,0.0,1.0,2.0,0.0,0.0
IN,2014-11-21,-11.20531914893617,-5.337234042553192,0.5308510638297872,0.0030878859857482,58.98537936604665,0.0,0.0,0.0,0.0,0.0,1.0,0.0,0.0,0.0
IN,2014-11-22,-7.033333333333333,0.3526881720430109,7.738709677419355,1.9045685279187816,70.56446260848483,5.0,0.0,0.0,1.0,0.0,3.0,1.0,0.0,0.0
IN,2014-11-23,5.061111111111111,9.153333333333332,13.245555555555557,4.478398058252427,80.01893080911947,12.0,0.0,1.0,0.0,0.0,0.0,0.0,0.0,0.0
IN,2014-11-24,5.305494505494505,9.64065934065934,13.998913043478264,37.43412017167382,89.08189366495158,12.0,0.0,15.0,0.0,0.0,0.0,3.0,0.0,0.0
IN,2014-11-25,-1.845555555555556,3.515,8.875555555555556,2.268433734939759,76.97664946028803,1.0,0.0,1.0,0.0,0.0,1.0,0.0,0.0,2.0
IN,2014-11-26,-4.378260869565217,-1.520879120879121,1.3604395604395605,0.0138613861386138,77.49975194738938,2.0,0.0,0.0,0.0,0.0,1.0,3.0,0.0,0.0
IN,2014-11-27,-4.613333333333333,-1.955,0.7033333333333333,0.4655612244897959,79.54803994220754,10.0,1.0,0.0,1.0,0.0,1.0,11.0,0.0,0.0
IN,2014-11-28,-7.39010989010989,-3.43021978021978,0.5296703296703297,0.2402061855670103,74.05100334741331,4.0,0.0,0.0,0.0,0.0,1.0,2.0,0.0,0.0
IN,2014-11-29,-3.523863636363636,1.450568181818182,6.425,0.0065656565656565,71.78136605553358,0.0,0.0,0.0,0.0,0.0,1.0,0.0,0.0,0.0
IN,2014-11-30,2.881609195402299,9.105747126436782,15.128089887640453,0.129145728643216,82.79361712249057,11.0,0.0,0.0,0.0,0.0,0.0,1.0,0.0,0.0
IN,2014-12-01,-1.2204301075268815,5.875268817204301,12.970967741935484,3.059857482185273,77.6994225477643,8.0,0.0,0.0,3.0,0.0,1.0,2.0,0.0,0.0
IN,2014-12-02,-3.944086021505377,-1.3424731182795695,1.2591397849462365,1.448448687350835,79.75366901285793,13.0,0.0,0.0,5.0,0.0,5.0,5.0,0.0,0.0
IN,2014-12-03,-2.823913043478261,-0.0820652173913043,2.659782608695652,0.1218446601941747,78.60846468430266,11.0,0.0,0.0,0.0,0.0,5.0,5.0,0.0,0.0
IN,2014-12-04,-3.706451612903226,0.203763440860215,4.113978494623656,0.2638755980861244,77.46945931365316,8.0,1.0,0.0,4.0,0.0,1.0,3.0,0.0,0.0
IN,2014-12-05,-0.8634408602150537,1.7489247311827958,4.361290322580645,2.9282296650717705,87.74794827006771,20.0,4.0,1.0,3.0,0.0,0.0,3.0,0.0,0.0
IN,2014-12-06,1.0087912087912088,3.8672222222222223,6.782222222222222,20.06658823529412,85.92006118460337,19.0,0.0,1.0,0.0,0.0,0.0,9.0,0.0,0.0
IN,2014-12-07,-3.357303370786517,0.6659090909090909,4.748314606741573,0.39875,76.61684603074707,1.0,0.0,0.0,0.0,0.0,0.0,0.0,0.0,0.0
IN,2014-12-08,-2.0358695652173915,1.2741758241758243,4.625274725274725,0.2232779097387173,83.09754339309754,12.0,0.0,0.0,0.0,0.0,0.0,3.0,0.0,0.0
IN,2014-12-09,-0.0712765957446808,2.514130434782609,5.136956521739131,2.887899543378995,91.27437491577574,14.0,0.0,0.0,0.0,0.0,0.0,1.0,0.0,0.0
IN,2014-12-10,-0.3787234042553191,1.4865591397849462,3.374193548387097,0.3361363636363636,80.37587414275447,2.0,0.0,0.0,0.0,0.0,1.0,0.0,0.0,0.0
IN,2014-12-11,-3.364835164835165,-0.6917582417582417,1.9813186813186807,0.0073809523809523,78.90252562477794,8.0,0.0,0.0,0.0,0.0,1.0,6.0,0.0,0.0
IN,2014-12-12,-5.440860215053763,-1.433695652173913,2.5358695652173915,0.0,89.75891281305896,19.0,1.0,0.0,0.0,0.0,3.0,7.0,0.0,0.0
IN,2014-12-13,-2.845555555555556,1.1055555555555556,5.056666666666667,0.0135714285714285,87.69009207444539,18.0,0.0,0.0,0.0,0.0,1.0,11.0,0.0,0.0
IN,2014-12-14,3.0494505494505493,5.928888888888889,8.811111111111112,0.0066831683168316,87.52795748909207,23.0,0.0,0.0,0.0,0.0,0.0,6.0,0.0,0.0
IN,2014-12-15,4.823076923076923,7.111538461538461,9.4,0.1737089201877934,89.22689316537415,24.0,0.0,1.0,0.0,0.0,0.0,10.0,0.0,0.0
IN,2014-12-16,3.0434782608695654,5.985869565217392,8.928260869565218,5.067252747252747,92.97620532017892,16.0,0.0,3.0,0.0,0.0,0.0,1.0,0.0,0.0
IN,2014-12-17,-2.830851063829788,1.0728723404255318,4.976595744680851,1.5882882882882885,84.87404367037833,8.0,0.0,0.0,0.0,0.0,5.0,2.0,0.0,0.0
IN,2014-12-18,-4.068888888888889,-2.6366666666666667,-1.2044444444444444,0.0267139479905437,76.68044255550029,5.0,0.0,0.0,0.0,0.0,1.0,6.0,0.0,0.0
IN,2014-12-19,-4.825,-2.852717391304348,-0.8804347826086957,0.0045130641330166,79.00444528987467,9.0,0.0,0.0,1.0,0.0,0.0,6.0,0.0,0.0
IN,2014-12-20,-3.994565217391304,-1.834782608695652,0.325,0.0828715365239294,81.47200720876492,12.0,0.0,0.0,0.0,0.0,1.0,8.0,0.0,0.0
IN,2014-12-21,-4.484444444444445,-1.2333333333333334,2.017777777777778,0.0107692307692307,82.30356167437797,13.0,0.0,0.0,0.0,0.0,1.0,9.0,0.0,0.0
IN,2014-12-22,-3.505434782608696,0.9119565217391304,5.3293478260869565,0.2422885572139303,84.00699887718741,11.0,0.0,0.0,0.0,0.0,1.0,6.0,0.0,0.0
IN,2014-12-23,1.995604395604396,6.174175824175824,10.352747252747251,3.898198198198198,84.99260513559638,12.0,1.0,0.0,0.0,0.0,0.0,0.0,0.0,0.0
IN,2014-12-24,4.01063829787234,7.285106382978723,10.559574468085106,5.184397163120567,90.62204899480226,17.0,0.0,0.0,0.0,0.0,0.0,0.0,0.0,0.0
IN,2014-12-25,1.5355555555555551,3.804444444444444,6.073333333333333,7.975252525252524,83.15363809169847,10.0,0.0,1.0,1.0,0.0,0.0,0.0,0.0,0.0
IN,2014-12-26,0.5130434782608696,4.03695652173913,7.560869565217391,0.0858288770053476,79.30919576544606,1.0,0.0,0.0,0.0,0.0,1.0,0.0,0.0,0.0
IN,2014-12-27,1.754945054945055,6.0076923076923086,10.26043956043956,1.5340852130325815,86.35126806485579,15.0,1.0,0.0,2.0,0.0,0.0,0.0,0.0,0.0
IN,2014-12-28,-1.7255555555555555,2.381666666666667,6.488888888888889,4.550757575757576,81.2284465666448,9.0,0.0,0.0,1.0,0.0,1.0,0.0,0.0,0.0
IN,2014-12-29,-5.69,-2.0533333333333337,1.5833333333333333,0.0594936708860759,77.65875739515357,11.0,0.0,0.0,0.0,0.0,0.0,2.0,0.0,0.0
IN,2014-12-30,-7.322826086956522,-3.207608695652174,0.907608695652174,0.003,70.49516859163423,2.0,0.0,0.0,0.0,0.0,1.0,1.0,0.0,0.0
IN,2014-12-31,-11.703225806451616,-7.096774193548387,-2.490322580645161,0.003125,57.41061248618361,0.0,0.0,0.0,0.0,0.0,0.0,1.0,0.0,0.0
