STATE,DATE,TMIN,TAVG,TMAX,PRCP,RH,WT01,WT02,WT03,WT04,WT05,WT06,WT07,WT08,WT09,WT10,WT11
KS,2014-01-01,-8.263870967741935,0.8541935483870968,9.97225806451613,0.2256454388984509,69.6272216023763,9.0,1.0,0.0,0.0,0.0,0.0,0.0,7.0,1.0,0.0,0.0
KS,2014-01-02,-14.875155279503106,-8.2584375,-1.65625,1.817252396166134,73.67621616198242,0.0,0.0,0.0,1.0,0.0,0.0,0.0,1.0,0.0,0.0,0.0
KS,2014-01-03,-13.198136645962734,-5.904347826086957,1.38944099378882,0.0251712328767123,66.77744625882944,1.0,0.0,0.0,0.0,0.0,0.0,0.0,0.0,0.0,0.0,0.0
KS,2014-01-04,-8.67290322580645,-0.4825806451612903,7.718589743589743,0.1086058519793459,65.08558928146795,6.0,0.0,0.0,0.0,0.0,0.0,0.0,5.0,0.0,0.0,0.0
KS,2014-01-05,-14.506451612903223,-6.9,0.716025641025641,2.27221324717286,70.11602010220297,7.0,0.0,0.0,2.0,0.0,0.0,0.0,3.0,5.0,0.0,0.0
KS,2014-01-06,-22.149079754601228,-15.69,-9.2425,0.065874363327674,58.47025968339286,0.0,0.0,0.0,0.0,0.0,0.0,0.0,1.0,0.0,0.0,0.0
KS,2014-01-07,-20.37716049382716,-12.916975308641977,-5.45679012345679,0.0,63.21737737771176,0.0,0.0,0.0,0.0,0.0,0.0,0.0,2.0,0.0,0.0,0.0
KS,2014-01-08,-10.729012345679012,-2.791358024691358,5.146296296296296,0.0010152284263959,67.45911469892435,5.0,0.0,0.0,0.0,0.0,0.0,0.0,2.0,0.0,0.0,0.0
KS,2014-01-09,-8.214285714285714,-3.5748447204968943,1.0475308641975307,0.0419627749576988,83.86362392162941,25.0,7.0,0.0,0.0,0.0,1.0,0.0,9.0,0.0,0.0,0.0
KS,2014-01-10,-6.404968944099379,-1.563664596273292,3.277639751552796,0.1716887417218543,87.1606419394946,56.0,6.0,0.0,1.0,0.0,5.0,0.0,0.0,0.0,0.0,0.0
KS,2014-01-11,-2.5423076923076926,2.562179487179487,7.666666666666667,0.5978151260504202,68.69014729716994,18.0,0.0,0.0,3.0,0.0,6.0,0.0,0.0,0.0,0.0,0.0
KS,2014-01-12,-1.2916666666666667,5.475320512820512,12.242307692307692,0.0038394415357766,51.72253088136261,0.0,0.0,0.0,0.0,0.0,0.0,0.0,0.0,0.0,0.0,0.0
KS,2014-01-13,-1.3709876543209876,6.578086419753087,14.543558282208588,0.0035532994923857,54.7232247961584,0.0,0.0,0.0,0.0,0.0,0.0,0.0,0.0,0.0,0.0,0.0
KS,2014-01-14,-1.9425925925925924,4.442283950617284,10.82716049382716,0.0018518518518518,48.806230657187655,1.0,0.0,0.0,0.0,0.0,0.0,0.0,0.0,0.0,0.0,0.0
KS,2014-01-15,-6.032098765432099,0.8959876543209877,7.813496932515337,0.0,55.0862230169635,0.0,0.0,0.0,2.0,0.0,0.0,0.0,0.0,0.0,0.0,0.0
KS,2014-01-16,-4.773291925465839,2.7493788819875773,10.27037037037037,0.0074702886247877,45.48138098312101,0.0,0.0,0.0,0.0,0.0,0.0,0.0,6.0,0.0,0.0,1.0
KS,2014-01-17,-6.986335403726708,1.137577639751553,9.262345679012345,0.0010434782608695,43.84808117891882,0.0,0.0,0.0,1.0,0.0,0.0,0.0,1.0,0.0,0.0,3.0
KS,2014-01-18,-6.4096153846153845,0.8897435897435898,8.189102564102564,0.0,46.4278658852482,0.0,0.0,0.0,0.0,0.0,0.0,0.0,2.0,0.0,0.0,0.0
KS,2014-01-19,-5.612738853503185,3.696496815286624,13.005732484076434,0.0,48.41013322899492,0.0,0.0,0.0,0.0,0.0,0.0,0.0,0.0,0.0,0.0,1.0
KS,2014-01-20,-4.776433121019108,6.242675159235669,17.261783439490447,0.0,47.58391764868631,0.0,0.0,0.0,0.0,0.0,0.0,0.0,4.0,0.0,0.0,0.0
KS,2014-01-21,-13.568944099378882,-1.6746875,10.209316770186335,0.0,47.26962254946084,0.0,0.0,0.0,0.0,0.0,0.0,0.0,2.0,0.0,0.0,0.0
KS,2014-01-22,-13.051234567901236,-4.821604938271605,3.380368098159509,0.0030664395229982,51.59545429844396,0.0,0.0,0.0,0.0,0.0,0.0,0.0,1.0,0.0,0.0,0.0
KS,2014-01-23,-15.44625,-6.2671875,2.914285714285714,0.0443877551020408,49.06493808216663,0.0,0.0,0.0,0.0,0.0,0.0,0.0,2.0,0.0,0.0,0.0
KS,2014-01-24,-15.868125,-9.59875,-3.360248447204969,0.0148531951640759,49.06934012444797,0.0,0.0,0.0,0.0,0.0,0.0,0.0,0.0,0.0,0.0,0.0
KS,2014-01-25,-9.183225806451611,1.133225806451613,11.449677419354838,0.0005190311418685,46.84152748275389,0.0,0.0,0.0,0.0,0.0,0.0,0.0,0.0,0.0,0.0,0.0
KS,2014-01-26,-2.4935483870967743,5.53,13.553548387096775,0.0,52.458596143884265,3.0,0.0,0.0,0.0,0.0,0.0,0.0,5.0,0.0,0.0,0.0
KS,2014-01-27,-11.838993710691824,-0.2166666666666666,11.431875,0.0584055459272097,40.99746056169332,2.0,0.0,0.0,0.0,0.0,0.0,0.0,0.0,0.0,0.0,1.0
KS,2014-01-28,-15.231055900621117,-10.964596273291924,-6.698136645962734,0.2773648648648648,53.27561934335038,2.0,0.0,0.0,0.0,0.0,0.0,0.0,1.0,0.0,0.0,0.0
KS,2014-01-29,-14.586624203821655,-7.248089171974523,0.0904458598726115,0.0013864818024263,52.14382577603417,0.0,0.0,0.0,0.0,0.0,0.0,0.0,0.0,0.0,0.0,0.0
KS,2014-01-30,-10.180625,-0.3646874999999999,9.45125,0.02,41.260988553569575,2.0,0.0,0.0,0.0,0.0,0.0,0.0,0.0,0.0,0.0,0.0
KS,2014-01-31,-6.093125,0.2684375,6.63,0.6991666666666667,68.15014546787202,18.0,0.0,0.0,1.0,0.0,4.0,0.0,12.0,0.0,0.0,0.0
KS,2014-02-01,-7.962025316455696,-5.618670886075949,-3.2753164556962027,2.0810766721044045,84.95524332449315,13.0,0.0,0.0,13.0,0.0,13.0,0.0,0.0,0.0,0.0,0.0
KS,2014-02-02,-13.535443037974684,-8.10854430379747,-2.681645569620253,0.0445595854922279,70.28543675212303,0.0,0.0,0.0,0.0,0.0,2.0,0.0,1.0,0.0,0.0,0.0
KS,2014-02-03,-14.553987730061351,-7.896625766871166,-1.2392638036809815,0.0377777777777777,65.61474535705659,0.0,0.0,0.0,0.0,0.0,0.0,0.0,0.0,0.0,0.0,0.0
KS,2014-02-04,-11.857055214723928,-5.612269938650306,0.6325153374233129,2.6477001703577514,77.2541953325959,10.0,7.0,0.0,0.0,0.0,1.0,0.0,5.0,2.0,0.0,0.0
KS,2014-02-05,-17.666459627329193,-11.67142857142857,-5.67639751552795,9.591547049441786,75.16934168164204,6.0,0.0,0.0,0.0,0.0,1.0,0.0,5.0,2.0,0.0,0.0
KS,2014-02-06,-19.28,-15.8959375,-12.511875,0.0679310344827586,66.49628816790224,1.0,0.0,0.0,0.0,0.0,0.0,0.0,3.0,0.0,0.0,0.0
KS,2014-02-07,-17.494339622641508,-14.419182389937108,-11.344025157232704,0.0088695652173913,70.0655614853153,3.0,0.0,0.0,0.0,0.0,0.0,0.0,4.0,0.0,0.0,0.0
KS,2014-02-08,-13.216556291390727,-9.264238410596027,-5.311920529801324,0.0086879432624113,83.48653748544237,17.0,1.0,0.0,0.0,0.0,0.0,0.0,8.0,0.0,0.0,0.0
KS,2014-02-09,-9.207236842105264,-5.367105263157894,-1.538562091503268,0.0984182776801406,84.10715459505812,16.0,2.0,0.0,0.0,0.0,2.0,0.0,9.0,0.0,0.0,0.0
KS,2014-02-10,-12.791772151898735,-9.521202531645567,-6.2506329113924055,2.45,75.95223516845219,9.0,0.0,0.0,1.0,0.0,1.0,0.0,5.0,0.0,0.0,0.0
KS,2014-02-11,-14.629936305732484,-11.035987261146497,-7.44203821656051,0.3329351535836177,69.98062903997551,1.0,0.0,0.0,0.0,0.0,0.0,0.0,2.0,0.0,0.0,0.0
KS,2014-02-12,-12.794936708860758,-7.182594936708861,-1.570253164556962,0.0129370629370629,72.92311654199207,6.0,0.0,0.0,0.0,0.0,0.0,0.0,7.0,0.0,0.0,0.0
KS,2014-02-13,-6.745283018867925,-1.0128930817610065,4.710625,0.0245250431778929,74.02707622592622,7.0,0.0,0.0,0.0,0.0,0.0,0.0,4.0,0.0,0.0,0.0
KS,2014-02-14,-3.211464968152866,3.805414012738854,10.83481012658228,0.0045454545454545,67.78379468638666,5.0,0.0,1.0,0.0,0.0,0.0,0.0,3.0,0.0,0.0,0.0
KS,2014-02-15,-3.819736842105263,2.831907894736842,9.494117647058824,0.0058510638297872,66.08007951159358,5.0,0.0,0.0,0.0,0.0,0.0,0.0,6.0,0.0,0.0,0.0
KS,2014-02-16,-3.5509803921568626,4.911437908496732,13.373856209150327,0.0631118881118881,69.01960716343613,4.0,0.0,0.0,1.0,0.0,0.0,0.0,4.0,0.0,0.0,0.0
KS,2014-02-17,-1.6890322580645163,5.43,12.549032258064518,0.000531914893617,50.89999628726842,1.0,0.0,0.0,0.0,0.0,1.0,0.0,1.0,0.0,0.0,0.0
KS,2014-02-18,1.40375,9.1371875,16.86583850931677,0.0026178010471204,39.31065696356151,0.0,0.0,0.0,0.0,0.0,0.0,0.0,1.0,0.0,0.0,0.0
KS,2014-02-19,-0.904320987654321,9.403086419753086,19.71049382716049,0.0403114186851211,50.09826539533084,3.0,0.0,6.0,0.0,1.0,0.0,0.0,2.0,0.0,0.0,0.0
KS,2014-02-20,-0.6770186335403726,6.562111801242236,13.801242236024844,2.429113924050633,66.03919543154653,15.0,2.0,9.0,2.0,2.0,0.0,0.0,2.0,0.0,0.0,7.0
KS,2014-02-21,-4.3080745341614906,3.3139751552795027,10.936024844720498,1.5675630252100838,44.09250652109655,0.0,0.0,4.0,9.0,1.0,2.0,0.0,0.0,0.0,0.0,1.0
KS,2014-02-22,-4.001948051948052,5.163961038961039,14.32987012987013,0.0232142857142857,50.003104616080535,0.0,0.0,0.0,0.0,0.0,0.0,0.0,1.0,0.0,0.0,0.0
KS,2014-02-23,-4.373076923076924,3.409935897435897,11.192948717948717,0.207908611599297,61.25876134037805,2.0,0.0,0.0,0.0,0.0,0.0,0.0,0.0,0.0,0.0,0.0
KS,2014-02-24,-7.014374999999999,-1.8359375,3.3425,0.0459790209790209,58.94421627156047,2.0,0.0,0.0,0.0,0.0,0.0,0.0,0.0,0.0,0.0,0.0
KS,2014-02-25,-9.17888198757764,-1.840062111801242,5.499382716049382,0.0457242582897033,66.09105210740218,6.0,0.0,0.0,0.0,0.0,0.0,0.0,6.0,0.0,0.0,0.0
KS,2014-02-26,-15.569032258064516,-8.68774193548387,-1.806451612903225,0.5419732441471572,61.984249861583066,2.0,0.0,0.0,0.0,0.0,0.0,0.0,2.0,0.0,0.0,0.0
KS,2014-02-27,-13.9175,-5.116875,3.716149068322981,0.0,53.47704815910736,2.0,0.0,0.0,0.0,0.0,0.0,0.0,2.0,0.0,0.0,0.0
KS,2014-02-28,-7.6875,0.1646875,8.016875,0.0445848375451263,53.41299937909378,1.0,0.0,0.0,0.0,0.0,0.0,0.0,1.0,0.0,0.0,0.0
KS,2014-03-01,-8.287417218543046,0.2,8.687417218543047,0.2349549549549549,77.29074373082815,14.0,0.0,0.0,2.0,1.0,8.0,0.0,8.0,4.0,0.0,0.0
KS,2014-03-02,-16.435333333333336,-11.848666666666666,-7.247019867549668,1.8846153846153848,76.18109697677112,9.0,0.0,1.0,20.0,0.0,11.0,0.0,7.0,8.0,0.0,0.0
KS,2014-03-03,-19.633962264150945,-15.497133757961784,-11.354140127388536,2.399830508474576,61.83129868860619,0.0,0.0,0.0,7.0,0.0,1.0,0.0,0.0,1.0,0.0,0.0
KS,2014-03-04,-17.070440251572325,-9.433227848101266,-1.8107594936708864,0.0192439862542955,62.50011353300965,0.0,0.0,0.0,0.0,0.0,0.0,0.0,1.0,0.0,0.0,0.0
KS,2014-03-05,-8.41139240506329,-0.3721518987341772,7.667924528301887,0.0753424657534246,74.06253756739257,11.0,1.0,0.0,3.0,0.0,2.0,0.0,10.0,0.0,0.0,0.0
KS,2014-03-06,-5.0183544303797465,0.5721518987341773,6.127672955974843,0.3906040268456376,76.28733940874281,47.0,4.0,0.0,3.0,0.0,0.0,0.0,8.0,0.0,0.0,0.0
KS,2014-03-07,-2.771069182389937,5.093710691823899,12.958490566037735,0.0024432809773123,66.88866489421383,17.0,0.0,0.0,0.0,0.0,0.0,0.0,10.0,0.0,0.0,0.0
KS,2014-03-08,-3.2993464052287584,4.174183006535948,11.6512987012987,0.3695352839931153,69.49486937615262,8.0,1.0,0.0,1.0,0.0,2.0,0.0,9.0,0.0,0.0,0.0
KS,2014-03-09,-5.140909090909092,2.2016233766233766,9.544155844155844,0.4130742049469964,56.32284764541455,8.0,0.0,0.0,3.0,0.0,0.0,0.0,6.0,0.0,0.0,0.0
KS,2014-03-10,-1.978125,9.3521875,20.674534161490683,0.0054481546572934,38.51703284181714,1.0,0.0,0.0,0.0,0.0,0.0,0.0,6.0,0.0,0.0,0.0
KS,2014-03-11,2.6732919254658385,13.583540372670804,24.49378881987577,0.0352941176470588,47.520366207745525,7.0,0.0,3.0,0.0,0.0,0.0,1.0,5.0,0.0,0.0,0.0
KS,2014-03-12,-1.6456790123456793,7.785185185185186,17.21604938271605,0.4129353233830846,59.42584788657348,0.0,0.0,0.0,2.0,0.0,0.0,1.0,2.0,0.0,0.0,3.0
KS,2014-03-13,-2.882098765432098,6.178703703703704,15.239506172839508,0.0,38.871677120693576,1.0,0.0,0.0,0.0,0.0,0.0,0.0,2.0,0.0,0.0,0.0
KS,2014-03-14,-1.2627329192546584,9.659006211180126,20.580745341614907,0.0,31.99758287971328,0.0,0.0,0.0,0.0,0.0,0.0,0.0,2.0,0.0,0.0,0.0
KS,2014-03-15,0.6737179487179487,10.072435897435897,19.471153846153847,0.3631858407079645,45.80294748443651,4.0,0.0,8.0,0.0,1.0,0.0,0.0,6.0,0.0,0.0,0.0
KS,2014-03-16,-1.8243589743589743,8.605448717948718,19.03525641025641,3.918760469011725,64.38875533580187,6.0,0.0,14.0,1.0,6.0,0.0,0.0,2.0,0.0,0.0,1.0
KS,2014-03-17,-4.445283018867924,2.6855345911949686,9.79,0.1005244755244755,52.22269359200888,1.0,0.0,0.0,0.0,0.0,0.0,0.0,1.0,0.0,0.0,0.0
KS,2014-03-18,-1.8639751552795032,7.573749999999999,17.009375,0.0364120781527531,47.97001600036285,4.0,0.0,0.0,1.0,0.0,0.0,0.0,2.0,0.0,0.0,0.0
KS,2014-03-19,-1.28625,6.794375,14.875,0.297453310696095,57.84110838750399,1.0,0.0,0.0,2.0,0.0,0.0,0.0,3.0,0.0,0.0,3.0
KS,2014-03-20,-1.84472049689441,6.961801242236025,15.768322981366458,0.0,39.73757622785216,1.0,0.0,0.0,0.0,0.0,0.0,0.0,4.0,0.0,0.0,0.0
KS,2014-03-21,0.90125786163522,10.954088050314466,21.00691823899371,0.0,38.30028187716358,0.0,0.0,0.0,0.0,0.0,0.0,0.0,1.0,0.0,0.0,0.0
KS,2014-03-22,-2.0832258064516127,6.6087096774193546,15.287820512820511,0.0107205623901581,50.44143796210293,6.0,0.0,0.0,0.0,0.0,1.0,0.0,1.0,0.0,0.0,0.0
KS,2014-03-23,-7.751592356687898,-0.2243589743589744,7.281410256410257,0.1754237288135593,56.59023431727344,5.0,0.0,1.0,0.0,0.0,1.0,0.0,0.0,0.0,0.0,0.0
KS,2014-03-24,-6.716770186335404,0.5350931677018634,7.786956521739131,0.191394148020654,56.52054257528861,7.0,3.0,0.0,0.0,0.0,0.0,0.0,2.0,0.0,0.0,0.0
KS,2014-03-25,-4.4025,2.089937106918239,8.596226415094339,0.8614754098360655,55.85463018705834,5.0,1.0,1.0,0.0,0.0,0.0,0.0,1.0,0.0,0.0,0.0
KS,2014-03-26,-2.3433962264150945,4.079746835443038,10.50377358490566,0.2284745762711864,53.681684359807136,10.0,0.0,0.0,0.0,0.0,0.0,0.0,4.0,0.0,0.0,0.0
KS,2014-03-27,1.3565217391304347,9.001863354037267,16.6472049689441,1.598769230769231,66.3137520771858,6.0,0.0,6.0,0.0,0.0,0.0,0.0,1.0,0.0,0.0,4.0
KS,2014-03-28,-1.3975155279503106,8.015625,17.41,0.1563973063973064,64.22484682338334,7.0,0.0,1.0,2.0,1.0,0.0,0.0,10.0,0.0,0.0,0.0
KS,2014-03-29,-3.3359477124183003,5.766013071895425,14.86797385620915,0.0307826086956521,58.42628941530326,11.0,0.0,0.0,3.0,0.0,0.0,0.0,7.0,0.0,0.0,0.0
KS,2014-03-30,-0.551948051948052,9.59577922077922,19.74350649350649,0.0,40.106269915362326,1.0,0.0,0.0,0.0,0.0,0.0,0.0,13.0,0.0,0.0,1.0
KS,2014-03-31,5.925625,14.845,23.764375,0.0005190311418685,36.43833385239914,0.0,0.0,3.0,0.0,0.0,0.0,1.0,7.0,0.0,0.0,3.0
KS,2014-04-01,-2.3142857142857145,8.715527950310559,19.74534161490683,0.004399323181049,50.12237648222565,1.0,0.0,3.0,0.0,1.0,0.0,0.0,4.0,0.0,0.0,1.0
KS,2014-04-02,-0.0142857142857143,6.995962732919254,14.006211180124224,1.9385113268608407,64.3914821394921,12.0,1.0,18.0,0.0,5.0,0.0,0.0,5.0,0.0,0.0,0.0
KS,2014-04-03,3.935185185185185,9.715740740740742,15.537423312883435,4.902814814814815,84.12855492523457,30.0,1.0,31.0,1.0,15.0,0.0,0.0,5.0,0.0,0.0,0.0
KS,2014-04-04,-0.5233128834355828,5.330674846625767,11.184662576687115,1.4099688473520249,66.04910985319908,12.0,0.0,1.0,0.0,0.0,0.0,0.0,1.0,0.0,0.0,0.0
KS,2014-04-05,-1.81483870967742,5.884516129032258,13.583870967741936,0.0236521739130434,51.44879869432266,3.0,0.0,0.0,0.0,0.0,0.0,0.0,5.0,0.0,0.0,0.0
KS,2014-04-06,1.7649681528662422,9.501910828025478,17.238853503184714,0.5232633279483037,55.77963846061249,4.0,0.0,2.0,0.0,0.0,0.0,0.0,7.0,0.0,0.0,0.0
KS,2014-04-07,3.937423312883436,10.34877300613497,16.760122699386503,0.8189062500000001,64.29064479969186,6.0,0.0,8.0,0.0,2.0,0.0,0.0,5.0,0.0,0.0,0.0
KS,2014-04-08,2.2185185185185183,9.78672839506173,17.354938271604937,0.594679186228482,49.95326765692066,1.0,0.0,5.0,0.0,2.0,0.0,0.0,0.0,0.0,0.0,2.0
KS,2014-04-09,0.9832298136645964,10.595652173913043,20.20807453416149,0.024750830564784,36.740903493253576,0.0,0.0,0.0,0.0,0.0,0.0,0.0,5.0,0.0,0.0,0.0
KS,2014-04-10,4.683229813664596,15.90807453416149,27.132919254658383,0.0008347245409015,38.55289946587111,0.0,0.0,0.0,0.0,0.0,0.0,0.0,2.0,0.0,0.0,0.0
KS,2014-04-11,5.939263803680982,14.241717791411045,22.544171779141102,0.009731543624161,41.48784631739986,1.0,0.0,1.0,0.0,0.0,0.0,0.0,9.0,0.0,0.0,0.0
KS,2014-04-12,8.098726114649681,17.568471337579616,27.018354430379745,0.0212435233160621,54.16566197030826,5.0,0.0,4.0,0.0,0.0,0.0,0.0,5.0,0.0,1.0,0.0
KS,2014-04-13,9.531410256410258,18.6,27.74367088607595,1.375207986688852,64.95211994656714,11.0,1.0,20.0,1.0,4.0,0.0,0.0,6.0,0.0,0.0,0.0
KS,2014-04-14,-1.5160493827160493,7.098757763975156,15.701234567901237,5.969286754002911,63.20669996313693,13.0,0.0,19.0,5.0,9.0,2.0,0.0,5.0,0.0,0.0,1.0
KS,2014-04-15,-4.249375,3.086875,10.423125,0.0660535117056856,47.11290869834368,2.0,0.0,1.0,0.0,0.0,0.0,0.0,4.0,0.0,0.0,0.0
KS,2014-04-16,-1.371604938271605,8.193827160493827,17.75925925925926,0.003161397670549,37.03286691503423,0.0,0.0,0.0,0.0,0.0,0.0,0.0,0.0,0.0,0.0,0.0
KS,2014-04-17,1.65375,9.974375,18.295,0.317799352750809,61.44307670300326,6.0,0.0,0.0,0.0,0.0,0.0,0.0,8.0,0.0,0.0,0.0
KS,2014-04-18,0.128125,7.283125,14.438125,0.4099186991869918,63.44283724865102,14.0,1.0,0.0,0.0,0.0,0.0,0.0,8.0,0.0,0.0,0.0
KS,2014-04-19,3.223566878980892,13.078025477707008,22.93248407643312,0.0168941979522184,52.81267115212532,3.0,0.0,2.0,0.0,0.0,0.0,0.0,3.0,0.0,0.0,0.0
KS,2014-04-20,10.45448717948718,18.25448717948717,26.05448717948718,0.2508417508417508,60.15520450789606,2.0,0.0,9.0,0.0,1.0,0.0,0.0,3.0,0.0,0.0,0.0
KS,2014-04-21,10.867701863354036,18.0396875,25.230625,2.5194117647058825,66.32833459477074,14.0,1.0,15.0,0.0,1.0,0.0,0.0,2.0,0.0,0.0,0.0
KS,2014-04-22,6.4121951219512185,15.352134146341465,24.292073170731708,0.598202614379085,41.78188818394608,1.0,0.0,7.0,0.0,0.0,0.0,0.0,5.0,0.0,0.0,0.0
KS,2014-04-23,8.223312883435584,16.692331288343556,25.16134969325153,0.4066558441558441,42.61220902189693,1.0,0.0,10.0,0.0,2.0,0.0,0.0,2.0,0.0,0.0,1.0
KS,2014-04-24,9.888271604938272,18.494753086419752,27.10123456790124,8.095275590551182,54.91793199570164,6.0,0.0,43.0,0.0,6.0,0.0,0.0,3.0,0.0,0.0,4.0
KS,2014-04-25,5.506172839506172,13.600925925925925,21.69567901234568,4.4436746987951805,45.40687360111041,1.0,0.0,12.0,0.0,2.0,0.0,0.0,1.0,0.0,0.0,0.0
KS,2014-04-26,8.318354430379747,17.875,27.41635220125786,0.2568296795952782,44.44478879155293,0.0,0.0,6.0,0.0,0.0,0.0,0.0,1.0,0.0,0.0,0.0
KS,2014-04-27,12.40625,20.484375,28.5625,3.732857142857143,52.69995350141048,6.0,0.0,28.0,1.0,3.0,0.0,1.0,6.0,0.0,0.0,1.0
KS,2014-04-28,7.532926829268293,14.964634146341462,22.396341463414632,5.381761978361669,55.79308990483582,5.0,0.0,24.0,0.0,2.0,0.0,0.0,7.0,0.0,0.0,4.0
KS,2014-04-29,5.102439024390244,9.65609756097561,14.209756097560977,2.054838709677419,68.89912503549812,12.0,0.0,2.0,0.0,0.0,0.0,0.0,1.0,0.0,0.0,5.0
KS,2014-04-30,3.110365853658537,6.777743902439024,10.445121951219512,1.7216257668711656,58.65867241161821,2.0,0.0,1.0,1.0,0.0,0.0,0.0,0.0,0.0,0.0,2.0
KS,2014-05-01,2.430864197530864,8.425617283950617,14.42037037037037,0.0415185783521809,48.91062036567254,0.0,0.0,0.0,0.0,0.0,0.0,0.0,0.0,0.0,0.0,0.0
KS,2014-05-02,0.843558282208589,9.357055214723928,17.870552147239266,0.000814332247557,44.75292075724664,2.0,0.0,0.0,0.0,0.0,0.0,0.0,4.0,0.0,0.0,0.0
KS,2014-05-03,3.329487179487179,14.163782051282052,24.998076923076923,0.0,37.38513791847375,0.0,0.0,0.0,0.0,0.0,0.0,0.0,1.0,0.0,0.0,0.0
KS,2014-05-04,8.966451612903226,19.723548387096773,30.48064516129032,0.0,35.69242563941058,0.0,0.0,0.0,0.0,0.0,0.0,0.0,0.0,0.0,0.0,0.0
KS,2014-05-05,11.398136645962731,21.7388198757764,32.079503105590064,0.0208196721311475,41.85316671578459,1.0,0.0,0.0,0.0,0.0,0.0,0.0,1.0,0.0,0.0,0.0
KS,2014-05-06,11.49074074074074,20.61604938271605,29.74135802469136,0.0,50.41658844965243,1.0,0.0,0.0,0.0,0.0,0.0,0.0,1.0,0.0,0.0,0.0
KS,2014-05-07,13.573006134969326,23.062269938650303,32.55153374233129,0.0383739837398374,48.8414244133065,1.0,0.0,8.0,0.0,1.0,0.0,0.0,2.0,0.0,0.0,0.0
KS,2014-05-08,14.921341463414633,23.08292682926829,31.24451219512196,1.258744394618834,57.7423440518335,3.0,0.0,16.0,0.0,3.0,0.0,0.0,1.0,0.0,0.0,2.0
KS,2014-05-09,6.507926829268293,15.36951219512195,24.23109756097561,2.070353302611367,54.43847154138934,0.0,0.0,12.0,0.0,1.0,0.0,0.0,2.0,0.0,0.0,0.0
KS,2014-05-10,8.196153846153846,16.968910256410258,25.741666666666667,0.2156666666666666,51.23164594501456,3.0,0.0,7.0,0.0,1.0,0.0,0.0,3.0,0.0,0.0,0.0
KS,2014-05-11,13.207894736842109,21.56184210526316,29.91578947368421,3.223963133640553,58.50036853885342,3.0,0.0,21.0,0.0,8.0,0.0,0.0,2.0,0.0,0.0,0.0
KS,2014-05-12,10.419631901840493,18.819444444444443,27.175308641975302,15.670182291666668,78.2579328796258,10.0,0.0,45.0,0.0,16.0,0.0,0.0,1.0,0.0,0.0,6.0
KS,2014-05-13,4.873749999999999,10.1884375,15.503125,2.141753343239228,59.41120332447156,0.0,0.0,5.0,0.0,0.0,0.0,0.0,1.0,0.0,0.0,1.0
KS,2014-05-14,4.185093167701863,10.8278125,17.49625,0.0683870967741935,51.43685139856023,0.0,0.0,3.0,0.0,1.0,0.0,0.0,2.0,0.0,0.0,0.0
KS,2014-05-15,4.135625,11.5071875,18.87875,0.0829307568438003,50.11084712409479,0.0,0.0,3.0,0.0,1.0,0.0,0.0,1.0,0.0,0.0,0.0
KS,2014-05-16,2.3360759493670886,10.249050632911391,18.162025316455697,0.0766612641815235,52.72564632798044,3.0,0.0,0.0,0.0,0.0,0.0,0.0,1.0,0.0,0.0,0.0
KS,2014-05-17,3.1670967741935483,10.61516129032258,18.063225806451616,0.7911042944785276,65.58167670581798,20.0,3.0,3.0,0.0,0.0,0.0,0.0,1.0,0.0,0.0,0.0
KS,2014-05-18,5.365806451612904,12.494193548387097,19.62258064516129,0.8497695852534561,61.7578333617652,2.0,0.0,4.0,0.0,1.0,0.0,0.0,0.0,0.0,0.0,0.0
KS,2014-05-19,10.236075949367088,18.29683544303797,26.35759493670886,0.0333876221498371,55.54871486667241,1.0,0.0,0.0,0.0,0.0,0.0,0.0,1.0,0.0,0.0,0.0
KS,2014-05-20,15.431645569620253,23.957911392405062,32.484177215189874,0.0140983606557377,51.18741661818476,0.0,0.0,1.0,0.0,0.0,0.0,0.0,2.0,0.0,0.0,0.0
KS,2014-05-21,16.3775,24.0209375,31.664375,0.1355411954765751,57.01037093556472,3.0,0.0,4.0,0.0,0.0,0.0,0.0,3.0,0.0,0.0,0.0
KS,2014-05-22,15.904402515723271,22.99213836477988,30.079375,3.901282051282051,64.84562769166854,4.0,0.0,34.0,0.0,5.0,0.0,0.0,1.0,0.0,0.0,1.0
KS,2014-05-23,15.20955414012739,21.30636942675159,27.4031847133758,5.16011315417256,77.20429824673244,6.0,0.0,23.0,0.0,2.0,0.0,0.0,0.0,0.0,0.0,0.0
KS,2014-05-24,15.917307692307691,20.183333333333334,24.44935897435897,12.884764542936288,82.15543130634919,21.0,1.0,20.0,0.0,1.0,0.0,0.0,2.0,0.0,0.0,0.0
KS,2014-05-25,16.179865771812082,21.12214765100671,26.06442953020134,3.9508797653958942,77.77329894759663,11.0,1.0,18.0,0.0,1.0,0.0,0.0,1.0,0.0,0.0,0.0
KS,2014-05-26,15.781168831168833,21.632142857142856,27.48311688311688,6.713303437967115,75.51769353255564,14.0,0.0,22.0,0.0,0.0,0.0,0.0,1.0,0.0,0.0,0.0
KS,2014-05-27,14.613664596273294,21.02639751552795,27.43913043478261,0.9607779578606158,71.40510337587516,8.0,0.0,6.0,0.0,1.0,0.0,0.0,1.0,0.0,0.0,0.0
KS,2014-05-28,15.025,22.114375000000003,29.203750000000003,0.291846921797005,64.52073211267097,9.0,1.0,6.0,0.0,0.0,0.0,0.0,3.0,0.0,0.0,0.0
KS,2014-05-29,16.111250000000002,23.839375,31.567500000000003,0.7159744408945686,61.853410365039366,8.0,2.0,5.0,0.0,0.0,0.0,0.0,2.0,0.0,0.0,0.0
KS,2014-05-30,16.95527950310559,24.127639751552795,31.3,0.2615763546798029,63.37034156433245,4.0,0.0,1.0,0.0,0.0,0.0,0.0,2.0,0.0,0.0,0.0
KS,2014-05-31,17.450314465408805,23.84496855345912,30.239622641509435,1.6087912087912086,69.80567374757061,6.0,0.0,3.0,0.0,0.0,0.0,0.0,0.0,0.0,0.0,0.0
KS,2014-06-01,18.30254777070064,24.32388535031847,30.345222929936305,2.1510046367851623,67.91438186045782,6.0,0.0,20.0,0.0,1.0,0.0,0.0,1.0,0.0,0.0,0.0
KS,2014-06-02,16.49320987654321,23.57049689440994,30.638271604938268,20.554145728643217,75.11892128142125,15.0,0.0,59.0,0.0,10.0,0.0,0.0,1.0,0.0,0.0,5.0
KS,2014-06-03,17.765838509316772,23.7888198757764,29.799382716049383,0.1976152623211446,70.42049889914814,17.0,0.0,6.0,0.0,0.0,0.0,0.0,4.0,0.0,0.0,0.0
KS,2014-06-04,18.94012345679013,25.67808641975309,32.40490797546012,2.3483532934131737,66.07249919019215,8.0,0.0,10.0,0.0,1.0,0.0,0.0,3.0,0.0,0.0,5.0
KS,2014-06-05,17.832515337423313,23.35122699386503,28.85975609756097,19.41361323155216,74.46418485363841,9.0,1.0,59.0,0.0,10.0,0.0,0.0,0.0,0.0,0.0,9.0
KS,2014-06-06,17.096296296296295,22.687962962962963,28.293865030674844,7.64563953488372,76.99462208145056,14.0,4.0,30.0,0.0,1.0,0.0,0.0,2.0,0.0,0.0,6.0
KS,2014-06-07,15.994339622641508,21.627987421383647,27.26163522012579,20.208588957055216,80.03488932144813,15.0,0.0,59.0,0.0,2.0,0.0,0.0,0.0,0.0,0.0,5.0
KS,2014-06-08,14.642138364779871,19.685220125786163,24.72830188679245,1.9552036199095024,78.87973519996905,6.0,0.0,8.0,0.0,0.0,0.0,0.0,2.0,0.0,0.0,0.0
KS,2014-06-09,14.178260869565216,18.4715625,22.79751552795031,12.951452282157677,85.53621401870069,12.0,0.0,19.0,0.0,0.0,0.0,0.0,1.0,0.0,0.0,1.0
KS,2014-06-10,13.33148148148148,16.920987654320985,20.50061349693252,30.839783653846155,79.12059450328324,16.0,0.0,8.0,0.0,0.0,0.0,0.0,2.0,0.0,0.0,1.0
KS,2014-06-11,12.693167701863354,19.504037267080747,26.30679012345679,0.978,67.33684646482133,4.0,0.0,10.0,0.0,1.0,0.0,0.0,1.0,0.0,0.0,0.0
KS,2014-06-12,14.157055214723924,21.553680981595093,28.950306748466254,13.804289215686271,70.8413297289274,6.0,0.0,47.0,0.0,6.0,0.0,0.0,0.0,0.0,0.0,7.0
KS,2014-06-13,11.429447852760736,18.03333333333333,24.63888888888889,0.2859872611464968,62.751374985276094,0.0,0.0,1.0,0.0,0.0,0.0,0.0,0.0,0.0,0.0,0.0
KS,2014-06-14,13.663125,20.7265625,27.79,0.3065573770491803,62.934962002465376,2.0,0.0,8.0,0.0,1.0,0.0,0.0,1.0,0.0,0.0,4.0
KS,2014-06-15,14.5875,22.69,30.7925,17.756,70.77469372672752,6.0,0.0,80.0,0.0,11.0,0.0,0.0,0.0,0.0,0.0,20.0
KS,2014-06-16,16.623170731707315,22.803048780487803,28.98292682926829,0.4451355661881978,69.47530184088033,3.0,0.0,3.0,0.0,0.0,0.0,0.0,0.0,0.0,0.0,1.0
KS,2014-06-17,21.41411042944785,27.201840490797544,32.98957055214724,0.0174326465927099,59.58601421576933,0.0,0.0,0.0,0.0,0.0,0.0,0.0,3.0,0.0,0.0,0.0
KS,2014-06-18,22.44135802469136,28.02469135802469,33.608024691358025,0.0409677419354838,62.17330077993884,0.0,0.0,8.0,0.0,2.0,0.0,0.0,0.0,0.0,0.0,1.0
KS,2014-06-19,20.2760736196319,26.290490797546013,32.33475609756098,0.6668202764976958,67.12134563538535,3.0,0.0,16.0,0.0,4.0,0.0,0.0,0.0,0.0,0.0,1.0
KS,2014-06-20,18.826829268292684,24.93810975609756,31.04939024390244,0.6724569640062598,66.81262409449991,5.0,0.0,6.0,0.0,0.0,0.0,0.0,3.0,0.0,0.0,0.0
KS,2014-06-21,19.405696202531644,26.370569620253164,33.335443037974684,0.505177993527508,60.37231939243949,1.0,0.0,8.0,0.0,1.0,0.0,0.0,1.0,0.0,0.0,0.0
KS,2014-06-22,19.212903225806453,26.021612903225805,32.833333333333336,1.5104,63.38508990659235,7.0,0.0,28.0,0.0,4.0,0.0,0.0,2.0,0.0,0.0,0.0
KS,2014-06-23,17.411320754716982,24.42924528301887,31.4776397515528,17.314698795180725,77.61763538820425,8.0,0.0,56.0,0.0,2.0,0.0,0.0,0.0,0.0,0.0,6.0
KS,2014-06-24,16.656521739130433,22.35248447204969,28.048447204968944,2.376421636615812,73.12770218258194,6.0,0.0,23.0,0.0,1.0,0.0,0.0,0.0,0.0,0.0,0.0
KS,2014-06-25,15.99390243902439,22.38323170731708,28.77256097560976,8.709247027741084,74.51874655504929,8.0,1.0,36.0,0.0,6.0,0.0,0.0,1.0,0.0,0.0,1.0
KS,2014-06-26,17.49074074074074,23.74907407407408,30.02439024390244,4.273457675753228,76.25996539138028,7.0,0.0,24.0,0.0,2.0,0.0,0.0,0.0,0.0,0.0,1.0
KS,2014-06-27,19.43,24.359433962264152,29.286250000000003,4.611781206171107,76.9259302507768,2.0,0.0,36.0,0.0,1.0,0.0,0.0,2.0,0.0,0.0,0.0
KS,2014-06-28,17.651572327044025,23.294654088050315,28.944375,18.13841309823677,77.46850657497804,7.0,0.0,59.0,0.0,3.0,0.0,0.0,3.0,0.0,0.0,0.0
KS,2014-06-29,17.887421383647798,23.280188679245285,28.6675,9.64380165289256,80.8114316342858,12.0,0.0,31.0,0.0,2.0,0.0,0.0,3.0,0.0,0.0,1.0
KS,2014-06-30,20.45217391304348,26.245652173913044,32.04012345679013,2.041640866873065,69.6862744369911,6.0,0.0,20.0,0.0,1.0,0.0,0.0,3.0,0.0,0.0,0.0
KS,2014-07-01,17.726708074534162,25.27701863354037,32.85123456790123,10.259789750328515,64.9689144747378,2.0,0.0,42.0,0.0,0.0,0.0,0.0,5.0,0.0,0.0,2.0
KS,2014-07-02,14.093827160493824,21.223148148148148,28.362576687116565,0.1266561514195583,62.7755018075848,2.0,0.0,0.0,0.0,0.0,0.0,0.0,1.0,0.0,0.0,0.0
KS,2014-07-03,12.071875,18.9396875,25.813043478260862,0.0676100628930817,65.65821776670654,1.0,0.0,0.0,0.0,0.0,0.0,0.0,1.0,0.0,0.0,0.0
KS,2014-07-04,14.120886075949366,21.19905063291139,28.26729559748428,0.0564516129032258,64.41476675123812,2.0,0.0,1.0,0.0,0.0,0.0,0.0,2.0,0.0,0.0,0.0
KS,2014-07-05,18.032278481012657,24.70981012658228,31.38553459119497,0.652373417721519,64.77649995437046,1.0,0.0,7.0,0.0,0.0,0.0,0.0,1.0,0.0,0.0,0.0
KS,2014-07-06,20.467721518987343,27.29113924050633,34.11455696202532,0.4300319488817891,61.820829550398,1.0,0.0,4.0,0.0,0.0,0.0,0.0,3.0,0.0,0.0,0.0
KS,2014-07-07,20.14601226993865,28.0616564417178,35.977300613496936,1.0351766513056837,61.08775849276109,4.0,0.0,17.0,0.0,2.0,0.0,0.0,2.0,0.0,0.0,1.0
KS,2014-07-08,18.78527607361963,26.925460122699388,35.06564417177914,7.266207759699625,61.582518872536525,5.0,0.0,44.0,0.0,4.0,0.0,0.0,1.0,0.0,0.0,6.0
KS,2014-07-09,16.481875,23.1740625,29.86024844720497,0.4139717425431711,59.05173060998256,5.0,0.0,7.0,0.0,0.0,0.0,0.0,1.0,0.0,0.0,0.0
KS,2014-07-10,17.526875,24.28875,31.075155279503107,11.688537549407116,66.52883838890672,2.0,0.0,38.0,0.0,3.0,0.0,0.0,1.0,0.0,0.0,1.0
KS,2014-07-11,18.97,25.2496875,31.529375,0.5925396825396826,62.90196308651218,0.0,0.0,5.0,0.0,0.0,0.0,0.0,0.0,0.0,0.0,0.0
KS,2014-07-12,20.46455696202532,27.68575949367089,34.90696202531646,0.0502446982055464,58.3972898253565,0.0,0.0,3.0,0.0,0.0,0.0,0.0,1.0,0.0,0.0,0.0
KS,2014-07-13,20.42727272727273,27.23409090909091,34.04090909090909,3.6286733238231097,64.0097051200289,3.0,0.0,25.0,0.0,0.0,0.0,0.0,0.0,0.0,0.0,0.0
KS,2014-07-14,18.059627329192548,24.70652173913044,31.35341614906832,0.9542813455657492,69.12039800948985,8.0,1.0,8.0,0.0,0.0,0.0,0.0,1.0,0.0,0.0,0.0
KS,2014-07-15,12.05217391304348,20.272360248447203,28.49254658385093,2.048766328011611,61.05472633710495,2.0,0.0,12.0,0.0,2.0,0.0,0.0,0.0,0.0,0.0,1.0
KS,2014-07-16,12.24506172839506,18.02438271604938,23.803703703703704,2.1410998552822,69.81873873431135,7.0,0.0,8.0,0.0,0.0,0.0,0.0,2.0,0.0,0.0,0.0
KS,2014-07-17,13.767701863354036,17.677950310559005,21.588198757763973,6.438108108108108,81.33311397500222,14.0,0.0,3.0,0.0,0.0,0.0,0.0,1.0,0.0,0.0,0.0
KS,2014-07-18,14.72857142857143,18.374375,22.033540372670807,2.524581005586592,77.77341530142849,14.0,0.0,3.0,0.0,0.0,0.0,0.0,2.0,0.0,0.0,0.0
KS,2014-07-19,14.72452830188679,20.538993710691823,26.35345911949685,0.2578778135048231,74.90382747263668,22.0,1.0,2.0,0.0,0.0,0.0,0.0,1.0,0.0,0.0,0.0
KS,2014-07-20,16.364102564102566,23.231410256410257,30.098717948717947,0.0354679802955665,69.16427501277849,7.0,0.0,0.0,0.0,0.0,0.0,0.0,2.0,0.0,0.0,0.0
KS,2014-07-21,19.23006134969325,26.7787037037037,34.321604938271605,0.0972929936305732,65.36825510493179,4.0,0.0,4.0,0.0,0.0,0.0,0.0,4.0,0.0,0.0,0.0
KS,2014-07-22,20.99753086419753,28.80308641975309,36.60864197530864,1.3380090497737558,63.40397777508846,6.0,0.0,8.0,0.0,0.0,0.0,0.0,6.0,0.0,0.0,0.0
KS,2014-07-23,21.087730061349696,28.63926380368098,36.19079754601227,0.5171383647798742,67.98390901699719,7.0,0.0,11.0,0.0,1.0,0.0,0.0,3.0,0.0,0.0,0.0
KS,2014-07-24,18.549689440993788,25.4615625,32.35403726708075,1.65,64.26209641994134,4.0,0.0,4.0,0.0,0.0,0.0,0.0,1.0,0.0,0.0,0.0
KS,2014-07-25,20.04753086419753,27.291614906832297,34.52777777777778,0.1046623794212218,56.27290713942513,0.0,0.0,3.0,0.0,0.0,0.0,0.0,1.0,0.0,0.0,0.0
KS,2014-07-26,22.63101265822785,30.263291139240508,37.89556962025316,0.5697492163009404,52.69404554004979,0.0,0.0,9.0,0.0,0.0,0.0,0.0,1.0,0.0,0.0,0.0
KS,2014-07-27,21.05741935483871,28.903870967741938,36.75032258064516,2.2496382054992763,60.12695689196826,6.0,0.0,12.0,0.0,0.0,0.0,0.0,2.0,0.0,0.0,1.0
KS,2014-07-28,16.085889570552148,23.752777777777776,31.433333333333334,0.3932496075353218,57.281227234044245,0.0,0.0,4.0,0.0,0.0,0.0,0.0,1.0,0.0,0.0,0.0
KS,2014-07-29,15.67037037037037,22.561490683229813,29.448447204968943,0.1682926829268292,61.90716789703312,2.0,0.0,1.0,0.0,0.0,0.0,0.0,2.0,0.0,0.0,0.0
KS,2014-07-30,16.192592592592593,22.13888888888889,28.085185185185185,8.438957475994513,74.99026464312966,8.0,1.0,6.0,0.0,0.0,0.0,0.0,1.0,0.0,0.0,0.0
KS,2014-07-31,13.672222222222222,19.25864197530864,24.845061728395063,7.213717421124829,68.26520112262739,16.0,2.0,1.0,0.0,0.0,0.0,0.0,4.0,0.0,0.0,0.0
KS,2014-08-01,14.584567901234566,22.229012345679013,29.873456790123456,0.1178515007898894,60.37860800062476,5.0,1.0,0.0,0.0,0.0,0.0,0.0,4.0,0.0,0.0,0.0
KS,2014-08-02,15.868354430379746,23.71075949367089,31.553164556962024,0.1685855263157894,59.752246244801576,7.0,0.0,2.0,0.0,0.0,0.0,0.0,1.0,0.0,0.0,0.0
KS,2014-08-03,16.91375,24.75625,32.59875,1.332488114104596,57.77154832383084,3.0,0.0,10.0,0.0,0.0,0.0,0.0,1.0,0.0,0.0,0.0
KS,2014-08-04,18.27777777777778,25.88456790123457,33.507361963190185,1.2118012422360247,54.90767323098826,0.0,0.0,3.0,0.0,0.0,0.0,0.0,0.0,0.0,0.0,0.0
KS,2014-08-05,19.30245398773006,26.92515337423313,34.55426829268293,0.0386581469648562,54.38541049006192,2.0,0.0,2.0,0.0,0.0,0.0,0.0,1.0,0.0,0.0,0.0
KS,2014-08-06,19.54875,27.190625,34.844099378881985,1.2039877300613495,59.08597281788785,5.0,0.0,17.0,0.0,2.0,0.0,0.0,5.0,0.0,0.0,0.0
KS,2014-08-07,19.39509202453988,26.6180981595092,33.84146341463415,13.643660130718954,69.84476692583532,16.0,1.0,38.0,0.0,1.0,0.0,0.0,3.0,0.0,0.0,1.0
KS,2014-08-08,19.15950920245399,25.18006134969325,31.189634146341465,7.900776196636482,74.27945853939966,12.0,0.0,19.0,0.0,1.0,0.0,0.0,0.0,0.0,0.0,2.0
KS,2014-08-09,18.78757763975156,25.00372670807453,31.21987577639751,2.809465648854962,74.12792191726794,11.0,1.0,22.0,0.0,1.0,0.0,0.0,1.0,0.0,0.0,1.0
KS,2014-08-10,18.18805031446541,25.04591194968553,31.90377358490566,17.905762304921968,74.12500560246231,6.0,0.0,63.0,0.0,4.0,0.0,0.0,0.0,0.0,0.0,1.0
KS,2014-08-11,17.654658385093168,23.664906832298136,29.71172839506173,0.849211356466877,68.26534562540007,5.0,0.0,2.0,0.0,0.0,0.0,0.0,1.0,0.0,0.0,1.0
KS,2014-08-12,14.54223602484472,21.93229813664596,29.32283950617284,0.0136507936507936,59.45322205354572,1.0,0.0,1.0,0.0,0.0,0.0,0.0,1.0,0.0,0.0,0.0
KS,2014-08-13,14.300625,21.9465625,29.591304347826085,0.0,59.28343053693837,3.0,0.0,0.0,0.0,0.0,0.0,0.0,1.0,0.0,0.0,0.0
KS,2014-08-14,15.733333333333334,23.58055555555556,31.422699386503066,0.1004739336492891,59.08065761642878,1.0,0.0,4.0,0.0,0.0,0.0,0.0,0.0,0.0,0.0,0.0
KS,2014-08-15,18.36871165644172,25.56963190184049,32.75731707317073,1.781313868613139,63.38860953763746,3.0,0.0,13.0,0.0,0.0,0.0,0.0,2.0,0.0,0.0,0.0
KS,2014-08-16,19.796875,26.044375,32.291875,2.1269956458635706,66.63006936881767,19.0,0.0,17.0,0.0,1.0,0.0,0.0,2.0,0.0,0.0,0.0
KS,2014-08-17,18.50254777070064,25.987261146496817,33.471974522293,0.9691573926868045,65.745220473554,13.0,3.0,14.0,0.0,0.0,0.0,0.0,3.0,0.0,0.0,0.0
KS,2014-08-18,17.749382716049382,25.96481481481481,34.17484662576687,4.731836734693878,62.91245203204718,4.0,1.0,47.0,0.0,6.0,0.0,0.0,1.0,0.0,0.0,2.0
KS,2014-08-19,18.757142857142856,26.83975155279503,34.90246913580247,2.5055172413793105,57.72833280975797,0.0,0.0,22.0,0.0,1.0,0.0,0.0,1.0,0.0,0.0,3.0
KS,2014-08-20,20.34375,27.9040625,35.458641975308645,0.0247208931419457,58.85543584721573,1.0,0.0,3.0,0.0,0.0,0.0,0.0,1.0,0.0,0.0,0.0
KS,2014-08-21,21.97530864197531,28.88456790123457,35.79263803680981,0.3285271317829457,54.34190014197514,0.0,0.0,10.0,0.0,0.0,0.0,0.0,1.0,0.0,0.0,0.0
KS,2014-08-22,22.695652173913043,29.51273291925466,36.32839506172839,1.7401840490797544,57.76027279993142,2.0,0.0,22.0,0.0,0.0,0.0,0.0,1.0,0.0,0.0,0.0
KS,2014-08-23,21.141875,28.4059375,35.67,4.9392370572207085,54.29666231091921,7.0,0.0,28.0,0.0,1.0,0.0,0.0,0.0,0.0,0.0,1.0
KS,2014-08-24,20.748427672955973,28.51163522012579,36.2748427672956,0.030995106035889,47.18595407162042,0.0,0.0,7.0,0.0,0.0,0.0,0.0,1.0,0.0,0.0,0.0
KS,2014-08-25,20.4820987654321,28.187962962962963,35.89509202453988,1.1863636363636365,54.03871184285556,0.0,0.0,20.0,0.0,2.0,0.0,0.0,1.0,0.0,0.0,0.0
KS,2014-08-26,19.19813664596273,27.213975155279503,35.214814814814815,4.165521978021978,63.00928426011215,1.0,0.0,31.0,0.0,0.0,0.0,0.0,0.0,0.0,0.0,0.0
KS,2014-08-27,19.441875,26.1278125,32.80310559006211,4.418193891102257,69.37465759259639,4.0,0.0,35.0,0.0,1.0,0.0,0.0,2.0,0.0,0.0,0.0
KS,2014-08-28,20.12201257861636,25.56949685534592,30.99,7.146461949265687,68.18065873359687,6.0,0.0,25.0,0.0,0.0,0.0,0.0,4.0,0.0,0.0,0.0
KS,2014-08-29,18.152830188679246,24.4496855345912,30.72670807453416,5.246143790849674,67.1092107792179,3.0,0.0,24.0,0.0,0.0,0.0,0.0,1.0,0.0,0.0,0.0
KS,2014-08-30,17.00127388535032,24.00828025477707,31.01528662420382,1.2993569131832796,62.44645296488596,8.0,1.0,5.0,0.0,0.0,0.0,0.0,2.0,0.0,0.0,0.0
KS,2014-08-31,17.70064935064935,25.643181818181816,33.575641025641026,1.7425897035881437,57.85359507033829,4.0,0.0,25.0,0.0,1.0,0.0,0.0,0.0,0.0,0.0,1.0
KS,2014-09-01,16.387179487179488,25.075320512820515,33.792356687898085,27.224937027707806,71.03562214471073,7.0,0.0,62.0,0.0,4.0,0.0,0.0,0.0,0.0,0.0,5.0
KS,2014-09-02,16.501886792452833,22.31930379746836,28.1496855345912,7.834593023255814,78.24527874044246,16.0,5.0,26.0,0.0,3.0,0.0,0.0,2.0,0.0,0.0,0.0
KS,2014-09-03,18.062345679012346,24.35987654320988,30.660122699386505,5.55886524822695,70.14529064753177,17.0,0.0,25.0,0.0,0.0,0.0,0.0,0.0,0.0,0.0,0.0
KS,2014-09-04,20.52777777777778,27.56265432098765,34.59753086419753,1.089969135802469,55.63046565173766,1.0,0.0,5.0,0.0,0.0,0.0,0.0,1.0,0.0,0.0,0.0
KS,2014-09-05,16.93395061728395,24.60216049382716,32.27037037037037,2.813176144244105,68.69969074331594,11.0,0.0,24.0,0.0,1.0,0.0,0.0,0.0,0.0,0.0,0.0
KS,2014-09-06,11.832911392405062,16.948407643312102,22.04240506329113,6.976824583866837,73.44723896799297,6.0,0.0,9.0,0.0,0.0,0.0,0.0,2.0,0.0,0.0,0.0
KS,2014-09-07,10.170440251572328,17.177672955974842,24.18490566037736,0.1396468699839486,65.27157094756497,6.0,1.0,0.0,0.0,0.0,0.0,0.0,1.0,0.0,0.0,0.0
KS,2014-09-08,11.990062111801242,19.74937888198757,27.506790123456792,0.008626198083067,67.47209232745703,4.0,0.0,1.0,0.0,0.0,0.0,0.0,1.0,0.0,0.0,0.0
KS,2014-09-09,16.69748427672956,24.535220125786164,32.375625,0.4101910828025478,64.6349085139091,9.0,0.0,15.0,0.0,0.0,0.0,0.0,3.0,0.0,0.0,0.0
KS,2014-09-10,17.801863354037266,25.14596273291925,32.49006211180124,9.23428217821782,72.92106228917221,10.0,0.0,38.0,0.0,0.0,0.0,0.0,5.0,0.0,0.0,1.0
KS,2014-09-11,11.488125,16.675,21.8639751552795,0.3298904538341158,80.63476362015034,26.0,0.0,3.0,0.0,0.0,0.0,0.0,0.0,0.0,0.0,0.0
KS,2014-09-12,7.57888198757764,11.4527950310559,15.32670807453416,3.766839378238342,81.63222462275343,17.0,0.0,5.0,0.0,0.0,0.0,0.0,1.0,0.0,0.0,0.0
KS,2014-09-13,2.876282051282052,7.917628205128206,12.95897435897436,0.533175355450237,69.99144331090497,24.0,6.0,0.0,0.0,0.0,0.0,0.0,0.0,0.0,0.0,0.0
KS,2014-09-14,4.734394904458599,12.394267515923568,20.054140127388536,0.0115321252059308,69.81361970392909,5.0,1.0,1.0,0.0,0.0,0.0,0.0,0.0,0.0,0.0,0.0
KS,2014-09-15,9.968553459119496,17.70880503144654,25.449056603773585,0.0710862619808306,76.65908819893073,13.0,0.0,1.0,0.0,0.0,0.0,0.0,4.0,0.0,0.0,0.0
KS,2014-09-16,10.081645569620251,16.90791139240506,23.73417721518988,0.0809825673534073,72.83927009489935,11.0,1.0,2.0,0.0,1.0,0.0,0.0,1.0,0.0,0.0,1.0
KS,2014-09-17,11.64076433121019,19.2343949044586,26.828025477707005,1.093188854489164,72.91430342566417,34.0,7.0,10.0,0.0,0.0,0.0,0.0,8.0,0.0,0.0,0.0
KS,2014-09-18,15.5687898089172,22.74235668789809,29.91592356687898,4.275187969924812,76.08006812989515,32.0,3.0,21.0,0.0,1.0,0.0,0.0,5.0,0.0,0.0,0.0
KS,2014-09-19,15.905031446540882,21.97735849056604,28.04968553459119,1.1892628205128206,75.40972585087641,21.0,4.0,8.0,0.0,0.0,0.0,0.0,4.0,0.0,0.0,0.0
KS,2014-09-20,16.57032258064516,23.42225806451613,30.274193548387096,0.1821487603305785,71.78928030414903,20.0,2.0,8.0,0.0,0.0,0.0,0.0,7.0,0.0,0.0,0.0
KS,2014-09-21,13.87628205128205,21.99070512820513,30.105128205128203,2.5975720789074352,57.83580322102042,4.0,1.0,13.0,0.0,0.0,0.0,0.0,0.0,0.0,0.0,0.0
KS,2014-09-22,9.3925,17.712812500000002,26.033125,0.1666666666666666,58.184242008615406,3.0,0.0,2.0,0.0,0.0,0.0,0.0,2.0,0.0,0.0,0.0
KS,2014-09-23,10.805732484076431,18.167834394904457,25.52658227848101,7.125601131541726,64.00979502672001,6.0,0.0,26.0,0.0,0.0,0.0,0.0,0.0,0.0,0.0,0.0
KS,2014-09-24,13.601863354037269,19.972981366459628,26.3358024691358,7.578791773778921,69.14951309232539,7.0,0.0,41.0,0.0,1.0,0.0,0.0,2.0,0.0,0.0,0.0
KS,2014-09-25,13.729113924050631,20.57879746835443,27.372670807453417,1.3458015267175572,63.1662749512725,9.0,0.0,9.0,0.0,2.0,0.0,0.0,1.0,0.0,0.0,0.0
KS,2014-09-26,13.5484076433121,21.427707006369427,29.26202531645569,0.1363047001620745,62.63102558911277,3.0,0.0,1.0,0.0,0.0,0.0,0.0,2.0,0.0,0.0,0.0
KS,2014-09-27,13.340384615384616,20.997115384615388,28.6515923566879,0.0054635761589403,62.87203024213781,7.0,1.0,0.0,0.0,0.0,0.0,0.0,1.0,0.0,0.0,0.0
KS,2014-09-28,13.622875816993464,21.045751633986928,28.4422077922078,0.0070491803278688,63.55612315643586,12.0,2.0,1.0,0.0,0.0,0.0,0.0,3.0,0.0,0.0,0.0
KS,2014-09-29,13.354777070063694,21.149044585987266,28.95974842767296,0.0707236842105263,64.34753851656808,17.0,2.0,6.0,0.0,0.0,0.0,0.0,4.0,0.0,0.0,0.0
KS,2014-09-30,13.69240506329114,21.34715189873417,29.001898734177217,2.5276056338028168,66.02241348164841,9.0,0.0,22.0,0.0,0.0,0.0,0.0,3.0,0.0,0.0,1.0
KS,2014-10-01,14.513291139240506,21.079113924050635,27.64493670886076,9.018351063829789,68.89678209483253,24.0,2.0,28.0,0.0,2.0,0.0,0.0,5.0,0.0,0.0,0.0
KS,2014-10-02,13.511875,20.1203125,26.72875,6.2,77.42278872410043,20.0,0.0,42.0,0.0,5.0,0.0,0.0,5.0,0.0,0.0,0.0
KS,2014-10-03,6.789171974522294,13.181847133757962,19.57452229299363,5.115994436717664,62.76216884472092,7.0,0.0,14.0,0.0,2.0,0.0,0.0,3.0,0.0,0.0,1.0
KS,2014-10-04,2.1416666666666666,9.387820512820513,16.63397435897436,0.3879120879120879,52.01618697702824,0.0,0.0,1.0,0.0,0.0,0.0,0.0,3.0,0.0,0.0,0.0
KS,2014-10-05,3.6012903225806454,12.69,21.77870967741936,0.0410130718954248,51.645642843856166,2.0,1.0,6.0,0.0,1.0,0.0,0.0,5.0,0.0,0.0,0.0
KS,2014-10-06,8.046540880503144,16.80880503144654,25.571069182389937,0.5165932452276065,58.80890679190431,3.0,1.0,7.0,0.0,1.0,0.0,0.0,5.0,0.0,0.0,0.0
KS,2014-10-07,9.821604938271603,18.28703703703704,26.752469135802468,0.0910798122065727,52.316948682315655,3.0,0.0,0.0,0.0,0.0,0.0,0.0,10.0,0.0,0.0,0.0
KS,2014-10-08,10.12962962962963,18.842901234567904,27.55617283950617,0.1027243589743589,60.828371533938736,2.0,1.0,2.0,0.0,0.0,0.0,0.0,2.0,0.0,0.0,0.0
KS,2014-10-09,11.796913580246914,18.08395061728395,24.370987654320988,2.654601226993865,77.98722602937727,18.0,0.0,17.0,0.0,0.0,0.0,0.0,0.0,0.0,0.0,0.0
KS,2014-10-10,9.369135802469136,13.908950617283953,18.448765432098764,24.749116607773853,88.73530195468709,16.0,0.0,32.0,0.0,0.0,0.0,0.0,0.0,0.0,0.0,0.0
KS,2014-10-11,4.436538461538461,8.591025641025642,12.74551282051282,6.926718547341116,71.48657398025577,7.0,0.0,1.0,0.0,0.0,0.0,0.0,1.0,0.0,0.0,0.0
KS,2014-10-12,4.792857142857143,10.943181818181818,17.093506493506496,0.836744966442953,77.60092671451916,14.0,0.0,4.0,0.0,0.0,0.0,0.0,0.0,0.0,0.0,0.0
KS,2014-10-13,7.974193548387097,12.59032258064516,17.238461538461536,11.037354085603113,79.45801166246628,12.0,0.0,16.0,0.0,2.0,0.0,0.0,1.0,0.0,0.0,0.0
KS,2014-10-14,6.515094339622642,11.822955974842769,17.130817610062895,7.367718794835008,54.60120505798895,1.0,0.0,1.0,0.0,0.0,0.0,0.0,1.0,0.0,0.0,0.0
KS,2014-10-15,3.343478260869565,12.154968944099378,20.9664596273292,0.0115569823434991,56.89178291734044,1.0,0.0,0.0,0.0,0.0,0.0,0.0,4.0,0.0,0.0,0.0
KS,2014-10-16,4.574842767295597,14.498113207547169,24.42138364779874,0.05008,58.01582983763625,3.0,0.0,0.0,0.0,0.0,0.0,0.0,3.0,0.0,0.0,0.0
KS,2014-10-17,6.5200000000000005,15.941875,25.36375,0.0166934189406099,61.51438849444802,1.0,0.0,0.0,0.0,0.0,0.0,0.0,3.0,0.0,0.0,0.0
KS,2014-10-18,4.632258064516129,12.386774193548389,20.141290322580645,0.0,68.4255075572099,3.0,0.0,0.0,0.0,0.0,0.0,0.0,4.0,0.0,0.0,0.0
KS,2014-10-19,4.658974358974358,11.881410256410255,19.10384615384616,0.007563025210084,71.38772767917277,7.0,2.0,0.0,0.0,0.0,0.0,0.0,0.0,0.0,0.0,0.0
KS,2014-10-20,6.458385093167702,14.873291925465836,23.288198757763976,0.0425566343042071,67.06473731965326,21.0,5.0,0.0,0.0,0.0,0.0,0.0,4.0,0.0,0.0,0.0
KS,2014-10-21,6.46875,15.915,25.36125,0.0021069692058346,67.91780990815036,25.0,5.0,0.0,0.0,0.0,0.0,0.0,4.0,0.0,0.0,0.0
KS,2014-10-22,8.371875,17.033333333333335,25.67735849056604,0.0768233387358184,68.05786867687337,13.0,0.0,2.0,0.0,0.0,0.0,0.0,3.0,0.0,0.0,0.0
KS,2014-10-23,11.56602564102564,17.924038461538462,24.293630573248407,5.237921727395412,80.86783318780975,45.0,2.0,5.0,0.0,0.0,0.0,0.0,5.0,0.0,0.0,0.0
KS,2014-10-24,11.431875,17.5634375,23.695,0.3197452229299363,75.32384547572474,44.0,6.0,0.0,0.0,0.0,0.0,0.0,4.0,0.0,0.0,0.0
KS,2014-10-25,9.84516129032258,19.29870967741936,28.75225806451613,0.0178631051752921,66.68087784589422,34.0,9.0,0.0,0.0,0.0,0.0,0.0,5.0,0.0,0.0,0.0
KS,2014-10-26,10.684516129032255,20.45806451612903,30.231612903225805,0.0009950248756218,58.6084716073691,10.0,0.0,0.0,0.0,0.0,0.0,0.0,1.0,0.0,0.0,0.0
KS,2014-10-27,11.852830188679246,20.244654088050314,28.636477987421383,0.0050819672131147,54.838633358714326,1.0,0.0,2.0,0.0,0.0,0.0,0.0,0.0,0.0,0.0,0.0
KS,2014-10-28,4.036875,12.643987341772153,21.30189873417721,0.0528830313014827,53.131118701990914,0.0,0.0,0.0,0.0,0.0,0.0,0.0,4.0,0.0,0.0,0.0
KS,2014-10-29,0.920754716981132,9.979245283018868,19.0377358490566,0.0399345335515548,55.44858692096207,2.0,0.0,0.0,0.0,0.0,0.0,0.0,1.0,0.0,0.0,0.0
KS,2014-10-30,2.013125,11.399375,20.785625,0.0034710743801652,48.3630018686259,0.0,0.0,2.0,0.0,0.0,0.0,0.0,2.0,0.0,0.0,0.0
KS,2014-10-31,0.7044303797468355,9.606645569620252,18.508860759493672,0.024,55.73250205367999,3.0,0.0,0.0,0.0,0.0,0.0,0.0,1.0,0.0,0.0,0.0
KS,2014-11-01,-2.9516129032258065,3.665483870967742,10.294871794871796,0.0,50.25915996905168,0.0,0.0,0.0,0.0,0.0,0.0,0.0,0.0,0.0,0.0,0.0
KS,2014-11-02,0.1862745098039215,7.686601307189542,15.186928104575165,0.0025380710659898,46.95381783107583,1.0,0.0,0.0,0.0,0.0,0.0,0.0,0.0,0.0,0.0,0.0
KS,2014-11-03,6.563522012578615,12.982704402515724,19.40188679245283,0.4303317535545023,64.65599065536941,6.0,0.0,1.0,0.0,0.0,0.0,0.0,0.0,0.0,0.0,0.0
KS,2014-11-04,3.613291139240506,10.861075949367088,18.10886075949367,3.3889217134416545,70.70864769384804,1.0,0.0,1.0,0.0,0.0,0.0,0.0,1.0,0.0,0.0,0.0
KS,2014-11-05,1.00062893081761,8.133018867924529,15.265408805031443,0.0554276315789473,59.60523840714538,2.0,0.0,0.0,0.0,0.0,0.0,0.0,2.0,0.0,0.0,0.0
KS,2014-11-06,1.3238993710691824,10.255974842767296,19.18805031446541,0.0004975124378109,51.49208480011122,1.0,0.0,0.0,0.0,0.0,0.0,0.0,3.0,0.0,0.0,0.0
KS,2014-11-07,1.0099378881987575,8.859627329192547,16.709316770186334,0.0,52.777282825135806,0.0,0.0,0.0,0.0,0.0,0.0,0.0,1.0,0.0,0.0,0.0
KS,2014-11-08,2.6154838709677417,11.326774193548388,20.08782051282051,0.0,53.7163340398288,1.0,0.0,0.0,0.0,0.0,0.0,0.0,1.0,0.0,0.0,0.0
KS,2014-11-09,1.5780645161290323,8.935161290322581,16.29225806451613,0.0,55.79362549339511,0.0,0.0,0.0,0.0,0.0,0.0,0.0,0.0,0.0,0.0,0.0
KS,2014-11-10,2.3981481481481484,11.886728395061729,21.37530864197531,0.0119601328903654,57.06024110126671,3.0,0.0,0.0,0.0,0.0,0.0,0.0,3.0,0.0,0.0,0.0
KS,2014-11-11,-7.0130718954248366,4.875490196078432,16.7640522875817,0.066068515497553,59.40446977418844,2.0,0.0,0.0,0.0,0.0,0.0,0.0,0.0,0.0,0.0,1.0
KS,2014-11-12,-9.768553459119495,-5.187735849056604,-0.6069182389937107,0.0027027027027027,54.2764193413222,1.0,0.0,0.0,0.0,0.0,0.0,0.0,1.0,0.0,0.0,0.0
KS,2014-11-13,-12.329192546583853,-8.08136645962733,-3.833540372670808,0.0131092436974789,54.28217404333056,1.0,0.0,0.0,0.0,0.0,0.0,0.0,3.0,0.0,0.0,0.0
KS,2014-11-14,-12.20503144654088,-6.5874213836478,-0.9888198757763974,0.0,56.29321376753128,1.0,0.0,0.0,0.0,0.0,0.0,0.0,1.0,0.0,0.0,0.0
KS,2014-11-15,-8.200645161290321,-3.315161290322581,1.5703225806451613,0.1529610829103215,59.28784659594084,6.0,2.0,0.0,0.0,0.0,0.0,0.0,4.0,0.0,0.0,0.0
KS,2014-11-16,-10.01948051948052,-4.4620129870129865,1.0954545454545457,1.0815359477124182,65.16094177726755,11.0,2.0,0.0,2.0,0.0,0.0,0.0,4.0,0.0,0.0,0.0
KS,2014-11-17,-12.011875,-6.488124999999999,-0.964375,0.5350515463917526,60.08800606559297,0.0,0.0,0.0,0.0,0.0,1.0,0.0,0.0,0.0,0.0,0.0
KS,2014-11-18,-14.021739130434783,-6.606875,0.8225,0.0,59.49907594926086,1.0,0.0,0.0,0.0,0.0,0.0,0.0,1.0,0.0,0.0,0.0
KS,2014-11-19,-11.16875,-1.4759375,8.216875,0.0081771720613287,55.30048763482935,1.0,0.0,0.0,0.0,0.0,0.0,0.0,1.0,0.0,0.0,0.0
KS,2014-11-20,-7.766875000000001,0.2496874999999999,8.26625,0.0,61.74392351505711,2.0,0.0,0.0,0.0,0.0,0.0,0.0,2.0,0.0,0.0,0.0
KS,2014-11-21,-6.7421383647798745,0.9553459119496855,8.652830188679244,0.0349829351535836,74.25669504055057,26.0,5.0,0.0,0.0,0.0,0.0,0.0,10.0,0.0,0.0,0.0
KS,2014-11-22,-2.0896103896103897,4.539285714285714,11.168181818181818,0.6108474576271186,84.15020632703575,52.0,7.0,0.0,0.0,0.0,1.0,0.0,1.0,0.0,0.0,0.0
KS,2014-11-23,3.056862745098039,9.533660130718957,16.01045751633987,0.337870855148342,81.37955928742203,25.0,0.0,0.0,0.0,0.0,0.0,0.0,3.0,0.0,0.0,0.0
KS,2014-11-24,-1.6043209876543207,4.925,11.45432098765432,1.586088379705401,53.847578533933934,3.0,0.0,0.0,0.0,0.0,0.0,0.0,0.0,0.0,0.0,0.0
KS,2014-11-25,-6.280124223602485,1.4728125,9.261875,0.0268707482993197,54.19866424857261,0.0,0.0,0.0,0.0,0.0,0.0,0.0,0.0,0.0,0.0,0.0
KS,2014-11-26,-5.401863354037268,1.8916149068322985,9.185093167701863,0.1169779286926995,57.47967260877678,3.0,0.0,0.0,0.0,0.0,0.0,0.0,1.0,0.0,0.0,0.0
KS,2014-11-27,-6.909933774834438,0.2943708609271523,7.498675496688741,0.0008960573476702,62.46363783494113,2.0,0.0,0.0,0.0,0.0,0.0,0.0,2.0,0.0,0.0,0.0
KS,2014-11-28,-4.771895424836601,3.42124183006536,11.61437908496732,0.0035587188612099,51.374408249648766,0.0,0.0,0.0,0.0,0.0,0.0,0.0,0.0,0.0,0.0,0.0
KS,2014-11-29,0.5311688311688312,10.633766233766233,20.73636363636364,0.0,50.952613831593176,6.0,0.0,0.0,0.0,0.0,0.0,0.0,2.0,0.0,0.0,0.0
KS,2014-11-30,-3.312987012987013,8.09155844155844,19.496103896103897,0.0,57.97643854077618,9.0,0.0,0.0,0.0,0.0,0.0,0.0,7.0,0.0,0.0,0.0
KS,2014-12-01,-9.81125,-4.4653125000000005,0.880625,0.023,45.07177707612815,0.0,0.0,0.0,0.0,0.0,0.0,0.0,1.0,0.0,0.0,0.0
KS,2014-12-02,-10.065217391304348,-4.7437888198757765,0.577639751552795,0.0,44.42610015889906,0.0,0.0,0.0,0.0,0.0,0.0,0.0,0.0,0.0,0.0,0.0
KS,2014-12-03,-7.460377358490566,0.3009433962264151,8.062264150943397,0.0008488964346349,52.45502487520079,0.0,0.0,0.0,0.0,0.0,0.0,0.0,1.0,0.0,0.0,0.0
KS,2014-12-04,-2.559493670886076,2.17246835443038,6.904430379746836,0.346,64.68079846339042,16.0,2.0,0.0,0.0,0.0,0.0,0.0,6.0,0.0,0.0,0.0
KS,2014-12-05,0.5118012422360247,5.192857142857142,9.87391304347826,11.5159477124183,85.8794585707073,35.0,5.0,0.0,0.0,0.0,0.0,0.0,0.0,0.0,0.0,0.0
KS,2014-12-06,-0.4464516129032258,5.531290322580645,11.509032258064517,2.04384,84.18639091081954,38.0,2.0,0.0,0.0,0.0,0.0,0.0,3.0,0.0,0.0,0.0
KS,2014-12-07,-0.4642857142857143,3.0905844155844155,6.6454545454545455,0.0700840336134453,87.8786101829764,60.0,7.0,0.0,0.0,0.0,0.0,0.0,0.0,0.0,0.0,0.0
KS,2014-12-08,-0.3757763975155279,5.373291925465838,11.122360248447205,0.2972312703583062,71.74903765570731,41.0,3.0,0.0,0.0,0.0,0.0,0.0,0.0,0.0,0.0,0.0
KS,2014-12-09,-4.114375,4.028125,12.170625,0.0045531197301854,72.42449443571827,14.0,0.0,0.0,0.0,0.0,0.0,0.0,4.0,0.0,0.0,0.0
KS,2014-12-10,-4.567080745341615,0.8835403726708074,6.334161490683229,0.0148580968280467,81.62267450261257,39.0,2.0,0.0,0.0,0.0,4.0,0.0,4.0,0.0,0.0,0.0
KS,2014-12-11,-1.2474683544303795,2.5848101265822785,6.484905660377358,0.1280327868852459,86.03522102650678,62.0,3.0,0.0,0.0,0.0,2.0,0.0,0.0,0.0,0.0,0.0
KS,2014-12-12,1.80125,5.278125,8.793788819875775,0.039057239057239,89.31918214630493,73.0,6.0,0.0,0.0,0.0,0.0,0.0,9.0,0.0,0.0,0.0
KS,2014-12-13,6.02012987012987,9.121103896103897,12.193548387096774,0.0567340067340067,91.79039628959352,70.0,5.0,0.0,0.0,0.0,0.0,0.0,2.0,0.0,0.0,0.0
KS,2014-12-14,8.073856209150327,11.237254901960783,14.400653594771242,1.137331081081081,88.15889421200788,45.0,0.0,14.0,0.0,0.0,0.0,0.0,3.0,0.0,0.0,0.0
KS,2014-12-15,2.83375,8.120000000000001,13.40625,11.95448634590377,82.4183474910105,22.0,0.0,25.0,1.0,4.0,0.0,0.0,0.0,0.0,0.0,0.0
KS,2014-12-16,-3.971428571428571,0.7164596273291925,5.404347826086957,0.6365289256198347,70.63507794585705,7.0,0.0,1.0,1.0,2.0,1.0,0.0,0.0,0.0,0.0,0.0
KS,2014-12-17,-5.1835443037974684,-1.5515822784810127,2.09874213836478,0.156719022687609,79.64562178837163,22.0,3.0,0.0,2.0,0.0,3.0,0.0,4.0,0.0,0.0,0.0
KS,2014-12-18,-3.888050314465409,-1.880503144654088,0.1270440251572327,4.834855403348554,90.18305342782458,47.0,7.0,0.0,10.0,0.0,7.0,0.0,4.0,0.0,0.0,0.0
KS,2014-12-19,-2.621383647798742,-0.4707547169811321,1.6798742138364782,0.058103448275862,87.93410375603797,35.0,3.0,0.0,0.0,0.0,0.0,0.0,3.0,0.0,0.0,0.0
KS,2014-12-20,-2.4714285714285715,1.5863636363636362,5.644155844155844,0.0087971274685816,83.62852492167958,29.0,2.0,0.0,0.0,0.0,0.0,0.0,5.0,0.0,0.0,0.0
KS,2014-12-21,-1.1493421052631578,3.876973684210526,8.903289473684211,0.0595978062157221,87.17229845676734,47.0,2.0,0.0,0.0,0.0,0.0,0.0,5.0,0.0,0.0,0.0
KS,2014-12-22,1.6662499999999998,4.9346875,8.203125,0.8996742671009772,80.73906084394804,28.0,1.0,0.0,0.0,0.0,0.0,0.0,0.0,0.0,0.0,0.0
KS,2014-12-23,-0.516875,4.1875,8.891875,0.7219554030874785,76.55628866294478,15.0,0.0,0.0,0.0,0.0,0.0,0.0,1.0,0.0,0.0,1.0
KS,2014-12-24,-2.7850649350649355,0.4123376623376623,3.60974025974026,0.8432885906040268,76.82491105360936,10.0,0.0,0.0,0.0,0.0,2.0,0.0,0.0,0.0,0.0,0.0
KS,2014-12-25,-3.056,2.177,7.41,0.0221388367729831,60.13092384089239,0.0,0.0,0.0,0.0,0.0,0.0,0.0,0.0,0.0,0.0,0.0
KS,2014-12-26,-1.826,4.761,11.348,0.0590225563909774,70.71715457666903,15.0,1.0,0.0,0.0,0.0,3.0,0.0,6.0,0.0,0.0,0.0
KS,2014-12-27,-7.322147651006712,-2.295302013422819,2.7315436241610738,0.3610810810810811,75.99523076542701,7.0,0.0,0.0,1.0,0.0,2.0,0.0,0.0,0.0,0.0,0.0
KS,2014-12-28,-10.599328859060403,-4.5258389261744965,1.547651006711409,0.0220754716981132,71.63904366295347,2.0,0.0,0.0,0.0,0.0,0.0,0.0,0.0,0.0,0.0,0.0
KS,2014-12-29,-9.905031446540882,-2.780696202531645,4.35,0.0517495395948434,73.64802306862913,11.0,1.0,0.0,0.0,0.0,0.0,0.0,5.0,0.0,0.0,0.0
KS,2014-12-30,-13.329299363057324,-6.847452229299363,-0.3656050955414013,1.0496598639455783,71.78152717177834,6.0,0.0,0.0,0.0,0.0,0.0,0.0,6.0,1.0,0.0,0.0
KS,2014-12-31,-17.141025641025642,-13.220967741935484,-9.33741935483871,0.4113879003558718,65.49095112489637,2.0,0.0,0.0,0.0,0.0,0.0,0.0,1.0,0.0,0.0,0.0
