STATE,DATE,TAVG,PRCP,RH,TMIN,TMAX,WT01,WT02,WT03,WT04,WT05,WT06,WT07,WT08,WT09,WT11,WT13,WT14,WT15,WT16,WT17,WT18,WT19,WT21,WT22
SD,2010-01-01,-17.60065359477124,0.2444444444444444,81.1161834882698,-22.377124183006536,-12.824183006535948,6.0,0.0,0.0,0.0,0.0,0.0,1.0,7.0,0.0,0.0,2.0,0.0,0.0,2.0,0.0,3.0,0.0,0.0,0.0
SD,2010-01-02,-18.92533333333333,0.212890625,81.13867753837526,-24.739735099337747,-13.172,7.0,0.0,0.0,0.0,0.0,0.0,2.0,9.0,0.0,0.0,4.0,0.0,0.0,2.0,0.0,3.0,0.0,0.0,0.0
SD,2010-01-03,-15.040584415584416,0.3242307692307692,78.12764038336793,-19.385064935064936,-10.696103896103896,9.0,0.0,0.0,0.0,0.0,1.0,0.0,4.0,0.0,0.0,2.0,0.0,0.0,2.0,0.0,3.0,0.0,0.0,1.0
SD,2010-01-04,-13.14967741935484,0.1626865671641791,81.76437921433072,-16.703870967741935,-9.595483870967742,17.0,2.0,0.0,0.0,0.0,0.0,2.0,8.0,0.0,0.0,4.0,0.0,0.0,3.0,0.0,4.0,0.0,0.0,1.0
SD,2010-01-05,-12.752564102564104,0.1614232209737827,82.26202365708242,-16.581410256410255,-8.923717948717949,29.0,4.0,0.0,0.0,0.0,0.0,4.0,8.0,2.0,0.0,3.0,0.0,0.0,3.0,0.0,5.0,1.0,0.0,3.0
SD,2010-01-06,-14.333333333333334,3.57752808988764,82.04332359406504,-18.44551282051282,-10.221153846153848,15.0,10.0,0.0,0.0,0.0,0.0,0.0,9.0,5.0,3.0,3.0,0.0,0.0,5.0,0.0,6.0,0.0,0.0,3.0
SD,2010-01-07,-20.009415584415585,2.4104089219330853,78.87871221170667,-24.99805194805195,-15.02077922077922,7.0,0.0,0.0,0.0,0.0,0.0,4.0,11.0,4.0,0.0,3.0,0.0,0.0,2.0,0.0,2.0,1.0,0.0,0.0
SD,2010-01-08,-23.104901960784314,0.1078651685393258,75.96560722949027,-28.95294117647059,-17.25686274509804,6.0,0.0,0.0,0.0,0.0,0.0,3.0,5.0,0.0,0.0,3.0,0.0,0.0,0.0,0.0,0.0,0.0,0.0,0.0
SD,2010-01-09,-19.0225165562914,0.033955223880597,73.38566837977235,-26.610596026490065,-11.434437086092714,3.0,1.0,0.0,0.0,0.0,0.0,2.0,5.0,0.0,0.0,2.0,0.0,0.0,0.0,0.0,0.0,0.0,0.0,0.0
SD,2010-01-10,-8.588888888888889,0.0399239543726235,70.78074231246478,-17.226797385620912,0.0490196078431372,3.0,0.0,0.0,0.0,0.0,0.0,0.0,0.0,0.0,0.0,1.0,0.0,0.0,0.0,0.0,0.0,0.0,0.0,0.0
SD,2010-01-11,-4.329411764705882,0.0,82.36825670245129,-10.03921568627451,1.380392156862745,22.0,3.0,0.0,0.0,0.0,0.0,1.0,1.0,2.0,0.0,5.0,0.0,0.0,0.0,0.0,0.0,0.0,0.0,3.0
SD,2010-01-12,-4.053870967741935,0.0119850187265917,79.29552241463526,-10.165806451612903,2.0580645161290323,17.0,1.0,0.0,0.0,0.0,0.0,0.0,3.0,0.0,0.0,5.0,0.0,0.0,1.0,0.0,1.0,0.0,0.0,1.0
SD,2010-01-13,-1.9204545454545447,0.0055762081784386,77.89453787181867,-8.182467532467532,4.352903225806452,17.0,3.0,0.0,0.0,0.0,0.0,1.0,2.0,3.0,0.0,5.0,0.0,0.0,0.0,0.0,0.0,0.0,1.0,3.0
SD,2010-01-14,-1.8364516129032256,0.0710037174721189,84.81623380150835,-7.483870967741935,3.810967741935485,19.0,5.0,0.0,0.0,0.0,0.0,0.0,2.0,3.0,0.0,5.0,0.0,0.0,0.0,0.0,1.0,0.0,0.0,4.0
SD,2010-01-15,-2.2312903225806453,0.0,85.64235385295876,-7.590322580645161,3.127741935483871,20.0,3.0,0.0,0.0,0.0,0.0,2.0,4.0,0.0,0.0,5.0,0.0,0.0,0.0,0.0,1.0,0.0,0.0,3.0
SD,2010-01-16,-0.1370129870129869,0.0172932330827067,77.2217772302448,-5.739610389610389,5.465584415584416,12.0,2.0,0.0,0.0,0.0,0.0,0.0,1.0,2.0,0.0,4.0,0.0,0.0,0.0,0.0,0.0,0.0,0.0,2.0
SD,2010-01-17,-1.0499999999999998,0.0,83.54250956860382,-6.837662337662338,4.7376623376623375,17.0,7.0,0.0,0.0,0.0,0.0,0.0,1.0,4.0,0.0,5.0,0.0,0.0,0.0,0.0,0.0,0.0,0.0,4.0
SD,2010-01-18,-3.648376623376624,0.0,88.35951147184764,-9.233766233766234,1.937012987012987,45.0,8.0,0.0,0.0,0.0,0.0,0.0,2.0,4.0,0.0,6.0,0.0,0.0,1.0,0.0,2.0,0.0,0.0,5.0
SD,2010-01-19,-3.926129032258064,0.0294776119402985,88.7141380522241,-8.018709677419356,0.1664516129032258,47.0,5.0,0.0,1.0,0.0,0.0,0.0,0.0,1.0,0.0,5.0,0.0,0.0,0.0,0.0,1.0,0.0,0.0,4.0
SD,2010-01-20,-2.865806451612903,0.804669260700389,89.4775389384867,-6.023870967741936,0.292258064516129,43.0,3.0,0.0,10.0,3.0,7.0,0.0,2.0,0.0,0.0,3.0,1.0,0.0,5.0,2.0,4.0,2.0,0.0,2.0
SD,2010-01-21,-1.9953947368421048,1.0057471264367817,92.19847587506447,-4.748684210526316,0.7202614379084967,48.0,3.0,0.0,3.0,1.0,9.0,0.0,1.0,1.0,0.0,5.0,1.0,1.0,2.0,1.0,1.0,1.0,0.0,3.0
SD,2010-01-22,-1.0253333333333334,0.8234374999999999,93.62415042218603,-3.28,1.1914473684210527,46.0,3.0,0.0,11.0,5.0,6.0,0.0,0.0,1.0,0.0,2.0,2.0,1.0,6.0,3.0,3.0,4.0,0.0,0.0
SD,2010-01-23,-1.62,3.9968992248062016,91.45919706690344,-4.22,0.9695364238410596,38.0,6.0,0.0,3.0,2.0,2.0,0.0,0.0,2.0,0.0,3.0,0.0,0.0,4.0,0.0,5.0,1.0,0.0,0.0
SD,2010-01-24,-4.472297297297297,1.0302788844621515,82.15499630016507,-7.454054054054055,-1.4953020134228188,16.0,3.0,0.0,1.0,0.0,0.0,1.0,6.0,3.0,1.0,3.0,0.0,0.0,5.0,0.0,6.0,3.0,0.0,2.0
SD,2010-01-25,-8.115562913907285,1.0129032258064516,81.27706319881035,-11.376158940397351,-4.841447368421052,8.0,5.0,0.0,0.0,0.0,0.0,1.0,5.0,5.0,4.0,0.0,0.0,0.0,4.0,0.0,5.0,0.0,0.0,3.0
SD,2010-01-26,-11.58774834437086,0.3937743190661478,79.23316865448366,-16.71390728476821,-6.461589403973511,7.0,0.0,0.0,0.0,0.0,0.0,0.0,2.0,0.0,2.0,4.0,0.0,0.0,2.0,0.0,5.0,2.0,0.0,1.0
SD,2010-01-27,-11.311764705882354,0.25893536121673,77.33438256305315,-15.773856209150328,-6.849673202614379,5.0,0.0,0.0,0.0,0.0,0.0,2.0,3.0,0.0,1.0,1.0,0.0,0.0,0.0,0.0,3.0,0.0,0.0,0.0
SD,2010-01-28,-13.397402597402596,0.001171875,74.47015151093055,-19.14675324675325,-7.648051948051948,1.0,0.0,0.0,0.0,0.0,0.0,0.0,0.0,0.0,0.0,0.0,0.0,0.0,0.0,0.0,0.0,0.0,0.0,0.0
SD,2010-01-29,-12.193181818181818,0.0,78.75150301757397,-18.302597402597403,-6.083766233766234,4.0,0.0,0.0,0.0,0.0,0.0,0.0,2.0,0.0,0.0,2.0,0.0,0.0,0.0,0.0,0.0,0.0,0.0,0.0
SD,2010-01-30,-10.708169934640525,0.011023622047244,80.19854699605183,-16.216993464052287,-5.199346405228758,8.0,0.0,0.0,0.0,0.0,0.0,3.0,5.0,0.0,0.0,3.0,0.0,0.0,1.0,0.0,1.0,0.0,0.0,0.0
SD,2010-01-31,-11.711437908496732,0.0643999999999999,81.43050963922293,-15.573202614379085,-7.849673202614379,10.0,0.0,0.0,0.0,0.0,1.0,0.0,1.0,0.0,0.0,4.0,0.0,0.0,1.0,0.0,3.0,0.0,0.0,0.0
SD,2010-02-01,-12.35487012987013,1.2992592592592591,84.27087895228755,-15.847741935483873,-8.877922077922078,16.0,2.0,0.0,0.0,0.0,0.0,3.0,10.0,0.0,0.0,6.0,0.0,0.0,5.0,0.0,6.0,1.0,0.0,2.0
SD,2010-02-02,-12.68774193548387,0.9138576779026216,84.79435340358657,-18.410967741935483,-6.964516129032258,11.0,2.0,0.0,0.0,0.0,0.0,0.0,4.0,1.0,0.0,5.0,0.0,0.0,1.0,0.0,3.0,0.0,0.0,1.0
SD,2010-02-03,-10.11451612903226,0.0546153846153846,82.73161161247475,-16.525161290322583,-3.703870967741936,11.0,1.0,0.0,0.0,0.0,0.0,1.0,6.0,0.0,0.0,5.0,1.0,1.0,0.0,0.0,0.0,0.0,0.0,0.0
SD,2010-02-04,-6.778387096774194,1.04904214559387,90.5945929570817,-11.903870967741934,-1.6782051282051282,43.0,7.0,0.0,0.0,3.0,2.0,1.0,1.0,2.0,0.0,3.0,1.0,0.0,5.0,1.0,6.0,1.0,0.0,2.0
SD,2010-02-05,-4.2375,4.607806691449814,91.12808535723616,-7.1,-1.375,24.0,1.0,0.0,0.0,0.0,1.0,3.0,7.0,0.0,0.0,6.0,0.0,0.0,5.0,0.0,6.0,1.0,0.0,0.0
SD,2010-02-06,-3.929032258064516,1.91455938697318,91.98538232503049,-6.4961290322580645,-1.3619354838709676,34.0,3.0,0.0,1.0,0.0,0.0,0.0,3.0,0.0,0.0,6.0,0.0,0.0,5.0,0.0,6.0,0.0,0.0,1.0
SD,2010-02-07,-5.731935483870968,1.7027131782945737,91.57717922521506,-9.503225806451614,-1.9606451612903224,26.0,3.0,0.0,0.0,0.0,0.0,1.0,9.0,2.0,0.0,6.0,0.0,0.0,5.0,0.0,6.0,0.0,0.0,1.0
SD,2010-02-08,-14.09451612903226,1.150381679389313,82.25520683423916,-22.39551282051282,-5.785161290322581,16.0,1.0,0.0,0.0,0.0,0.0,2.0,10.0,2.0,0.0,5.0,0.0,0.0,5.0,0.0,6.0,1.0,0.0,2.0
SD,2010-02-09,-15.763141025641026,0.7946969696969697,83.98334178792732,-22.121153846153845,-9.405128205128204,11.0,1.0,0.0,0.0,0.0,0.0,1.0,5.0,2.0,0.0,3.0,0.0,0.0,4.0,0.0,5.0,1.0,0.0,2.0
SD,2010-02-10,-15.444904458598726,0.0303846153846153,81.15948647746298,-22.79872611464968,-8.09108280254777,14.0,5.0,0.0,0.0,0.0,0.0,2.0,5.0,3.0,0.0,3.0,0.0,0.0,1.0,0.0,1.0,0.0,0.0,3.0
SD,2010-02-11,-11.120382165605095,0.0310344827586206,81.36839276226895,-18.063694267515924,-4.177070063694267,8.0,1.0,0.0,0.0,0.0,0.0,2.0,4.0,0.0,0.0,4.0,0.0,0.0,5.0,0.0,5.0,0.0,0.0,2.0
SD,2010-02-12,-8.214968152866241,0.1106870229007633,86.6293991478264,-14.256050955414011,-2.1738853503184714,26.0,7.0,0.0,0.0,0.0,0.0,2.0,6.0,2.0,0.0,2.0,0.0,0.0,3.0,0.0,5.0,1.0,0.0,3.0
SD,2010-02-13,-7.504166666666667,0.7722222222222223,89.7238809235063,-12.836538461538462,-2.171794871794872,19.0,6.0,0.0,1.0,0.0,1.0,3.0,8.0,3.0,0.0,4.0,0.0,0.0,6.0,0.0,6.0,0.0,0.0,2.0
SD,2010-02-14,-11.015384615384615,1.4723076923076923,80.62013119559539,-15.735897435897437,-6.294871794871795,14.0,3.0,0.0,1.0,0.0,0.0,4.0,10.0,3.0,1.0,3.0,0.0,0.0,4.0,0.0,5.0,0.0,0.0,1.0
SD,2010-02-15,-12.426923076923076,0.2147286821705426,75.05146763991023,-17.289743589743587,-7.564102564102564,2.0,0.0,0.0,1.0,0.0,1.0,2.0,4.0,1.0,1.0,2.0,0.0,0.0,3.0,0.0,3.0,0.0,0.0,0.0
SD,2010-02-16,-11.468471337579617,0.0678030303030303,73.04511036566417,-17.863057324840764,-5.073885350318472,2.0,0.0,0.0,0.0,0.0,0.0,0.0,3.0,0.0,0.0,0.0,0.0,0.0,1.0,0.0,1.0,0.0,0.0,0.0
SD,2010-02-17,-9.946153846153846,0.066412213740458,76.80796212557442,-17.215384615384615,-2.676923076923077,4.0,0.0,0.0,0.0,0.0,0.0,0.0,2.0,0.0,0.0,2.0,0.0,0.0,1.0,0.0,2.0,0.0,0.0,1.0
SD,2010-02-18,-7.200645161290322,0.1719101123595505,81.57921283220493,-12.224516129032258,-2.1767741935483875,15.0,2.0,0.0,0.0,0.0,0.0,0.0,3.0,0.0,0.0,1.0,0.0,0.0,1.0,1.0,3.0,0.0,0.0,0.0
SD,2010-02-19,-6.701290322580645,0.2239543726235741,82.6657347608022,-11.153548387096771,-2.2807692307692307,19.0,2.0,0.0,0.0,0.0,0.0,1.0,3.0,1.0,0.0,5.0,0.0,0.0,1.0,0.0,3.0,0.0,0.0,3.0
SD,2010-02-20,-6.5364516129032255,0.1935114503816794,86.19204875653654,-11.089032258064517,-1.9838709677419355,15.0,3.0,0.0,0.0,0.0,0.0,0.0,2.0,1.0,0.0,4.0,0.0,0.0,0.0,0.0,1.0,0.0,0.0,1.0
SD,2010-02-21,-8.108709677419354,0.2234615384615384,86.88497944462914,-12.456774193548387,-3.760645161290322,18.0,2.0,0.0,0.0,0.0,0.0,2.0,9.0,1.0,0.0,6.0,0.0,0.0,1.0,0.0,4.0,1.0,0.0,1.0
SD,2010-02-22,-10.127564102564104,0.0193916349809885,83.67780818371797,-16.26410256410256,-3.991025641025641,23.0,5.0,0.0,0.0,0.0,0.0,0.0,6.0,2.0,0.0,4.0,0.0,0.0,2.0,0.0,4.0,0.0,0.0,3.0
SD,2010-02-23,-10.036774193548387,0.0212121212121212,80.93082006668939,-15.656129032258065,-4.446153846153846,9.0,0.0,0.0,0.0,0.0,0.0,1.0,5.0,0.0,0.0,3.0,0.0,0.0,4.0,0.0,6.0,0.0,0.0,0.0
SD,2010-02-24,-12.593949044585989,0.0114503816793893,78.00164591433277,-19.79299363057325,-5.394904458598727,4.0,0.0,0.0,0.0,0.0,0.0,2.0,3.0,0.0,0.0,1.0,0.0,0.0,0.0,0.0,0.0,0.0,0.0,0.0
SD,2010-02-25,-9.478846153846154,0.0135135135135135,76.04717737233632,-15.765384615384615,-3.1923076923076925,1.0,0.0,0.0,0.0,0.0,0.0,1.0,1.0,0.0,0.0,0.0,0.0,0.0,1.0,0.0,1.0,0.0,0.0,0.0
SD,2010-02-26,-5.455769230769231,0.0193050193050193,77.66948886870114,-10.758333333333333,-0.1532051282051282,9.0,2.0,0.0,0.0,0.0,0.0,2.0,4.0,1.0,0.0,2.0,0.0,0.0,0.0,0.0,0.0,0.0,0.0,1.0
SD,2010-02-27,-4.882692307692308,0.0023255813953488,81.82109173430302,-10.080128205128204,0.3147435897435898,30.0,5.0,0.0,0.0,0.0,0.0,4.0,6.0,1.0,0.0,5.0,0.0,0.0,0.0,0.0,0.0,0.0,0.0,2.0
SD,2010-02-28,-5.585806451612903,0.09,84.90750149388313,-9.951612903225806,-1.22,41.0,5.0,0.0,0.0,0.0,0.0,3.0,8.0,1.0,0.0,5.0,0.0,0.0,0.0,0.0,0.0,0.0,0.0,2.0
SD,2010-03-01,-5.192628205128205,0.0264705882352941,80.8837770715031,-10.39936305732484,0.0166666666666667,36.0,3.0,0.0,0.0,0.0,0.0,2.0,6.0,0.0,0.0,6.0,0.0,0.0,0.0,0.0,0.0,0.0,0.0,1.0
SD,2010-03-02,-3.6216560509554143,0.0074074074074074,84.5899430662404,-9.329299363057324,2.0859872611464967,36.0,6.0,0.0,0.0,0.0,0.0,1.0,3.0,1.0,0.0,5.0,0.0,0.0,0.0,0.0,0.0,0.0,0.0,2.0
SD,2010-03-03,-2.004140127388535,0.0011152416356877,87.63682187804285,-7.090445859872612,3.082165605095541,44.0,5.0,0.0,0.0,0.0,1.0,2.0,7.0,1.0,0.0,6.0,0.0,0.0,0.0,0.0,0.0,0.0,0.0,3.0
SD,2010-03-04,-0.2764331210191083,0.0144981412639405,84.16069608461481,-5.2853503184713375,4.732484076433121,45.0,5.0,0.0,0.0,0.0,1.0,3.0,5.0,2.0,0.0,5.0,0.0,0.0,0.0,0.0,0.0,0.0,0.0,3.0
SD,2010-03-05,0.0128205128205128,0.2164794007490636,87.705211056598,-4.471794871794872,4.489808917197452,51.0,6.0,1.0,1.0,5.0,3.0,5.0,9.0,2.0,0.0,2.0,0.0,0.0,6.0,3.0,2.0,0.0,0.0,1.0
SD,2010-03-06,0.0310897435897435,2.41841155234657,89.89901709746457,-2.400641025641025,2.454140127388535,52.0,4.0,0.0,2.0,4.0,2.0,3.0,4.0,1.0,0.0,4.0,1.0,0.0,6.0,2.0,2.0,2.0,0.0,1.0
SD,2010-03-07,0.8652866242038216,0.8374531835205993,94.04234353386782,-1.6757961783439492,3.406369426751592,54.0,4.0,0.0,0.0,0.0,0.0,0.0,1.0,2.0,0.0,6.0,0.0,0.0,0.0,0.0,0.0,0.0,0.0,2.0
SD,2010-03-08,2.25126582278481,0.3475471698113207,92.88271140403997,-0.8626582278481013,5.365189873417722,53.0,6.0,0.0,0.0,4.0,0.0,0.0,0.0,2.0,0.0,4.0,1.0,0.0,5.0,0.0,0.0,2.0,0.0,0.0
SD,2010-03-09,1.4636075949367089,7.247241379310344,91.51252589772524,-1.0069620253164555,3.9341772151898735,44.0,3.0,0.0,1.0,5.0,1.0,0.0,0.0,0.0,0.0,6.0,1.0,0.0,5.0,1.0,2.0,4.0,0.0,0.0
SD,2010-03-10,-0.240764331210191,7.072789115646259,94.43826231405396,-1.796815286624204,1.3152866242038217,43.0,4.0,0.0,0.0,4.0,0.0,0.0,1.0,2.0,0.0,3.0,0.0,0.0,5.0,0.0,2.0,3.0,0.0,0.0
SD,2010-03-11,-0.1655844155844155,4.118556701030927,91.4954908033319,-1.7070967741935483,1.3851612903225807,34.0,3.0,0.0,1.0,5.0,0.0,0.0,0.0,1.0,0.0,2.0,1.0,0.0,5.0,0.0,6.0,1.0,0.0,0.0
SD,2010-03-12,0.1121794871794871,4.155985915492957,83.94177015021772,-2.957692307692308,3.182051282051282,32.0,1.0,0.0,0.0,4.0,0.0,0.0,1.0,1.0,0.0,3.0,1.0,0.0,5.0,0.0,2.0,4.0,0.0,0.0
SD,2010-03-13,1.0741935483870968,0.6339350180505415,86.72724169656172,-3.081290322580645,5.224358974358975,39.0,8.0,0.0,1.0,1.0,0.0,0.0,1.0,3.0,0.0,6.0,1.0,0.0,1.0,0.0,0.0,0.0,0.0,2.0
SD,2010-03-14,1.6914012738853503,1.1374074074074074,94.33191116950528,-1.2146496815286625,4.597452229299363,52.0,6.0,0.0,0.0,4.0,0.0,0.0,0.0,1.0,0.0,5.0,1.0,0.0,4.0,0.0,0.0,2.0,0.0,0.0
SD,2010-03-15,1.6162420382165603,1.3535714285714286,89.98390687415751,-1.156687898089172,4.389171974522293,37.0,2.0,0.0,0.0,2.0,0.0,0.0,1.0,0.0,0.0,5.0,1.0,0.0,2.0,0.0,0.0,1.0,0.0,0.0
SD,2010-03-16,1.638216560509554,0.2278985507246377,85.09183643490866,-2.881528662420382,6.15796178343949,29.0,3.0,0.0,0.0,1.0,0.0,0.0,0.0,0.0,0.0,6.0,1.0,0.0,1.0,0.0,1.0,0.0,0.0,2.0
SD,2010-03-17,3.671974522292994,0.0010948905109489,77.7679834637612,-3.5012738853503187,10.845222929936304,21.0,6.0,0.0,0.0,0.0,0.0,0.0,1.0,1.0,0.0,4.0,0.0,0.0,0.0,0.0,0.0,0.0,0.0,4.0
SD,2010-03-18,5.198407643312102,0.0399280575539568,74.7712074255736,-1.8420382165605096,12.238853503184714,6.0,1.0,0.0,0.0,3.0,0.0,0.0,1.0,1.0,0.0,3.0,0.0,0.0,4.0,0.0,0.0,0.0,0.0,1.0
SD,2010-03-19,0.4900641025641026,0.1614840989399293,76.4801967583294,-4.7846153846153845,5.79171974522293,1.0,0.0,0.0,1.0,0.0,0.0,0.0,0.0,0.0,0.0,0.0,0.0,0.0,0.0,0.0,3.0,0.0,0.0,0.0
SD,2010-03-20,-2.779220779220779,0.0272727272727272,69.59036843805998,-8.362987012987013,2.761538461538461,2.0,0.0,0.0,1.0,0.0,0.0,0.0,0.0,0.0,0.0,0.0,0.0,0.0,0.0,0.0,0.0,0.0,0.0,0.0
SD,2010-03-21,2.324193548387097,0.009090909090909,59.253510736667565,-5.62774193548387,10.231410256410255,0.0,0.0,0.0,0.0,0.0,0.0,0.0,0.0,0.0,0.0,0.0,0.0,0.0,0.0,0.0,0.0,0.0,0.0,0.0
SD,2010-03-22,6.657692307692307,0.0171428571428571,58.99976794746486,-1.4576923076923076,14.746496815286624,1.0,0.0,0.0,0.0,0.0,0.0,0.0,1.0,0.0,0.0,0.0,0.0,0.0,0.0,0.0,0.0,0.0,0.0,0.0
SD,2010-03-23,5.071474358974359,0.1139784946236559,79.42484781878981,-1.2903846153846157,11.438216560509554,25.0,1.0,0.0,0.0,0.0,0.0,0.0,1.0,0.0,0.0,2.0,0.0,0.0,1.0,1.0,0.0,0.0,0.0,0.0
SD,2010-03-24,2.0383870967741933,0.0131868131868131,70.52825316671928,-4.927096774193549,8.992307692307692,6.0,0.0,0.0,0.0,0.0,0.0,0.0,1.0,0.0,0.0,0.0,0.0,0.0,0.0,0.0,0.0,0.0,0.0,0.0
SD,2010-03-25,2.951282051282051,0.001098901098901,69.24278379730737,-4.322435897435897,10.198726114649682,16.0,1.0,0.0,0.0,0.0,2.0,0.0,0.0,0.0,0.0,1.0,0.0,0.0,0.0,0.0,0.0,0.0,0.0,0.0
SD,2010-03-26,4.34140127388535,0.1033088235294117,63.03048846512481,-2.026751592356688,10.70955414012739,3.0,0.0,0.0,0.0,0.0,1.0,0.0,1.0,0.0,0.0,0.0,0.0,0.0,3.0,0.0,0.0,0.0,0.0,0.0
SD,2010-03-27,4.954140127388535,0.2028880866425992,74.16862724032023,-0.9662420382165604,10.87452229299363,8.0,0.0,0.0,0.0,0.0,0.0,0.0,1.0,0.0,0.0,2.0,0.0,0.0,2.0,0.0,0.0,0.0,0.0,0.0
SD,2010-03-28,4.985031847133758,0.1143911439114391,65.93723780543789,-2.845222929936306,12.81528662420382,6.0,1.0,0.0,0.0,0.0,0.0,1.0,3.0,0.0,0.0,3.0,0.0,0.0,0.0,0.0,0.0,0.0,0.0,1.0
SD,2010-03-29,9.80096153846154,0.0344444444444444,52.922630168029606,0.3525641025641026,19.249358974358977,1.0,0.0,0.0,0.0,0.0,0.0,0.0,1.0,0.0,0.0,0.0,0.0,0.0,0.0,0.0,0.0,0.0,0.0,0.0
SD,2010-03-30,13.667307692307691,0.0169741697416974,48.29329051728571,4.783974358974358,22.550641025641028,0.0,0.0,1.0,0.0,1.0,0.0,0.0,2.0,0.0,0.0,0.0,0.0,0.0,2.0,0.0,0.0,0.0,0.0,0.0
SD,2010-03-31,12.16396103896104,0.0675276752767527,55.47571661126816,4.075974025974026,20.25194805194805,1.0,0.0,1.0,0.0,0.0,0.0,1.0,3.0,0.0,0.0,0.0,0.0,0.0,1.0,0.0,0.0,0.0,0.0,0.0
SD,2010-04-01,9.521019108280257,1.5238095238095235,65.47975319319843,3.5611464968152866,15.480891719745223,10.0,1.0,5.0,0.0,1.0,0.0,0.0,1.0,0.0,0.0,1.0,0.0,0.0,2.0,0.0,1.0,0.0,0.0,0.0
SD,2010-04-02,6.586774193548387,6.912052117263844,79.25631374956517,1.236774193548387,11.936774193548388,11.0,1.0,7.0,1.0,4.0,0.0,0.0,1.0,0.0,0.0,2.0,0.0,0.0,4.0,0.0,1.0,2.0,0.0,0.0
SD,2010-04-03,4.544444444444444,1.2073578595317729,65.83960660721598,-2.2483660130718954,11.337254901960783,2.0,0.0,2.0,0.0,3.0,0.0,0.0,2.0,0.0,0.0,0.0,0.0,0.0,5.0,0.0,0.0,0.0,0.0,0.0
SD,2010-04-04,5.59741935483871,0.6241610738255033,66.91965029910084,-1.387741935483871,12.58258064516129,2.0,0.0,0.0,0.0,1.0,0.0,0.0,3.0,0.0,0.0,0.0,0.0,0.0,4.0,0.0,0.0,0.0,0.0,0.0
SD,2010-04-05,5.894585987261147,0.3546979865771812,67.32046274908238,-0.8203821656050956,12.609554140127388,2.0,0.0,0.0,0.0,0.0,0.0,0.0,0.0,0.0,0.0,0.0,0.0,0.0,2.0,0.0,0.0,0.0,0.0,0.0
SD,2010-04-06,6.610828025477708,1.072549019607843,72.17681964461487,1.5057324840764332,11.71592356687898,9.0,1.0,0.0,0.0,4.0,0.0,0.0,0.0,0.0,0.0,2.0,0.0,0.0,5.0,0.0,0.0,0.0,0.0,0.0
SD,2010-04-07,4.706410256410257,2.858496732026144,62.382331620613165,-2.0583333333333336,11.471153846153848,2.0,0.0,0.0,0.0,0.0,0.0,0.0,1.0,0.0,0.0,0.0,0.0,0.0,1.0,0.0,0.0,0.0,0.0,0.0
SD,2010-04-08,5.836129032258064,0.0491349480968858,57.687761879719055,-2.823870967741936,14.492307692307694,2.0,0.0,0.0,0.0,0.0,0.0,0.0,1.0,0.0,1.0,2.0,0.0,0.0,0.0,0.0,0.0,0.0,0.0,0.0
SD,2010-04-09,7.223548387096775,0.0617241379310344,48.61347042595192,-0.2258064516129032,14.672903225806452,1.0,1.0,0.0,0.0,0.0,0.0,1.0,1.0,0.0,0.0,0.0,0.0,0.0,1.0,0.0,0.0,0.0,0.0,0.0
SD,2010-04-10,7.333660130718954,0.7084459459459459,51.80281284692565,-0.1052287581699346,14.772549019607842,3.0,1.0,0.0,0.0,0.0,0.0,0.0,0.0,0.0,0.0,1.0,0.0,0.0,1.0,0.0,0.0,0.0,0.0,0.0
SD,2010-04-11,9.97875816993464,0.0157894736842105,49.41512595744435,1.434640522875817,18.522875816993466,0.0,0.0,0.0,0.0,0.0,0.0,0.0,1.0,0.0,0.0,0.0,0.0,0.0,0.0,0.0,0.0,0.0,0.0,0.0
SD,2010-04-12,13.826923076923077,0.159322033898305,59.284067838734565,6.3173076923076925,21.33653846153846,0.0,0.0,1.0,0.0,0.0,0.0,0.0,2.0,0.0,0.0,0.0,0.0,0.0,1.0,0.0,0.0,0.0,0.0,0.0
SD,2010-04-13,16.121935483870967,1.9262458471760795,65.36911149459941,8.91474358974359,23.35032258064516,8.0,0.0,15.0,0.0,5.0,0.0,2.0,4.0,0.0,1.0,2.0,0.0,0.0,5.0,0.0,0.0,0.0,0.0,0.0
SD,2010-04-14,14.416129032258064,4.618731117824773,53.87200293926859,5.683870967741935,23.14935897435897,3.0,0.0,7.0,0.0,4.0,0.0,0.0,1.0,0.0,0.0,1.0,0.0,0.0,4.0,0.0,0.0,0.0,0.0,0.0
SD,2010-04-15,11.87948717948718,0.6679738562091504,58.58124889804187,4.187820512820513,19.571153846153845,1.0,0.0,3.0,0.0,1.0,0.0,0.0,0.0,0.0,0.0,0.0,0.0,0.0,1.0,0.0,0.0,0.0,0.0,0.0
SD,2010-04-16,8.279166666666667,0.0134020618556701,60.85157554721284,1.3724358974358974,15.185897435897436,0.0,0.0,0.0,0.0,0.0,0.0,0.0,0.0,0.0,0.0,0.0,0.0,0.0,0.0,0.0,0.0,0.0,0.0,0.0
SD,2010-04-17,7.4282467532467535,0.015807560137457,52.31466240980395,-0.4577922077922078,15.314285714285717,0.0,0.0,0.0,0.0,0.0,0.0,0.0,1.0,0.0,0.0,0.0,0.0,0.0,0.0,0.0,0.0,0.0,0.0,0.0
SD,2010-04-18,10.480844155844157,0.3805369127516778,53.14787019513258,3.3603896103896105,17.6012987012987,5.0,0.0,2.0,0.0,2.0,0.0,0.0,0.0,0.0,0.0,1.0,0.0,0.0,2.0,0.0,0.0,0.0,0.0,0.0
SD,2010-04-19,11.765064102564102,0.3450847457627118,56.50491199151819,4.05,19.480128205128207,2.0,0.0,7.0,0.0,1.0,0.0,0.0,0.0,0.0,0.0,0.0,0.0,0.0,1.0,0.0,0.0,0.0,0.0,0.0
SD,2010-04-20,12.430128205128204,1.060200668896321,63.02671078901588,5.448717948717949,19.41153846153846,8.0,1.0,3.0,0.0,1.0,0.0,0.0,1.0,0.0,0.0,1.0,0.0,0.0,3.0,0.0,0.0,0.0,0.0,0.0
SD,2010-04-21,11.062179487179488,0.7147157190635451,64.85160002267472,3.2525641025641026,18.871794871794872,21.0,6.0,0.0,0.0,0.0,0.0,1.0,2.0,0.0,0.0,2.0,0.0,0.0,0.0,0.0,0.0,0.0,0.0,0.0
SD,2010-04-22,11.55096153846154,0.8182432432432432,64.78913397537573,4.498076923076924,18.60384615384616,11.0,1.0,0.0,0.0,0.0,0.0,0.0,1.0,0.0,0.0,2.0,0.0,0.0,2.0,0.0,0.0,0.0,0.0,0.0
SD,2010-04-23,11.953205128205129,5.673885350318471,77.51178014300517,6.903846153846154,17.002564102564104,22.0,2.0,4.0,0.0,5.0,0.0,1.0,6.0,0.0,0.0,6.0,1.0,0.0,6.0,0.0,0.0,0.0,0.0,0.0
SD,2010-04-24,10.526143790849671,19.51309523809524,85.70291420735971,6.1647058823529415,14.887581699346406,19.0,1.0,7.0,1.0,8.0,0.0,0.0,2.0,0.0,1.0,5.0,0.0,0.0,6.0,0.0,0.0,0.0,0.0,0.0
SD,2010-04-25,8.091503267973856,5.138993710691824,79.72248971296847,3.179738562091503,13.041558441558442,10.0,1.0,1.0,0.0,3.0,0.0,0.0,1.0,0.0,1.0,1.0,1.0,0.0,6.0,0.0,0.0,0.0,0.0,0.0
SD,2010-04-26,6.139743589743589,4.747384615384615,79.55400635821121,1.457051282051282,10.822435897435897,9.0,0.0,0.0,1.0,6.0,0.0,0.0,0.0,0.0,2.0,5.0,0.0,0.0,5.0,0.0,1.0,0.0,0.0,0.0
SD,2010-04-27,6.640064102564102,2.1844444444444444,72.46753719026448,-0.2205128205128205,13.500641025641023,10.0,0.0,1.0,0.0,0.0,0.0,0.0,2.0,0.0,1.0,3.0,0.0,0.0,0.0,0.0,0.0,0.0,0.0,0.0
SD,2010-04-28,11.984415584415585,0.2618881118881119,59.34445881423148,4.377922077922078,19.59090909090909,3.0,0.0,6.0,0.0,3.0,0.0,0.0,1.0,0.0,1.0,1.0,0.0,0.0,3.0,0.0,0.0,0.0,0.0,0.0
SD,2010-04-29,12.088064516129032,2.240062111801242,66.43681394684083,5.429032258064516,18.74709677419355,6.0,0.0,5.0,0.0,4.0,0.0,0.0,1.0,0.0,1.0,3.0,0.0,0.0,5.0,0.0,0.0,0.0,0.0,0.0
SD,2010-04-30,9.199025974025975,2.327272727272727,76.39181683808188,3.644155844155845,14.753896103896103,8.0,1.0,5.0,1.0,7.0,0.0,0.0,2.0,1.0,0.0,3.0,0.0,0.0,5.0,0.0,0.0,0.0,0.0,0.0
SD,2010-05-01,8.215359477124183,1.8053797468354431,69.37173954255036,3.830065359477124,12.600653594771243,3.0,1.0,0.0,0.0,5.0,0.0,0.0,0.0,0.0,2.0,0.0,0.0,0.0,4.0,0.0,0.0,0.0,0.0,0.0
SD,2010-05-02,6.671052631578948,0.6530744336569578,71.42272579285785,2.101973684210526,11.240131578947368,2.0,1.0,0.0,1.0,1.0,0.0,0.0,2.0,0.0,0.0,0.0,0.0,0.0,3.0,0.0,0.0,0.0,0.0,0.0
SD,2010-05-03,8.01826923076923,0.2550819672131147,65.64599775576086,1.5423076923076924,14.494230769230768,0.0,0.0,0.0,0.0,0.0,0.0,0.0,3.0,0.0,0.0,0.0,0.0,0.0,4.0,0.0,0.0,0.0,0.0,0.0
SD,2010-05-04,10.096103896103896,0.1498349834983498,56.34612532561807,3.426623376623377,16.765584415584417,0.0,0.0,0.0,2.0,0.0,0.0,0.0,1.0,0.0,3.0,0.0,0.0,0.0,2.0,0.0,1.0,0.0,0.0,0.0
SD,2010-05-05,8.333439490445858,0.1319078947368421,56.05276684155618,2.624203821656051,14.042675159235667,2.0,0.0,0.0,0.0,0.0,0.0,0.0,2.0,0.0,4.0,0.0,0.0,0.0,2.0,0.0,0.0,0.0,0.0,0.0
SD,2010-05-06,5.647452229299363,3.0650306748466254,80.63221079045509,1.570063694267516,9.72484076433121,12.0,2.0,0.0,1.0,6.0,0.0,0.0,0.0,0.0,1.0,4.0,0.0,0.0,6.0,0.0,1.0,0.0,0.0,0.0
SD,2010-05-07,3.811935483870968,5.782934131736527,83.20814984406566,0.5012820512820513,7.108387096774194,11.0,1.0,0.0,3.0,5.0,0.0,0.0,5.0,0.0,0.0,5.0,0.0,0.0,6.0,0.0,2.0,1.0,0.0,0.0
SD,2010-05-08,3.713548387096776,1.370358306188925,69.45446250573328,-2.5470967741935486,9.974193548387095,0.0,0.0,0.0,0.0,0.0,0.0,0.0,0.0,0.0,0.0,0.0,0.0,0.0,2.0,0.0,1.0,1.0,0.0,0.0
SD,2010-05-09,7.046774193548387,1.285016286644951,65.74635630122876,0.5161290322580645,13.57741935483871,1.0,0.0,0.0,0.0,3.0,0.0,0.0,0.0,0.0,0.0,1.0,0.0,0.0,6.0,0.0,0.0,0.0,0.0,0.0
SD,2010-05-10,8.029354838709677,8.423030303030302,79.72482524012256,3.6548387096774193,12.470512820512822,17.0,0.0,5.0,0.0,6.0,0.0,0.0,0.0,0.0,0.0,6.0,0.0,0.0,6.0,0.0,0.0,0.0,0.0,0.0
SD,2010-05-11,5.570645161290323,14.610704225352114,89.8369052658478,3.2651612903225806,7.928846153846154,18.0,1.0,3.0,0.0,5.0,0.0,0.0,2.0,0.0,0.0,5.0,1.0,0.0,6.0,0.0,0.0,0.0,0.0,0.0
SD,2010-05-12,4.374038461538461,5.15693215339233,90.84133856699007,2.049358974358974,6.698717948717949,18.0,1.0,1.0,1.0,5.0,0.0,0.0,1.0,0.0,0.0,5.0,1.0,0.0,6.0,1.0,1.0,0.0,0.0,0.0
SD,2010-05-13,5.469551282051282,6.79536231884058,88.16832185335444,2.175641025641025,8.763461538461538,13.0,0.0,0.0,0.0,5.0,0.0,0.0,1.0,0.0,0.0,5.0,1.0,0.0,5.0,0.0,1.0,0.0,0.0,0.0
SD,2010-05-14,9.317628205128203,0.9546031746031746,65.65649213091677,2.098076923076923,16.53717948717949,1.0,0.0,0.0,0.0,0.0,0.0,0.0,1.0,0.0,0.0,0.0,0.0,0.0,0.0,0.0,0.0,0.0,0.0,0.0
SD,2010-05-15,12.260967741935485,0.3842809364548494,65.90398694939472,5.258064516129032,19.263870967741937,4.0,0.0,0.0,0.0,2.0,0.0,0.0,0.0,0.0,0.0,0.0,0.0,0.0,3.0,0.0,0.0,0.0,0.0,0.0
SD,2010-05-16,13.59967320261438,0.905844155844156,70.03477998987904,7.813725490196078,19.38258064516129,6.0,0.0,4.0,0.0,1.0,0.0,0.0,0.0,0.0,0.0,1.0,0.0,0.0,2.0,0.0,0.0,0.0,0.0,0.0
SD,2010-05-17,14.06121794871795,0.6568106312292359,64.944749988095,6.387820512820513,21.734615384615385,7.0,3.0,2.0,0.0,2.0,0.0,0.0,0.0,0.0,0.0,3.0,0.0,0.0,0.0,0.0,0.0,0.0,0.0,0.0
SD,2010-05-18,15.639285714285712,0.1344709897610921,60.17194796734515,8.336363636363636,22.942207792207792,2.0,0.0,3.0,0.0,0.0,0.0,0.0,1.0,0.0,0.0,0.0,0.0,0.0,1.0,0.0,0.0,0.0,0.0,0.0
SD,2010-05-19,15.317948717948717,1.223489932885906,64.24415818709649,8.740384615384615,21.89551282051282,11.0,1.0,3.0,0.0,0.0,0.0,0.0,0.0,0.0,0.0,1.0,0.0,0.0,1.0,0.0,0.0,0.0,0.0,0.0
SD,2010-05-20,14.359354838709676,0.2302013422818791,63.50435186445844,7.115483870967743,21.60322580645161,16.0,3.0,2.0,0.0,0.0,0.0,0.0,1.0,0.0,0.0,1.0,0.0,0.0,1.0,0.0,0.0,0.0,0.0,0.0
SD,2010-05-21,15.351923076923075,1.4043189368770763,70.5817072949793,8.581410256410257,22.122435897435896,11.0,1.0,9.0,0.0,0.0,0.0,1.0,3.0,0.0,0.0,2.0,0.0,0.0,1.0,0.0,0.0,0.0,0.0,0.0
SD,2010-05-22,18.047727272727272,12.262537764350451,76.73708343401073,11.242207792207791,24.853246753246754,15.0,2.0,29.0,0.0,11.0,0.0,0.0,1.0,0.0,2.0,3.0,0.0,0.0,5.0,0.0,0.0,0.0,0.0,0.0
SD,2010-05-23,17.887908496732024,4.743827160493828,67.4921487839361,10.645751633986928,25.172727272727272,2.0,0.0,23.0,1.0,5.0,0.0,0.0,0.0,0.0,1.0,1.0,1.0,0.0,4.0,0.0,0.0,0.0,0.0,0.0
SD,2010-05-24,17.708116883116883,7.46717791411043,76.21460252237739,11.398051948051949,24.01818181818182,15.0,1.0,30.0,0.0,11.0,0.0,0.0,6.0,0.0,2.0,2.0,0.0,0.0,6.0,0.0,0.0,0.0,0.0,0.0
SD,2010-05-25,16.16470588235294,9.791666666666666,63.42456925148517,9.065359477124185,23.2640522875817,5.0,0.0,13.0,0.0,7.0,0.0,0.0,1.0,0.0,3.0,0.0,0.0,0.0,1.0,0.0,0.0,0.0,0.0,0.0
SD,2010-05-26,15.70487012987013,0.0325423728813559,66.81476317042853,7.955844155844156,23.453896103896103,1.0,0.0,1.0,0.0,0.0,0.0,0.0,1.0,0.0,0.0,0.0,0.0,0.0,0.0,0.0,0.0,0.0,0.0,0.0
SD,2010-05-27,19.717532467532468,0.2596551724137931,62.83537075114448,12.882467532467532,26.552597402597403,2.0,1.0,1.0,0.0,0.0,0.0,0.0,0.0,0.0,0.0,0.0,0.0,0.0,0.0,0.0,0.0,0.0,0.0,0.0
SD,2010-05-28,23.172549019607843,0.0635416666666666,59.234696094244825,16.3640522875817,29.98104575163399,2.0,0.0,0.0,0.0,0.0,0.0,0.0,0.0,0.0,0.0,0.0,0.0,0.0,0.0,0.0,0.0,0.0,0.0,0.0
SD,2010-05-29,21.52861842105263,0.9755319148936172,63.927531900407736,13.86842105263158,29.188815789473683,5.0,0.0,11.0,0.0,3.0,0.0,0.0,1.0,0.0,0.0,2.0,0.0,0.0,4.0,0.0,0.0,0.0,0.0,0.0
SD,2010-05-30,16.191118421052632,11.43551401869159,68.63355509127284,8.542105263157895,23.840131578947368,8.0,0.0,8.0,1.0,6.0,0.0,0.0,0.0,0.0,0.0,4.0,0.0,0.0,5.0,0.0,0.0,0.0,0.0,0.0
SD,2010-05-31,15.713486842105262,0.9003436426116839,66.64383876172623,8.46513157894737,22.961842105263155,1.0,0.0,3.0,0.0,0.0,0.0,0.0,0.0,0.0,0.0,0.0,0.0,0.0,1.0,0.0,0.0,0.0,0.0,0.0
SD,2010-06-01,16.666666666666668,1.734313725490196,71.54797308623147,10.377272727272729,23.02077922077921,7.0,0.0,6.0,0.0,2.0,0.0,0.0,0.0,0.0,0.0,1.0,0.0,0.0,4.0,0.0,0.0,0.0,0.0,0.0
SD,2010-06-02,14.960256410256411,3.488888888888889,72.25351051775932,8.780128205128205,21.14038461538461,5.0,0.0,7.0,0.0,0.0,0.0,0.0,1.0,0.0,0.0,1.0,0.0,0.0,1.0,0.0,0.0,0.0,0.0,0.0
SD,2010-06-03,16.953225806451613,1.3022801302931597,70.79158124681813,10.16602564102564,23.728387096774195,3.0,0.0,7.0,0.0,3.0,0.0,0.0,1.0,0.0,0.0,1.0,0.0,0.0,4.0,0.0,0.0,0.0,0.0,0.0
SD,2010-06-04,18.986217948717947,2.209904153354633,69.32869166491349,12.30897435897436,25.66346153846154,4.0,1.0,11.0,0.0,2.0,0.0,0.0,2.0,0.0,1.0,3.0,0.0,0.0,4.0,0.0,0.0,0.0,0.0,0.0
SD,2010-06-05,18.63474025974026,3.2273584905660377,73.93801973321649,12.864285714285716,24.405194805194807,7.0,0.0,13.0,0.0,6.0,0.0,0.0,2.0,0.0,2.0,3.0,0.0,0.0,5.0,0.0,0.0,0.0,0.0,0.0
SD,2010-06-06,16.421895424836602,2.051827242524917,70.49522428513069,10.24705882352941,22.59673202614379,0.0,0.0,1.0,0.0,0.0,1.0,0.0,0.0,0.0,0.0,0.0,0.0,0.0,1.0,0.0,0.0,0.0,0.0,0.0
SD,2010-06-07,16.898064516129033,0.7788778877887789,75.88058572493561,11.623225806451613,22.17290322580645,11.0,1.0,8.0,0.0,7.0,1.0,0.0,1.0,0.0,0.0,6.0,0.0,0.0,6.0,0.0,0.0,0.0,0.0,0.0
SD,2010-06-08,17.855483870967742,3.40733137829912,77.88910502803566,12.572258064516127,23.136538461538464,10.0,1.0,4.0,0.0,4.0,1.0,0.0,2.0,0.0,0.0,5.0,0.0,0.0,5.0,0.0,0.0,0.0,0.0,0.0
SD,2010-06-09,16.526129032258066,0.404778156996587,69.18284448174607,9.88967741935484,23.162580645161288,2.0,0.0,4.0,0.0,2.0,1.0,0.0,0.0,0.0,0.0,0.0,0.0,0.0,4.0,0.0,0.0,0.0,0.0,0.0
SD,2010-06-10,18.58668831168831,7.806176470588235,78.312173904637,13.208441558441558,23.964935064935062,10.0,0.0,22.0,0.0,6.0,0.0,0.0,0.0,0.0,0.0,5.0,1.0,0.0,6.0,0.0,0.0,0.0,0.0,0.0
SD,2010-06-11,18.570967741935483,22.752890173410403,85.58444027842577,13.50193548387097,23.64,16.0,2.0,20.0,0.0,6.0,1.0,0.0,0.0,0.0,2.0,4.0,0.0,0.0,6.0,0.0,0.0,0.0,0.0,0.0
SD,2010-06-12,16.208116883116883,15.601474926253688,88.00031604730448,12.361688311688312,20.047096774193548,16.0,0.0,13.0,0.0,5.0,1.0,0.0,1.0,0.0,0.0,5.0,1.0,0.0,6.0,0.0,0.0,0.0,0.0,0.0
SD,2010-06-13,13.940645161290323,8.80059880239521,90.5646240098082,11.370322580645162,16.51096774193548,18.0,0.0,6.0,0.0,4.0,1.0,0.0,1.0,0.0,0.0,5.0,0.0,0.0,6.0,0.0,0.0,0.0,0.0,0.0
SD,2010-06-14,13.746794871794872,10.668154761904765,88.14757522504847,10.814743589743587,16.678846153846155,18.0,1.0,2.0,0.0,5.0,1.0,0.0,1.0,0.0,0.0,6.0,1.0,0.0,6.0,0.0,0.0,0.0,0.0,0.0
SD,2010-06-15,14.73,4.670948012232415,81.92689004986802,9.283870967741937,20.176129032258064,21.0,3.0,0.0,0.0,4.0,0.0,0.0,3.0,0.0,0.0,5.0,1.0,0.0,4.0,0.0,0.0,0.0,0.0,0.0
SD,2010-06-16,18.49774193548388,0.4350993377483444,75.2224524256639,11.098064516129032,25.89741935483871,7.0,1.0,4.0,0.0,1.0,0.0,0.0,3.0,1.0,0.0,4.0,0.0,0.0,1.0,0.0,0.0,0.0,1.0,0.0
SD,2010-06-17,20.53967741935484,6.571559633027523,65.37628471559279,14.145806451612902,26.93354838709677,4.0,0.0,17.0,0.0,5.0,0.0,0.0,1.0,0.0,3.0,1.0,0.0,0.0,4.0,0.0,0.0,0.0,0.0,0.0
SD,2010-06-18,17.632792207792207,0.2433898305084745,55.05273091447043,10.08051948051948,25.185064935064936,1.0,0.0,3.0,0.0,0.0,0.0,0.0,0.0,0.0,2.0,0.0,0.0,0.0,1.0,0.0,0.0,0.0,0.0,0.0
SD,2010-06-19,17.77682119205298,0.3470588235294117,67.58953870092691,10.48609271523179,25.107236842105262,4.0,0.0,4.0,0.0,2.0,1.0,0.0,0.0,0.0,1.0,0.0,0.0,0.0,2.0,0.0,0.0,0.0,0.0,0.0
SD,2010-06-20,20.168627450980395,2.548355263157895,72.57082680727117,13.675974025974025,26.662745098039217,8.0,0.0,25.0,0.0,7.0,0.0,0.0,1.0,0.0,2.0,3.0,0.0,0.0,5.0,0.0,0.0,0.0,0.0,0.0
SD,2010-06-21,20.965584415584413,11.5566765578635,77.61874786186343,14.010389610389607,27.92077922077922,9.0,0.0,28.0,0.0,5.0,0.0,0.0,1.0,0.0,3.0,3.0,0.0,0.0,6.0,0.0,0.0,0.0,0.0,0.0
SD,2010-06-22,21.35320512820513,4.572085889570552,76.72519116468015,14.734615384615385,27.97179487179488,13.0,2.0,32.0,0.0,8.0,0.0,0.0,3.0,0.0,7.0,3.0,0.0,0.0,5.0,0.0,0.0,0.0,0.0,0.0
SD,2010-06-23,19.96538461538461,14.060055865921788,77.35402995531547,13.57948717948718,26.35128205128205,6.0,0.0,23.0,0.0,5.0,0.0,0.0,0.0,0.0,2.0,3.0,0.0,0.0,5.0,0.0,0.0,0.0,0.0,0.0
SD,2010-06-24,19.88562091503268,0.5937293729372938,71.80708836376628,12.959477124183008,26.82857142857143,7.0,0.0,1.0,0.0,0.0,0.0,0.0,0.0,0.0,0.0,2.0,0.0,0.0,1.0,0.0,0.0,0.0,1.0,0.0
SD,2010-06-25,22.998376623376625,0.9296052631578948,72.84229566673635,16.453896103896106,29.542857142857144,3.0,0.0,9.0,0.0,3.0,0.0,0.0,0.0,0.0,0.0,1.0,0.0,0.0,5.0,0.0,0.0,0.0,0.0,0.0
SD,2010-06-26,23.084090909090907,3.4041935483870964,83.25760775096275,16.84025974025974,29.32792207792208,17.0,3.0,21.0,0.0,8.0,0.0,0.0,1.0,1.0,0.0,4.0,0.0,0.0,6.0,0.0,0.0,0.0,0.0,0.0
SD,2010-06-27,20.98474025974026,6.898456790123457,72.70488013447465,14.22922077922078,27.74025974025974,5.0,0.0,6.0,0.0,2.0,0.0,1.0,1.0,0.0,0.0,1.0,0.0,0.0,3.0,0.0,0.0,0.0,0.0,0.0
SD,2010-06-28,20.36032258064516,0.0921501706484641,67.73637315549335,13.283870967741937,27.436774193548384,0.0,0.0,0.0,0.0,0.0,0.0,0.0,0.0,0.0,0.0,0.0,0.0,0.0,0.0,0.0,0.0,0.0,0.0,0.0
SD,2010-06-29,20.485806451612905,0.0918439716312056,68.23567419578248,13.183225806451611,27.78838709677419,0.0,0.0,1.0,0.0,0.0,0.0,0.0,0.0,0.0,0.0,0.0,0.0,0.0,1.0,0.0,0.0,0.0,0.0,0.0
SD,2010-06-30,23.52175324675325,0.0374558303886925,62.31902268495073,16.19025974025974,30.85324675324675,0.0,0.0,1.0,0.0,0.0,0.0,0.0,0.0,0.0,0.0,0.0,0.0,0.0,0.0,0.0,0.0,0.0,0.0,0.0
SD,2010-07-01,24.906451612903226,0.1625418060200669,61.987458312470025,17.627096774193546,32.185806451612905,0.0,0.0,3.0,0.0,0.0,0.0,0.0,0.0,0.0,0.0,0.0,0.0,0.0,1.0,0.0,0.0,0.0,0.0,0.0
SD,2010-07-02,25.946428571428573,0.147986577181208,62.74241850468616,19.238311688311686,32.68064516129032,0.0,0.0,4.0,0.0,0.0,0.0,0.0,0.0,0.0,0.0,0.0,0.0,0.0,1.0,0.0,0.0,0.0,0.0,0.0
SD,2010-07-03,25.158496732026144,0.8881944444444444,68.43907685792651,18.68300653594771,31.633986928104576,6.0,1.0,16.0,0.0,4.0,0.0,0.0,1.0,0.0,2.0,3.0,0.0,0.0,4.0,0.0,0.0,0.0,0.0,0.0
SD,2010-07-04,20.95032894736842,13.460122699386504,75.2758874104057,14.771052631578948,27.09019607843137,6.0,0.0,18.0,0.0,5.0,0.0,0.0,2.0,0.0,1.0,3.0,0.0,0.0,6.0,0.0,0.0,0.0,0.0,0.0
SD,2010-07-05,19.69346405228758,1.676530612244898,76.70095714959234,13.720261437908496,25.62987012987013,7.0,1.0,8.0,0.0,4.0,0.0,0.0,1.0,0.0,0.0,2.0,0.0,0.0,4.0,0.0,0.0,0.0,0.0,0.0
SD,2010-07-06,18.893589743589743,3.4098726114649685,77.22441811878646,13.09044585987261,24.654140127388533,14.0,0.0,20.0,0.0,4.0,0.0,0.0,1.0,0.0,0.0,4.0,0.0,0.0,5.0,0.0,0.0,0.0,1.0,0.0
SD,2010-07-07,18.04839743589744,8.843413173652694,76.566383809971,12.270063694267517,23.798076923076923,4.0,0.0,12.0,0.0,3.0,0.0,0.0,0.0,0.0,0.0,1.0,0.0,0.0,4.0,0.0,0.0,0.0,0.0,0.0
SD,2010-07-08,18.91656050955414,0.0675585284280936,65.65466194026384,11.876433121019108,25.95668789808917,1.0,0.0,0.0,0.0,0.0,0.0,0.0,0.0,0.0,0.0,1.0,0.0,0.0,0.0,0.0,0.0,0.0,0.0,0.0
SD,2010-07-09,21.26170886075949,0.1795986622073578,61.57646228672148,13.137974683544304,29.38544303797468,1.0,0.0,2.0,0.0,0.0,0.0,0.0,1.0,0.0,0.0,1.0,0.0,0.0,1.0,0.0,0.0,0.0,0.0,0.0
SD,2010-07-10,23.39451612903225,0.6445578231292517,63.24866386945165,15.66967741935484,31.130128205128205,4.0,0.0,18.0,0.0,4.0,0.0,0.0,1.0,0.0,0.0,1.0,0.0,0.0,5.0,0.0,0.0,0.0,0.0,0.0
SD,2010-07-11,21.837419354838712,3.305448717948718,73.06350475230646,15.103870967741935,28.59423076923077,6.0,0.0,18.0,0.0,3.0,0.0,0.0,0.0,0.0,0.0,1.0,0.0,0.0,4.0,0.0,0.0,0.0,0.0,0.0
SD,2010-07-12,19.75705128205128,1.622082018927445,74.93188414068752,13.187179487179488,26.32692307692308,6.0,2.0,7.0,0.0,2.0,0.0,0.0,0.0,0.0,0.0,1.0,0.0,0.0,1.0,0.0,0.0,0.0,0.0,0.0
SD,2010-07-13,22.53885350318471,2.556386292834891,74.65629487822771,15.916560509554142,29.18417721518988,6.0,0.0,7.0,0.0,2.0,0.0,1.0,1.0,0.0,0.0,3.0,0.0,0.0,1.0,0.0,0.0,0.0,0.0,0.0
SD,2010-07-14,23.24203821656051,0.494078947368421,68.41677676482728,16.56645569620253,29.87197452229299,3.0,0.0,5.0,0.0,4.0,0.0,0.0,0.0,0.0,0.0,1.0,0.0,0.0,5.0,0.0,0.0,0.0,0.0,0.0
SD,2010-07-15,20.908227848101262,0.027027027027027,59.60681286354982,12.398101265822785,29.41835443037975,0.0,0.0,0.0,0.0,0.0,0.0,0.0,1.0,0.0,0.0,0.0,0.0,0.0,0.0,0.0,0.0,0.0,0.0,0.0
SD,2010-07-16,23.78386075949367,0.0,59.07575771663974,14.832911392405062,32.73481012658228,0.0,0.0,0.0,0.0,1.0,0.0,1.0,1.0,0.0,0.0,0.0,0.0,0.0,1.0,0.0,0.0,0.0,0.0,0.0
SD,2010-07-17,25.92516129032258,0.1452380952380952,62.221084542714046,17.48774193548387,34.38152866242038,3.0,0.0,9.0,0.0,3.0,0.0,0.0,0.0,0.0,0.0,0.0,0.0,0.0,3.0,0.0,0.0,0.0,0.0,0.0
SD,2010-07-18,23.550967741935484,2.524203821656051,66.72610948776492,15.363225806451617,31.699358974358976,3.0,0.0,18.0,0.0,5.0,0.0,1.0,2.0,0.0,1.0,0.0,0.0,0.0,3.0,0.0,0.0,0.0,0.0,0.0
SD,2010-07-19,21.52165605095541,4.514545454545455,71.98786069371333,15.0171974522293,28.02784810126582,8.0,1.0,30.0,0.0,10.0,0.0,0.0,0.0,0.0,2.0,1.0,0.0,0.0,5.0,0.0,0.0,0.0,0.0,0.0
SD,2010-07-20,21.077215189873417,3.857142857142857,74.51783980510051,14.437974683544304,27.71645569620253,6.0,0.0,13.0,0.0,2.0,0.0,0.0,0.0,0.0,0.0,1.0,0.0,0.0,2.0,0.0,0.0,0.0,0.0,0.0
SD,2010-07-21,21.205128205128204,4.894788273615635,76.6268130408647,15.19679487179487,27.21019108280255,18.0,2.0,21.0,0.0,6.0,0.0,0.0,0.0,0.0,0.0,5.0,0.0,0.0,6.0,0.0,0.0,0.0,0.0,0.0
SD,2010-07-22,21.764012738853506,21.32266288951841,83.60163395900996,16.219745222929937,27.308280254777067,18.0,0.0,18.0,0.0,4.0,0.0,0.0,0.0,0.0,0.0,4.0,0.0,0.0,4.0,0.0,0.0,0.0,0.0,0.0
SD,2010-07-23,21.73057324840764,2.270793650793651,79.83955173777997,15.282278481012655,28.187898089171973,10.0,3.0,14.0,0.0,6.0,0.0,0.0,0.0,1.0,0.0,4.0,0.0,0.0,4.0,0.0,0.0,0.0,0.0,0.0
SD,2010-07-24,20.338141025641026,6.7859375,75.25611990819081,13.363461538461538,27.312820512820515,6.0,0.0,10.0,0.0,3.0,0.0,0.0,0.0,0.0,1.0,1.0,0.0,0.0,0.0,0.0,0.0,0.0,0.0,0.0
SD,2010-07-25,21.444267515923567,0.0175862068965517,70.35022815085253,13.971337579617837,28.9171974522293,5.0,1.0,1.0,0.0,0.0,0.0,0.0,0.0,0.0,0.0,3.0,0.0,0.0,0.0,0.0,0.0,0.0,0.0,0.0
SD,2010-07-26,24.55352564102564,0.4960526315789474,70.82615167412075,17.139743589743592,31.98662420382165,0.0,0.0,9.0,0.0,1.0,0.0,0.0,0.0,0.0,0.0,0.0,0.0,0.0,0.0,0.0,0.0,0.0,0.0,0.0
SD,2010-07-27,25.22689873417721,0.9623333333333332,69.52945422224124,18.19873417721519,32.255063291139244,2.0,0.0,7.0,0.0,1.0,0.0,0.0,1.0,0.0,1.0,0.0,0.0,0.0,3.0,0.0,0.0,0.0,0.0,0.0
SD,2010-07-28,21.74620253164557,3.750310559006211,71.7954776299442,14.187974683544304,29.30443037974684,0.0,0.0,8.0,0.0,1.0,0.0,0.0,0.0,0.0,0.0,0.0,0.0,0.0,3.0,0.0,0.0,0.0,0.0,0.0
SD,2010-07-29,21.52179487179487,4.0901587301587305,77.47612311692579,15.735897435897437,27.314012738853503,11.0,0.0,20.0,0.0,4.0,0.0,0.0,0.0,0.0,0.0,4.0,0.0,0.0,4.0,0.0,0.0,0.0,0.0,0.0
SD,2010-07-30,22.92261146496816,14.0973293768546,78.34929597956332,16.65253164556962,29.18917197452229,18.0,3.0,7.0,0.0,3.0,0.0,0.0,0.0,0.0,0.0,4.0,0.0,0.0,4.0,0.0,0.0,0.0,0.0,0.0
SD,2010-07-31,24.575806451612905,0.7972318339100346,69.65859276460348,16.921935483870968,32.22967741935484,14.0,4.0,5.0,0.0,2.0,0.0,0.0,1.0,1.0,1.0,3.0,0.0,0.0,2.0,0.0,0.0,0.0,0.0,0.0
SD,2010-08-01,25.736451612903227,2.6201298701298703,72.09999099944575,18.95354838709677,32.489102564102566,3.0,0.0,14.0,0.0,2.0,0.0,0.0,0.0,0.0,1.0,0.0,0.0,0.0,3.0,0.0,0.0,0.0,0.0,0.0
SD,2010-08-02,25.18987341772152,4.106349206349206,77.40623816283097,19.075949367088608,31.303797468354432,9.0,0.0,15.0,0.0,3.0,0.0,0.0,1.0,0.0,0.0,4.0,0.0,0.0,3.0,0.0,0.0,0.0,0.0,0.0
SD,2010-08-03,23.47879746835444,4.877742946708464,82.2330358065563,17.174683544303797,29.78291139240506,22.0,4.0,23.0,0.0,7.0,0.0,0.0,0.0,2.0,1.0,6.0,0.0,0.0,5.0,0.0,0.0,0.0,0.0,0.0
SD,2010-08-04,21.801602564102566,9.518023255813953,74.82548254598278,15.159235668789808,28.480891719745223,5.0,1.0,10.0,0.0,2.0,0.0,0.0,0.0,0.0,0.0,0.0,0.0,0.0,2.0,0.0,0.0,0.0,0.0,0.0
SD,2010-08-05,21.003225806451614,0.4249146757679181,68.89530848299766,14.42948717948718,27.575,3.0,0.0,3.0,0.0,1.0,0.0,0.0,1.0,0.0,0.0,1.0,0.0,0.0,2.0,0.0,0.0,0.0,0.0,0.0
SD,2010-08-06,22.16217948717949,0.2003367003367003,70.19159506284016,14.641666666666666,29.70254777070064,4.0,0.0,7.0,0.0,1.0,0.0,0.0,1.0,0.0,1.0,1.0,0.0,0.0,1.0,0.0,0.0,0.0,0.0,0.0
SD,2010-08-07,24.60128205128205,2.1591216216216216,68.69600794960155,17.253205128205128,31.949358974358976,3.0,0.0,9.0,0.0,1.0,0.0,0.0,1.0,0.0,0.0,1.0,0.0,0.0,3.0,0.0,0.0,0.0,0.0,0.0
SD,2010-08-08,25.48397435897436,0.8251677852348993,71.58383581975134,18.55,32.42356687898089,6.0,1.0,8.0,0.0,5.0,0.0,0.0,1.0,1.0,2.0,2.0,0.0,0.0,5.0,0.0,0.0,0.0,0.0,0.0
SD,2010-08-09,24.46305732484076,2.5746875,74.59609740992887,16.91910828025478,32.01518987341772,4.0,2.0,7.0,0.0,0.0,0.0,0.0,1.0,0.0,2.0,2.0,0.0,0.0,1.0,0.0,0.0,0.0,0.0,0.0
SD,2010-08-10,25.09455128205128,6.256342182890855,74.90965495354699,18.255128205128205,31.94267515923567,9.0,1.0,10.0,0.0,5.0,0.0,0.0,1.0,0.0,0.0,5.0,0.0,0.0,6.0,0.0,0.0,0.0,0.0,0.0
SD,2010-08-11,25.24230769230769,1.12442996742671,67.6487068441143,17.379617834394903,33.12179487179487,7.0,3.0,5.0,0.0,2.0,0.0,0.0,0.0,1.0,1.0,2.0,0.0,0.0,2.0,0.0,0.0,0.0,0.0,0.0
SD,2010-08-12,26.27243589743589,1.5501567398119125,68.21973476346092,18.7,33.878343949044584,3.0,0.0,16.0,0.0,3.0,0.0,0.0,1.0,0.0,0.0,0.0,0.0,0.0,6.0,0.0,0.0,0.0,0.0,0.0
SD,2010-08-13,23.42083333333333,3.342901234567901,72.23981069700712,15.894904458598726,30.94807692307692,4.0,0.0,14.0,0.0,8.0,0.0,0.0,0.0,0.0,2.0,2.0,0.0,0.0,5.0,0.0,0.0,0.0,0.0,0.0
SD,2010-08-14,20.334516129032256,0.954071661237785,74.748307840734,14.338064516129032,26.330967741935485,2.0,0.0,5.0,0.0,4.0,0.0,0.0,0.0,0.0,0.0,0.0,0.0,0.0,5.0,0.0,0.0,0.0,0.0,0.0
SD,2010-08-15,18.068506493506494,0.5859060402684564,69.02628741584961,11.871428571428572,24.265584415584417,1.0,0.0,0.0,0.0,0.0,0.0,0.0,0.0,0.0,0.0,0.0,0.0,0.0,0.0,0.0,0.0,0.0,0.0,0.0
SD,2010-08-16,18.235443037974683,0.342809364548495,65.155833278513,11.278481012658228,25.19240506329114,0.0,0.0,3.0,0.0,1.0,0.0,0.0,1.0,0.0,0.0,0.0,0.0,0.0,1.0,0.0,0.0,0.0,0.0,0.0
SD,2010-08-17,19.731012658227847,0.7082781456953643,69.6314927012167,11.672784810126585,27.78924050632911,2.0,1.0,2.0,0.0,2.0,0.0,0.0,0.0,0.0,0.0,0.0,0.0,0.0,1.0,0.0,0.0,0.0,0.0,0.0
SD,2010-08-18,22.17643312101911,0.0657894736842105,71.13208923696722,14.222292993630576,30.14050632911392,9.0,0.0,4.0,0.0,1.0,0.0,0.0,1.0,0.0,0.0,1.0,0.0,0.0,1.0,0.0,0.0,0.0,0.0,0.0
SD,2010-08-19,23.21923076923077,0.5525423728813559,77.83198064415454,17.041666666666668,29.40764331210191,28.0,0.0,7.0,0.0,3.0,0.0,2.0,5.0,0.0,0.0,5.0,0.0,0.0,5.0,0.0,0.0,0.0,0.0,0.0
SD,2010-08-20,23.66464968152866,3.2240384615384614,72.16900483717872,16.653164556962025,30.69363057324841,20.0,0.0,5.0,0.0,1.0,0.0,1.0,1.0,0.0,0.0,4.0,0.0,0.0,1.0,0.0,0.0,0.0,0.0,0.0
SD,2010-08-21,24.44090909090909,0.0353146853146853,63.97428884464559,15.441558441558442,33.461290322580645,9.0,5.0,0.0,0.0,0.0,0.0,1.0,1.0,4.0,0.0,4.0,0.0,0.0,0.0,0.0,0.0,0.0,0.0,0.0
SD,2010-08-22,27.381818181818183,0.0,57.88277447937799,18.93636363636364,35.86666666666667,2.0,0.0,1.0,0.0,0.0,0.0,0.0,1.0,0.0,0.0,0.0,0.0,0.0,0.0,0.0,0.0,0.0,0.0,0.0
SD,2010-08-23,25.07151898734177,0.3433898305084745,65.52907267149043,17.16962025316456,32.97341772151899,3.0,0.0,2.0,0.0,5.0,0.0,0.0,0.0,0.0,1.0,1.0,0.0,0.0,6.0,0.0,0.0,0.0,0.0,0.0
SD,2010-08-24,17.965286624203824,2.1501639344262293,59.81807951084877,9.579746835443038,26.37133757961784,0.0,0.0,1.0,0.0,0.0,0.0,0.0,0.0,0.0,0.0,0.0,0.0,0.0,0.0,0.0,0.0,0.0,0.0,0.0
SD,2010-08-25,17.753184713375795,0.0,58.77947199382414,8.912101910828026,26.59426751592357,0.0,0.0,0.0,0.0,0.0,0.0,0.0,1.0,0.0,0.0,0.0,0.0,0.0,0.0,0.0,0.0,0.0,0.0,0.0
SD,2010-08-26,20.888291139240504,0.0,59.181827952917374,11.246835443037977,30.52974683544304,0.0,0.0,0.0,0.0,0.0,0.0,0.0,1.0,0.0,0.0,0.0,0.0,0.0,0.0,0.0,0.0,0.0,0.0,0.0
SD,2010-08-27,24.46677215189873,0.0037671232876712,52.78923907687179,14.601898734177215,34.33164556962025,0.0,0.0,2.0,0.0,1.0,0.0,0.0,0.0,0.0,0.0,0.0,0.0,0.0,2.0,0.0,0.0,0.0,0.0,0.0
SD,2010-08-28,24.80128205128205,0.0545454545454545,57.63434064010434,16.249358974358977,33.35320512820513,0.0,0.0,4.0,0.0,0.0,0.0,0.0,0.0,0.0,0.0,0.0,0.0,0.0,1.0,0.0,0.0,0.0,0.0,0.0
SD,2010-08-29,24.852884615384617,0.6828282828282829,60.55571198500078,17.584615384615383,32.121153846153845,0.0,0.0,8.0,0.0,0.0,0.0,0.0,0.0,0.0,0.0,0.0,0.0,0.0,0.0,0.0,0.0,0.0,0.0,0.0
SD,2010-08-30,23.85828025477707,2.308250825082508,70.86153960702983,17.01146496815287,30.70509554140128,9.0,0.0,19.0,0.0,5.0,0.0,0.0,0.0,0.0,0.0,4.0,0.0,0.0,6.0,0.0,0.0,0.0,0.0,0.0
SD,2010-08-31,19.147115384615383,14.752802359882006,75.6412449127356,11.959615384615384,26.334615384615383,7.0,0.0,13.0,0.0,3.0,0.0,0.0,0.0,0.0,2.0,2.0,0.0,0.0,3.0,0.0,0.0,0.0,0.0,0.0
SD,2010-09-01,17.328343949044587,0.7297029702970297,68.12285384798747,9.735031847133758,24.921656050955413,5.0,2.0,12.0,0.0,4.0,0.0,0.0,1.0,0.0,0.0,1.0,0.0,0.0,4.0,0.0,0.0,0.0,0.0,0.0
SD,2010-09-02,17.04551282051282,6.099382716049383,70.53646981784529,10.497452229299364,23.59423076923077,5.0,0.0,15.0,0.0,6.0,0.0,0.0,1.0,0.0,1.0,1.0,0.0,0.0,6.0,0.0,0.0,0.0,0.0,0.0
SD,2010-09-03,14.18774193548387,0.4483333333333333,64.78940153675057,6.563461538461539,21.82484076433121,0.0,0.0,0.0,0.0,0.0,0.0,0.0,2.0,0.0,0.0,0.0,0.0,0.0,0.0,0.0,0.0,0.0,0.0,0.0
SD,2010-09-04,15.478846153846153,0.0086805555555555,63.68527264914098,6.376282051282051,24.58141025641025,1.0,0.0,1.0,0.0,0.0,0.0,0.0,1.0,0.0,0.0,0.0,0.0,0.0,0.0,0.0,0.0,0.0,0.0,0.0
SD,2010-09-05,17.999358974358977,0.1678321678321678,69.22204785123964,9.833333333333334,26.165384615384617,0.0,0.0,2.0,0.0,0.0,0.0,0.0,0.0,0.0,0.0,0.0,0.0,0.0,2.0,0.0,0.0,0.0,0.0,0.0
SD,2010-09-06,16.336305732484078,5.304885993485342,83.06569529859202,10.159872611464968,22.512738853503183,12.0,0.0,23.0,1.0,5.0,0.0,0.0,1.0,0.0,0.0,6.0,0.0,0.0,6.0,0.0,0.0,0.0,0.0,0.0
SD,2010-09-07,13.034276729559748,8.095808383233534,65.52998982367696,6.790566037735849,19.27798742138365,2.0,0.0,2.0,0.0,2.0,0.0,0.0,1.0,0.0,0.0,0.0,0.0,0.0,2.0,0.0,0.0,0.0,0.0,0.0
SD,2010-09-08,15.54496855345912,0.7112582781456954,70.26321380332409,7.827044025157233,23.262893081761007,4.0,0.0,8.0,0.0,4.0,0.0,0.0,0.0,0.0,0.0,3.0,0.0,0.0,4.0,0.0,0.0,0.0,0.0,0.0
SD,2010-09-09,18.41392405063291,6.4297872340425535,76.90091251094384,11.625316455696202,25.253459119496856,14.0,1.0,15.0,0.0,3.0,0.0,0.0,0.0,0.0,0.0,4.0,0.0,0.0,6.0,0.0,0.0,0.0,0.0,0.0
SD,2010-09-10,17.735126582278482,8.457101449275362,78.70465345317405,11.88993710691824,23.55443037974684,9.0,0.0,16.0,0.0,7.0,0.0,0.0,0.0,0.0,0.0,4.0,1.0,0.0,5.0,0.0,0.0,0.0,0.0,0.0
SD,2010-09-11,15.67356687898089,1.2292763157894735,65.54367184191882,8.226114649681529,23.12101910828025,0.0,0.0,1.0,0.0,0.0,0.0,0.0,0.0,0.0,0.0,0.0,0.0,0.0,0.0,0.0,0.0,0.0,0.0,0.0
SD,2010-09-12,16.602866242038218,0.0433447098976109,58.95247405283322,7.462420382165605,25.743312101910828,2.0,0.0,0.0,0.0,0.0,0.0,0.0,3.0,0.0,0.0,0.0,0.0,0.0,0.0,0.0,0.0,0.0,0.0,0.0
SD,2010-09-13,17.68427672955975,0.0084745762711864,59.820941996725566,7.951874999999999,27.42578616352201,1.0,0.0,0.0,0.0,0.0,0.0,0.0,1.0,0.0,0.0,0.0,0.0,0.0,0.0,0.0,0.0,0.0,0.0,0.0
SD,2010-09-14,17.0771875,0.2387205387205387,72.6678058663656,9.233125,24.92125,10.0,1.0,7.0,0.0,2.0,0.0,0.0,0.0,0.0,0.0,2.0,0.0,0.0,4.0,0.0,0.0,0.0,0.0,0.0
SD,2010-09-15,15.43867924528302,13.781714285714289,84.75901481718421,10.263522012578616,20.61383647798742,13.0,2.0,27.0,1.0,6.0,0.0,0.0,2.0,0.0,1.0,4.0,1.0,0.0,4.0,0.0,0.0,0.0,0.0,0.0
SD,2010-09-16,14.2215625,8.284821428571428,78.58392167564415,6.703125,21.74,23.0,4.0,6.0,0.0,0.0,0.0,0.0,1.0,2.0,0.0,4.0,1.0,0.0,1.0,0.0,0.0,0.0,0.0,0.0
SD,2010-09-17,13.812893081761006,0.2438943894389439,77.73416700116775,6.276729559748428,21.349056603773583,11.0,1.0,0.0,0.0,0.0,0.0,0.0,1.0,0.0,0.0,1.0,0.0,0.0,2.0,0.0,0.0,0.0,0.0,0.0
SD,2010-09-18,8.265506329113924,1.132484076433121,79.59495569524479,2.751898734177215,13.779113924050632,14.0,1.0,6.0,0.0,5.0,0.0,0.0,0.0,0.0,0.0,1.0,0.0,0.0,6.0,0.0,0.0,0.0,0.0,0.0
SD,2010-09-19,9.196178343949043,0.3488448844884488,74.7399118487782,5.039240506329114,13.338853503184712,7.0,0.0,1.0,0.0,0.0,0.0,0.0,0.0,0.0,0.0,2.0,0.0,0.0,0.0,0.0,0.0,0.0,0.0,0.0
SD,2010-09-20,15.35,0.3185897435897435,72.98053095213751,8.250625,22.55094339622641,19.0,0.0,2.0,0.0,1.0,0.0,0.0,2.0,0.0,0.0,4.0,1.0,0.0,2.0,0.0,0.0,0.0,0.0,0.0
SD,2010-09-21,16.244374999999998,1.6352941176470588,70.95477443164972,7.720000000000001,24.76875,2.0,0.0,7.0,0.0,1.0,1.0,0.0,0.0,0.0,0.0,0.0,0.0,0.0,1.0,0.0,0.0,0.0,0.0,0.0
SD,2010-09-22,14.2278125,1.8996699669967,82.18170896447465,8.083124999999999,20.3725,16.0,1.0,11.0,0.0,9.0,1.0,0.0,3.0,0.0,0.0,5.0,0.0,0.0,6.0,0.0,0.0,0.0,0.0,0.0
SD,2010-09-23,12.745625,16.24581005586592,93.05074026824823,8.27125,17.22,21.0,1.0,5.0,0.0,7.0,0.0,0.0,0.0,0.0,0.0,6.0,0.0,0.0,6.0,0.0,0.0,0.0,0.0,0.0
SD,2010-09-24,11.829559748427672,9.07683284457478,75.35627257059181,5.521875,18.161635220125785,6.0,0.0,1.0,0.0,1.0,0.0,0.0,1.0,0.0,0.0,0.0,1.0,0.0,2.0,0.0,0.0,0.0,0.0,0.0
SD,2010-09-25,14.04140127388535,1.6845425867507886,70.15978715360016,6.763057324840764,21.31974522292993,4.0,0.0,6.0,0.0,6.0,0.0,0.0,1.0,0.0,0.0,2.0,0.0,0.0,4.0,0.0,0.0,0.0,0.0,0.0
SD,2010-09-26,15.520382165605094,0.177815699658703,67.38698568851119,7.042675159235669,23.99808917197452,9.0,4.0,0.0,0.0,0.0,0.0,0.0,0.0,3.0,0.0,3.0,0.0,0.0,0.0,0.0,0.0,0.0,0.0,0.0
SD,2010-09-27,17.388535031847134,0.0010416666666666,61.39435418300241,9.494904458598729,25.282165605095543,0.0,0.0,0.0,0.0,0.0,0.0,0.0,2.0,0.0,0.0,0.0,0.0,0.0,0.0,0.0,0.0,0.0,0.0,0.0
SD,2010-09-28,17.191935483870967,0.0,67.22490881106638,7.497452229299363,26.85419354838709,7.0,1.0,0.0,0.0,0.0,0.0,0.0,0.0,1.0,0.0,2.0,0.0,0.0,0.0,0.0,0.0,0.0,0.0,0.0
SD,2010-09-29,16.896496815286625,0.0,61.530455004871484,8.73248407643312,25.06050955414013,0.0,0.0,0.0,0.0,0.0,0.0,0.0,1.0,0.0,0.0,0.0,0.0,0.0,0.0,0.0,0.0,0.0,0.0,0.0
SD,2010-09-30,14.017307692307693,0.0,62.13721499154355,5.31656050955414,22.68012820512821,1.0,0.0,0.0,0.0,0.0,0.0,0.0,0.0,0.0,0.0,0.0,0.0,0.0,0.0,0.0,0.0,0.0,0.0,0.0
SD,2010-10-01,13.791612903225806,0.0,64.05917807566466,5.267096774193548,22.316129032258065,2.0,0.0,0.0,0.0,0.0,0.0,0.0,3.0,0.0,0.0,0.0,0.0,0.0,0.0,0.0,0.0,0.0,0.0,0.0
SD,2010-10-02,10.370065789473683,0.0,69.98020002059779,1.618421052631579,19.12171052631579,3.0,1.0,0.0,0.0,0.0,0.0,0.0,2.0,0.0,0.0,0.0,0.0,0.0,0.0,0.0,0.0,0.0,0.0,0.0
SD,2010-10-03,11.145424836601308,0.0,61.52327171359203,3.073856209150327,19.216993464052287,0.0,0.0,0.0,0.0,0.0,0.0,0.0,1.0,0.0,0.0,0.0,0.0,0.0,0.0,0.0,0.0,0.0,0.0,0.0
SD,2010-10-04,14.152258064516127,0.0085034013605442,59.77430547773788,5.472903225806451,22.831612903225807,0.0,0.0,0.0,0.0,0.0,0.0,0.0,0.0,0.0,0.0,0.0,0.0,0.0,0.0,0.0,0.0,0.0,0.0,0.0
SD,2010-10-05,17.65422077922078,0.0,55.55057190730548,9.06233766233766,26.234193548387097,0.0,0.0,0.0,0.0,0.0,0.0,0.0,3.0,0.0,0.0,0.0,0.0,0.0,0.0,0.0,0.0,0.0,0.0,0.0
SD,2010-10-06,16.400000000000002,0.0175862068965517,61.24565090148783,7.850955414012739,24.94904458598726,2.0,0.0,0.0,0.0,0.0,0.0,3.0,3.0,0.0,0.0,0.0,0.0,0.0,0.0,0.0,0.0,0.0,0.0,0.0
SD,2010-10-07,15.37142857142857,0.0138888888888888,59.095407213140696,6.277922077922078,24.464935064935062,1.0,0.0,0.0,0.0,0.0,0.0,0.0,3.0,0.0,0.0,0.0,0.0,0.0,0.0,0.0,0.0,0.0,0.0,0.0
SD,2010-10-08,18.52922077922078,0.1585964912280701,56.39595898285197,9.258709677419354,27.7974025974026,1.0,0.0,7.0,0.0,1.0,0.0,0.0,3.0,0.0,1.0,0.0,0.0,0.0,1.0,0.0,0.0,0.0,0.0,0.0
SD,2010-10-09,16.929276315789473,2.203606557377049,73.6342710167172,9.526973684210526,24.33157894736842,8.0,0.0,8.0,0.0,3.0,0.0,0.0,2.0,0.0,0.0,1.0,0.0,0.0,5.0,0.0,0.0,0.0,0.0,0.0
SD,2010-10-10,14.73896103896104,4.989180327868852,79.04293090776186,8.03896103896104,21.43896103896104,19.0,4.0,7.0,0.0,2.0,0.0,1.0,3.0,2.0,0.0,3.0,0.0,0.0,2.0,0.0,0.0,0.0,0.0,0.0
SD,2010-10-11,15.545779220779222,0.4809688581314879,71.87478572325236,7.448701298701298,23.642857142857142,8.0,0.0,3.0,0.0,0.0,0.0,0.0,2.0,0.0,0.0,2.0,0.0,0.0,1.0,0.0,0.0,0.0,0.0,0.0
SD,2010-10-12,13.87077922077922,0.6600671140939597,69.92237037628918,6.466233766233766,21.27532467532468,2.0,0.0,0.0,0.0,1.0,0.0,1.0,1.0,0.0,0.0,1.0,0.0,0.0,3.0,0.0,0.0,0.0,0.0,0.0
SD,2010-10-13,9.434415584415586,0.0,59.56961046319848,1.3709677419354838,17.44935064935065,0.0,0.0,0.0,0.0,0.0,0.0,1.0,2.0,0.0,0.0,0.0,0.0,0.0,0.0,0.0,0.0,0.0,0.0,0.0
SD,2010-10-14,11.341612903225808,0.0,53.22839325112531,2.4832258064516126,20.2,0.0,0.0,0.0,0.0,0.0,0.0,1.0,2.0,0.0,0.0,0.0,0.0,0.0,0.0,0.0,0.0,0.0,0.0,0.0
SD,2010-10-15,12.902614379084966,0.0017241379310344,56.94286484581792,2.949019607843137,22.81233766233766,2.0,0.0,0.0,0.0,0.0,0.0,0.0,2.0,0.0,0.0,0.0,0.0,0.0,0.0,0.0,0.0,0.0,0.0,0.0
SD,2010-10-16,11.608496732026143,0.0184668989547038,53.66362339521346,3.2705882352941176,19.94640522875817,0.0,0.0,0.0,0.0,0.0,0.0,0.0,2.0,0.0,0.0,0.0,0.0,0.0,0.0,0.0,0.0,0.0,0.0,0.0
SD,2010-10-17,7.977333333333333,0.0669039145907473,62.20770671858969,1.3326666666666669,14.57682119205298,0.0,0.0,0.0,0.0,1.0,0.0,0.0,0.0,0.0,0.0,0.0,0.0,0.0,2.0,0.0,0.0,0.0,0.0,0.0
SD,2010-10-18,6.712662337662338,0.1444827586206896,68.46722071746615,-0.6733766233766234,14.043870967741936,8.0,2.0,0.0,0.0,0.0,0.0,1.0,1.0,0.0,0.0,4.0,0.0,0.0,0.0,0.0,0.0,0.0,0.0,2.0
SD,2010-10-19,7.975816993464052,0.003103448275862,64.53011392711663,0.1450980392156863,15.74258064516129,6.0,1.0,0.0,0.0,0.0,0.0,0.0,3.0,1.0,0.0,2.0,0.0,0.0,0.0,0.0,1.0,0.0,0.0,0.0
SD,2010-10-20,10.065460526315787,0.0,54.99442970310229,1.5217105263157895,18.52987012987013,0.0,0.0,0.0,0.0,0.0,0.0,0.0,2.0,0.0,0.0,0.0,0.0,0.0,0.0,0.0,0.0,0.0,0.0,0.0
SD,2010-10-21,9.389285714285714,0.0,57.71996370717359,-0.4551948051948051,19.14903225806452,1.0,0.0,0.0,0.0,0.0,0.0,0.0,2.0,0.0,0.0,0.0,0.0,0.0,0.0,0.0,0.0,0.0,0.0,0.0
SD,2010-10-22,11.00718954248366,0.0741134751773049,58.80923761401259,1.4686274509803925,20.570779220779222,2.0,0.0,3.0,0.0,0.0,0.0,0.0,3.0,0.0,0.0,0.0,0.0,0.0,2.0,0.0,1.0,0.0,0.0,0.0
SD,2010-10-23,11.925165562913907,2.501333333333333,83.43682941781888,5.416556291390728,18.433774834437084,17.0,3.0,8.0,0.0,5.0,0.0,1.0,4.0,0.0,0.0,6.0,0.0,0.0,6.0,0.0,0.0,0.0,0.0,0.0
SD,2010-10-24,10.138741721854306,4.021172638436482,90.99119469962632,6.711920529801325,13.565562913907286,34.0,4.0,6.0,0.0,1.0,0.0,0.0,0.0,0.0,0.0,6.0,0.0,0.0,2.0,0.0,0.0,0.0,0.0,0.0
SD,2010-10-25,9.866233766233767,2.1886363636363635,83.87672242100552,6.39025974025974,13.342207792207793,23.0,0.0,0.0,0.0,5.0,0.0,0.0,1.0,0.0,1.0,5.0,0.0,0.0,6.0,0.0,0.0,0.0,0.0,0.0
SD,2010-10-26,6.366666666666667,8.822658610271905,77.46012578293798,2.686928104575164,10.067532467532468,7.0,1.0,0.0,1.0,4.0,0.0,0.0,2.0,0.0,8.0,1.0,0.0,0.0,4.0,0.0,1.0,1.0,0.0,0.0
SD,2010-10-27,2.2186274509803923,1.6178807947019869,72.0342950649833,-1.2064935064935065,5.647712418300654,13.0,2.0,0.0,1.0,1.0,1.0,0.0,0.0,0.0,13.0,3.0,0.0,0.0,5.0,0.0,5.0,1.0,0.0,0.0
SD,2010-10-28,1.1657894736842107,0.639795918367347,67.98960263459502,-4.350980392156863,6.627922077922078,0.0,0.0,0.0,0.0,0.0,0.0,0.0,1.0,0.0,2.0,0.0,0.0,0.0,0.0,0.0,0.0,0.0,0.0,0.0
SD,2010-10-29,5.52875816993464,0.002787456445993,61.54143679288625,-2.57843137254902,13.551298701298702,0.0,0.0,0.0,0.0,0.0,0.0,0.0,1.0,0.0,0.0,0.0,0.0,0.0,0.0,0.0,0.0,0.0,0.0,0.0
SD,2010-10-30,7.109150326797386,0.0487544483985765,66.83671239054156,-0.5294117647058824,14.747712418300654,1.0,0.0,0.0,0.0,0.0,0.0,0.0,0.0,0.0,0.0,0.0,0.0,0.0,1.0,0.0,0.0,0.0,0.0,0.0
SD,2010-10-31,5.845065789473685,0.3444839857651245,80.6544930743529,-0.2802631578947368,11.92091503267974,12.0,2.0,1.0,0.0,1.0,0.0,0.0,1.0,1.0,0.0,4.0,0.0,0.0,2.0,0.0,0.0,0.0,0.0,3.0
SD,2010-11-01,6.939808917197452,0.1959044368600682,71.42389946335024,0.6139240506329114,13.237974683544303,6.0,1.0,0.0,0.0,1.0,0.0,0.0,0.0,0.0,0.0,1.0,0.0,0.0,1.0,0.0,0.0,0.0,0.0,0.0
SD,2010-11-02,8.921656050955415,0.0052447552447552,68.15492344862312,0.6515923566878981,17.135443037974685,3.0,2.0,0.0,0.0,0.0,0.0,0.0,1.0,1.0,0.0,1.0,0.0,0.0,2.0,0.0,0.0,0.0,0.0,1.0
SD,2010-11-03,8.843589743589742,0.0010526315789473,61.977123314788784,1.3512820512820514,16.335897435897436,0.0,0.0,0.0,0.0,0.0,0.0,0.0,1.0,0.0,0.0,0.0,0.0,0.0,0.0,0.0,0.0,0.0,0.0,0.0
SD,2010-11-04,4.87,0.0,60.47141997489908,-2.6393548387096777,12.379354838709675,0.0,0.0,0.0,0.0,0.0,0.0,0.0,1.0,0.0,0.0,0.0,0.0,0.0,0.0,0.0,0.0,0.0,0.0,0.0
SD,2010-11-05,4.504140127388535,0.0,62.16664028117171,-4.551592356687898,13.559872611464968,1.0,1.0,0.0,0.0,0.0,0.0,0.0,0.0,1.0,0.0,1.0,0.0,0.0,0.0,0.0,0.0,0.0,0.0,1.0
SD,2010-11-06,9.09248366013072,0.0,55.09050941195435,-0.5633986928104575,18.74836601307189,0.0,0.0,0.0,0.0,0.0,0.0,0.0,0.0,0.0,0.0,0.0,0.0,0.0,0.0,0.0,0.0,0.0,0.0,0.0
SD,2010-11-07,12.03954248366013,0.0263345195729537,60.05501948724438,2.8973856209150326,21.15974025974026,0.0,0.0,0.0,0.0,0.0,0.0,0.0,0.0,0.0,0.0,0.0,0.0,0.0,0.0,0.0,0.0,0.0,0.0,0.0
SD,2010-11-08,12.131935483870969,0.0046263345195729,58.34807465211948,3.126451612903226,21.14807692307692,0.0,0.0,0.0,0.0,0.0,0.0,0.0,3.0,0.0,0.0,0.0,0.0,0.0,0.0,0.0,0.0,0.0,0.0,0.0
SD,2010-11-09,9.733870967741936,0.1526315789473684,69.727438876715,1.9865384615384607,17.47935483870968,5.0,0.0,0.0,1.0,1.0,1.0,0.0,3.0,0.0,0.0,1.0,0.0,0.0,2.0,0.0,1.0,0.0,0.0,0.0
SD,2010-11-10,4.938141025641026,0.5267123287671233,80.58810607611923,0.2371794871794871,9.6484076433121,3.0,0.0,0.0,2.0,3.0,0.0,0.0,0.0,0.0,0.0,1.0,1.0,0.0,3.0,0.0,0.0,0.0,0.0,0.0
SD,2010-11-11,1.366774193548387,0.4989436619718309,73.79400522494257,-4.0361290322580645,6.769677419354839,1.0,0.0,0.0,0.0,1.0,0.0,0.0,1.0,0.0,0.0,0.0,0.0,0.0,1.0,0.0,0.0,0.0,0.0,0.0
SD,2010-11-12,1.4902597402597402,0.6114982578397212,77.18595799780142,-4.653896103896104,7.634415584415585,7.0,2.0,0.0,0.0,1.0,0.0,0.0,1.0,0.0,0.0,2.0,0.0,0.0,1.0,0.0,0.0,0.0,0.0,1.0
SD,2010-11-13,0.6826797385620915,0.0836879432624113,77.92102665963455,-4.918300653594772,6.283660130718954,17.0,4.0,0.0,0.0,1.0,0.0,0.0,2.0,3.0,0.0,4.0,0.0,0.0,2.0,0.0,1.0,1.0,0.0,3.0
SD,2010-11-14,0.3058823529411764,0.1587188612099644,79.92077970799241,-5.0,5.611764705882353,6.0,1.0,0.0,0.0,0.0,0.0,2.0,3.0,0.0,0.0,4.0,0.0,0.0,2.0,0.0,3.0,0.0,0.0,0.0
SD,2010-11-15,1.0596774193548386,0.4498293515358362,85.49974817548718,-3.3096774193548386,5.429032258064516,11.0,0.0,0.0,1.0,2.0,0.0,0.0,1.0,0.0,0.0,4.0,0.0,0.0,6.0,0.0,4.0,1.0,0.0,0.0
SD,2010-11-16,0.5480392156862746,0.5265306122448979,88.52146000713344,-3.850649350649351,4.92483660130719,26.0,3.0,0.0,0.0,1.0,0.0,3.0,4.0,0.0,0.0,6.0,0.0,0.0,2.0,0.0,3.0,0.0,0.0,0.0
SD,2010-11-17,-0.3629032258064516,1.0751748251748252,87.56272955704787,-3.973548387096774,3.247741935483871,20.0,1.0,0.0,0.0,1.0,0.0,0.0,2.0,0.0,0.0,6.0,1.0,0.0,2.0,0.0,4.0,2.0,0.0,0.0
SD,2010-11-18,-0.2158064516129032,0.097864768683274,79.79432042146053,-4.835483870967742,4.403870967741936,5.0,0.0,0.0,0.0,0.0,1.0,0.0,0.0,0.0,0.0,1.0,0.0,0.0,0.0,0.0,0.0,0.0,0.0,0.0
SD,2010-11-19,-1.0616883116883118,0.0011029411764705,71.26075168657563,-7.117532467532467,4.976129032258064,0.0,0.0,0.0,0.0,0.0,0.0,0.0,1.0,0.0,0.0,0.0,0.0,0.0,0.0,0.0,0.0,0.0,0.0,0.0
SD,2010-11-20,-6.6359477124183,0.0380597014925373,71.56881649538046,-10.30326797385621,-2.9686274509803923,6.0,1.0,0.0,0.0,0.0,2.0,0.0,2.0,0.0,0.0,3.0,1.0,1.0,0.0,0.0,0.0,0.0,0.0,0.0
SD,2010-11-21,-7.191118421052631,0.2660583941605839,85.42177202577639,-10.04313725490196,-4.3315789473684205,16.0,1.0,0.0,2.0,1.0,8.0,0.0,0.0,0.0,0.0,6.0,1.0,1.0,0.0,0.0,3.0,0.0,0.0,1.0
SD,2010-11-22,-10.372903225806452,2.559074733096085,83.60467965827567,-14.451612903225806,-6.2941935483870965,14.0,1.0,0.0,1.0,0.0,6.0,0.0,8.0,0.0,0.0,5.0,1.0,0.0,5.0,1.0,6.0,1.0,0.0,1.0
SD,2010-11-23,-13.04102564102564,0.4403571428571428,82.4694034040425,-19.856410256410257,-6.225641025641026,9.0,1.0,0.0,0.0,0.0,0.0,0.0,1.0,1.0,1.0,2.0,0.0,0.0,1.0,0.0,2.0,0.0,0.0,0.0
SD,2010-11-24,-11.542948717948718,0.1611510791366906,81.03187192632811,-18.243589743589745,-4.842307692307692,12.0,0.0,0.0,0.0,2.0,5.0,0.0,5.0,1.0,1.0,2.0,1.0,1.0,5.0,3.0,6.0,3.0,0.0,0.0
SD,2010-11-25,-13.355592105263158,0.1172932330827067,70.66342733282863,-20.090131578947368,-6.599346405228759,4.0,0.0,0.0,1.0,0.0,1.0,0.0,4.0,0.0,0.0,1.0,0.0,0.0,2.0,0.0,3.0,0.0,0.0,0.0
SD,2010-11-26,-5.947368421052632,0.0313432835820895,67.84242266366032,-12.54078947368421,0.6460526315789474,2.0,0.0,0.0,0.0,0.0,0.0,0.0,0.0,0.0,1.0,2.0,0.0,0.0,3.0,0.0,3.0,0.0,0.0,0.0
SD,2010-11-27,-1.8565789473684209,0.0235955056179775,71.63877735498664,-8.373684210526315,4.660526315789474,1.0,1.0,0.0,0.0,0.0,0.0,0.0,0.0,1.0,0.0,1.0,0.0,0.0,0.0,0.0,0.0,0.0,0.0,1.0
SD,2010-11-28,-0.2903973509933774,0.0522727272727272,65.48045521529674,-6.346357615894039,5.727631578947369,3.0,0.0,0.0,0.0,0.0,0.0,0.0,0.0,1.0,0.0,1.0,0.0,0.0,0.0,0.0,1.0,0.0,0.0,0.0
SD,2010-11-29,-3.797727272727273,0.9613970588235294,80.63758345161125,-8.247402597402596,0.6870967741935484,14.0,1.0,1.0,1.0,0.0,1.0,0.0,2.0,2.0,0.0,5.0,1.0,0.0,5.0,0.0,6.0,1.0,0.0,1.0
SD,2010-11-30,-7.917207792207792,0.9151079136690649,75.23444234356896,-11.242857142857144,-4.591558441558441,7.0,0.0,0.0,0.0,0.0,0.0,0.0,2.0,1.0,0.0,1.0,0.0,0.0,5.0,0.0,5.0,2.0,0.0,0.0
SD,2010-12-01,-8.838815789473685,0.1523636363636363,76.31289027627618,-15.154248366013071,-2.542483660130719,4.0,0.0,0.0,0.0,0.0,0.0,0.0,0.0,0.0,0.0,2.0,0.0,0.0,1.0,0.0,1.0,0.0,0.0,0.0
SD,2010-12-02,-5.938387096774194,0.1303370786516854,77.9692339824219,-11.553548387096772,-0.3232258064516128,9.0,0.0,0.0,0.0,0.0,0.0,0.0,1.0,0.0,0.0,2.0,0.0,0.0,1.0,0.0,1.0,0.0,0.0,0.0
SD,2010-12-03,-4.4890322580645154,0.7215328467153285,82.85291205548987,-9.061290322580644,0.0832258064516129,10.0,1.0,0.0,0.0,0.0,0.0,1.0,4.0,2.0,0.0,6.0,0.0,0.0,5.0,0.0,4.0,1.0,0.0,2.0
SD,2010-12-04,-6.217666666666666,1.038661710037175,83.13064357358097,-10.54569536423841,-1.8786666666666667,7.0,0.0,0.0,0.0,0.0,0.0,1.0,4.0,0.0,0.0,2.0,1.0,1.0,4.0,0.0,4.0,0.0,0.0,0.0
SD,2010-12-05,-8.575816993464052,0.0303370786516853,84.73573182398863,-13.600653594771243,-3.5509803921568626,14.0,1.0,0.0,0.0,0.0,0.0,3.0,5.0,0.0,0.0,5.0,0.0,0.0,4.0,0.0,4.0,0.0,0.0,0.0
SD,2010-12-06,-7.75064935064935,0.0116541353383458,81.7278858364977,-14.12922077922078,-1.3720779220779222,23.0,2.0,0.0,0.0,0.0,0.0,0.0,2.0,1.0,0.0,5.0,0.0,0.0,3.0,0.0,3.0,0.0,0.0,1.0
SD,2010-12-07,-7.866339869281045,0.0,82.79980419610962,-14.462091503267972,-1.2705882352941176,14.0,1.0,0.0,0.0,0.0,0.0,0.0,3.0,0.0,0.0,4.0,0.0,0.0,0.0,0.0,0.0,0.0,0.0,1.0
SD,2010-12-08,-7.568709677419355,0.0157303370786516,84.99128788106991,-13.312903225806451,-1.8245161290322585,26.0,2.0,0.0,0.0,0.0,0.0,1.0,5.0,0.0,0.0,5.0,0.0,0.0,4.0,0.0,5.0,0.0,0.0,2.0
SD,2010-12-09,-2.38,0.0045977011494252,73.41561373695262,-9.21483870967742,4.45483870967742,8.0,1.0,0.0,0.0,0.0,0.0,2.0,5.0,1.0,0.0,3.0,0.0,0.0,0.0,0.0,0.0,0.0,0.0,1.0
SD,2010-12-10,-0.7724025974025974,0.3316981132075472,77.03215670373032,-8.005194805194805,6.46038961038961,17.0,2.0,0.0,0.0,2.0,0.0,0.0,3.0,2.0,0.0,4.0,0.0,0.0,5.0,1.0,5.0,2.0,0.0,2.0
SD,2010-12-11,-9.139473684210529,2.403703703703704,82.35564850589368,-16.570779220779222,-1.6914473684210525,11.0,3.0,0.0,1.0,0.0,0.0,2.0,6.0,3.0,3.0,2.0,0.0,0.0,5.0,0.0,6.0,2.0,0.0,2.0
SD,2010-12-12,-15.319281045751634,0.5525096525096524,74.18242051315184,-20.345454545454544,-10.305228758169935,2.0,0.0,0.0,0.0,0.0,0.0,0.0,1.0,0.0,1.0,1.0,0.0,0.0,0.0,0.0,1.0,0.0,0.0,0.0
SD,2010-12-13,-11.311290322580644,0.0954716981132075,71.34216176716545,-16.238709677419354,-6.383870967741935,1.0,0.0,0.0,0.0,0.0,0.0,0.0,1.0,0.0,0.0,0.0,0.0,0.0,1.0,0.0,1.0,0.0,0.0,0.0
SD,2010-12-14,-6.602903225806452,0.0203007518796992,75.51951067964066,-11.36451612903226,-1.8412903225806447,0.0,0.0,0.0,0.0,0.0,0.0,0.0,1.0,0.0,0.0,0.0,0.0,0.0,0.0,0.0,0.0,0.0,0.0,0.0
SD,2010-12-15,-4.556168831168831,0.3694656488549618,77.32336133822605,-8.666883116883117,-0.4787096774193548,12.0,0.0,1.0,2.0,0.0,2.0,0.0,3.0,0.0,0.0,6.0,0.0,0.0,6.0,0.0,6.0,1.0,0.0,0.0
SD,2010-12-16,-6.336451612903225,1.2863117870722434,81.83405161800984,-10.314193548387095,-2.358709677419355,14.0,1.0,0.0,0.0,0.0,1.0,2.0,7.0,1.0,0.0,5.0,0.0,0.0,4.0,0.0,4.0,0.0,0.0,1.0
SD,2010-12-17,-8.510645161290324,0.0555555555555555,83.55548177392444,-12.807741935483872,-4.213548387096775,10.0,0.0,0.0,0.0,0.0,0.0,1.0,4.0,0.0,0.0,2.0,0.0,0.0,2.0,0.0,2.0,1.0,0.0,0.0
SD,2010-12-18,-11.247039473684213,0.009765625,82.90108438876429,-15.86842105263158,-6.625657894736842,4.0,0.0,0.0,0.0,0.0,0.0,0.0,0.0,0.0,0.0,1.0,0.0,0.0,0.0,0.0,1.0,0.0,0.0,0.0
SD,2010-12-19,-11.476973684210526,0.1199233716475095,86.46456524564748,-16.50328947368421,-6.4506578947368425,12.0,1.0,0.0,0.0,0.0,1.0,0.0,1.0,0.0,0.0,4.0,1.0,1.0,1.0,0.0,2.0,0.0,0.0,0.0
SD,2010-12-20,-6.822077922077922,2.5974452554744523,89.48346416962835,-11.515584415584415,-2.128571428571429,15.0,4.0,0.0,1.0,1.0,3.0,0.0,3.0,2.0,0.0,4.0,0.0,0.0,6.0,2.0,6.0,1.0,0.0,5.0
SD,2010-12-21,-8.074342105263158,1.961742424242424,79.77090859163923,-13.438815789473685,-2.709868421052632,4.0,0.0,0.0,0.0,0.0,0.0,0.0,1.0,0.0,0.0,1.0,0.0,0.0,2.0,0.0,4.0,0.0,0.0,0.0
SD,2010-12-22,-10.312012987012986,0.1119230769230769,86.01512869858927,-15.144155844155843,-5.47987012987013,12.0,0.0,0.0,0.0,0.0,0.0,0.0,5.0,0.0,0.0,4.0,0.0,0.0,1.0,0.0,2.0,0.0,0.0,0.0
SD,2010-12-23,-6.5888888888888895,1.2962825278810408,88.18700544354446,-9.754901960784316,-3.4228758169934643,27.0,6.0,0.0,4.0,0.0,7.0,0.0,4.0,3.0,0.0,5.0,0.0,0.0,6.0,1.0,6.0,2.0,0.0,4.0
SD,2010-12-24,-5.734967320261438,2.5274509803921568,91.15664084615372,-7.975816993464052,-3.494117647058824,30.0,2.0,0.0,0.0,0.0,1.0,2.0,6.0,0.0,0.0,6.0,0.0,0.0,4.0,0.0,5.0,0.0,0.0,2.0
SD,2010-12-25,-6.914473684210527,0.133201581027668,89.34099183984686,-10.364473684210529,-3.4644736842105264,25.0,2.0,0.0,0.0,0.0,0.0,0.0,3.0,1.0,0.0,6.0,0.0,0.0,2.0,0.0,3.0,0.0,0.0,3.0
SD,2010-12-26,-7.765771812080536,0.0089494163424124,84.36655217962516,-12.52013422818792,-3.0114093959731543,23.0,2.0,0.0,0.0,0.0,0.0,1.0,6.0,2.0,0.0,5.0,0.0,0.0,3.0,0.0,4.0,1.0,0.0,4.0
SD,2010-12-27,-4.974509803921569,0.0084291187739463,77.28810603862557,-10.598692810457516,0.5915584415584415,8.0,0.0,0.0,0.0,0.0,0.0,0.0,1.0,0.0,1.0,4.0,0.0,0.0,2.0,0.0,2.0,0.0,0.0,0.0
SD,2010-12-28,-3.541290322580645,0.0088803088803088,72.55619011218357,-10.011612903225808,2.9290322580645163,2.0,0.0,0.0,0.0,0.0,0.0,0.0,0.0,0.0,1.0,1.0,0.0,0.0,0.0,0.0,0.0,0.0,0.0,0.0
SD,2010-12-29,-2.3591503267973857,0.083794466403162,74.68801571106404,-8.207189542483661,3.4888888888888885,13.0,2.0,0.0,0.0,1.0,0.0,1.0,6.0,1.0,2.0,4.0,1.0,0.0,1.0,0.0,0.0,0.0,0.0,0.0
SD,2010-12-30,-6.33538961038961,2.100763358778626,89.86218904167333,-13.483766233766234,0.812987012987013,25.0,8.0,0.0,0.0,3.0,4.0,1.0,7.0,5.0,2.0,1.0,1.0,0.0,5.0,0.0,5.0,0.0,0.0,1.0
SD,2010-12-31,-15.660714285714286,7.000384615384615,82.32770790655886,-19.617532467532467,-11.703896103896104,14.0,9.0,0.0,3.0,0.0,2.0,3.0,10.0,5.0,2.0,0.0,0.0,0.0,5.0,0.0,6.0,1.0,0.0,2.0
