STATE,DATE,TMIN,TAVG,TMAX,PRCP,RH,WT01,WT02,WT03,WT04,WT05,WT06,WT08,WT09,WT10,WT11,WT13,WT14,WT15,WT16,WT17,WT18,WT19,WT22
MI,2013-01-01,-9.6005,-5.7010000000000005,-1.7761194029850746,0.1900900900900901,76.80401172394484,6.0,0.0,0.0,0.0,0.0,0.0,2.0,0.0,0.0,0.0,4.0,0.0,0.0,0.0,0.0,8.0,0.0,0.0
MI,2013-01-02,-10.47135922330097,-7.404368932038834,-4.327053140096619,0.0820895522388059,81.12974871492638,5.0,0.0,0.0,0.0,0.0,0.0,6.0,0.0,0.0,0.0,4.0,0.0,0.0,0.0,0.0,11.0,0.0,0.0
MI,2013-01-03,-8.679904306220095,-6.047846889952153,-3.41,0.3207492795389048,83.37488011765825,6.0,0.0,0.0,0.0,0.0,0.0,16.0,0.0,0.0,0.0,8.0,0.0,0.0,0.0,0.0,10.0,2.0,0.0
MI,2013-01-04,-6.885024154589372,-4.251207729468599,-1.6129186602870815,0.0477272727272727,80.31224970767069,4.0,0.0,0.0,0.0,0.0,0.0,4.0,1.0,0.0,1.0,1.0,0.0,0.0,1.0,0.0,2.0,1.0,0.0
MI,2013-01-05,-8.799507389162562,-4.2349753694581285,0.3263414634146341,0.0652046783625731,84.14794395041598,17.0,2.0,0.0,0.0,0.0,0.0,15.0,0.0,0.0,0.0,9.0,0.0,0.0,1.0,0.0,8.0,0.0,0.0
MI,2013-01-06,-6.53,-2.6952261306532663,1.1835,1.3449704142011834,87.67966726141667,14.0,0.0,0.0,1.0,0.0,5.0,19.0,0.0,0.0,0.0,9.0,1.0,0.0,5.0,1.0,12.0,5.0,0.0
MI,2013-01-07,-5.37843137254902,-2.1230392156862745,1.137560975609756,0.265680473372781,78.6983298634368,2.0,0.0,0.0,0.0,0.0,0.0,9.0,0.0,0.0,0.0,1.0,0.0,0.0,0.0,0.0,0.0,0.0,0.0
MI,2013-01-08,-4.826794258373205,-0.8124401913875599,3.1981042654028435,0.0025423728813559,81.54807984699984,14.0,2.0,0.0,0.0,0.0,0.0,21.0,0.0,0.0,0.0,6.0,0.0,0.0,0.0,0.0,0.0,0.0,1.0
MI,2013-01-09,-3.723809523809524,0.4102380952380953,4.533018867924528,0.2002824858757062,77.98427582846698,10.0,2.0,0.0,1.0,0.0,1.0,14.0,1.0,0.0,0.0,1.0,0.0,0.0,9.0,0.0,5.0,1.0,1.0
MI,2013-01-10,-5.790243902439024,-0.2341463414634146,5.3442307692307685,0.2918079096045197,79.10858018758523,20.0,0.0,0.0,0.0,0.0,0.0,1.0,0.0,0.0,0.0,6.0,0.0,0.0,8.0,0.0,0.0,0.0,0.0
MI,2013-01-11,-3.1401913875598084,1.702870813397129,6.541706161137441,13.340860215053764,90.84132141617636,48.0,11.0,1.0,0.0,0.0,3.0,1.0,0.0,0.0,0.0,9.0,1.0,0.0,12.0,1.0,0.0,3.0,0.0
MI,2013-01-12,2.12,6.226633165829146,10.366169154228857,1.578125,86.24855204224343,42.0,6.0,0.0,0.0,0.0,0.0,1.0,0.0,0.0,0.0,5.0,0.0,0.0,8.0,0.0,1.0,1.0,0.0
MI,2013-01-13,-1.7924242424242425,3.502020202020202,8.806467661691542,8.091525423728815,88.69307665060049,21.0,1.0,0.0,6.0,0.0,19.0,4.0,0.0,0.0,0.0,8.0,3.0,0.0,10.0,3.0,11.0,4.0,2.0
MI,2013-01-14,-8.507843137254902,-4.595273631840796,-0.6297029702970297,2.9298850574712643,82.35042823325824,4.0,0.0,0.0,2.0,0.0,7.0,3.0,0.0,0.0,0.0,5.0,0.0,0.0,0.0,0.0,9.0,0.0,1.0
MI,2013-01-15,-11.445893719806763,-7.408536585365853,-3.362135922330097,0.1008522727272727,80.33412862609964,10.0,1.0,0.0,0.0,0.0,0.0,3.0,0.0,0.0,0.0,3.0,0.0,0.0,0.0,0.0,7.0,1.0,0.0
MI,2013-01-16,-10.241747572815536,-5.724514563106796,-1.2173076923076922,0.1340845070422535,80.13324271701947,7.0,2.0,0.0,0.0,0.0,2.0,7.0,1.0,0.0,0.0,5.0,0.0,0.0,2.0,0.0,9.0,2.0,2.0
MI,2013-01-17,-10.58708133971292,-5.641866028708135,-0.6611374407582938,0.7362606232294617,77.29819718123132,4.0,1.0,0.0,0.0,0.0,0.0,6.0,1.0,0.0,0.0,1.0,1.0,1.0,1.0,0.0,8.0,1.0,1.0
MI,2013-01-18,-13.202392344497609,-8.194258373205741,-3.165714285714285,0.6054285714285714,76.44379081018182,3.0,2.0,0.0,0.0,0.0,1.0,10.0,0.0,0.0,0.0,4.0,0.0,0.0,0.0,0.0,10.0,1.0,3.0
MI,2013-01-19,-9.149253731343284,-3.633084577114428,1.9108374384236453,1.5252225519287834,78.96296576194017,7.0,3.0,4.0,0.0,0.0,1.0,7.0,1.0,0.0,1.0,1.0,0.0,0.0,6.0,0.0,7.0,0.0,2.0
MI,2013-01-20,-11.404020100502512,-4.26439393939394,2.912562814070352,1.9702064896755165,75.78248038136351,5.0,5.0,7.0,5.0,1.0,1.0,5.0,5.0,0.0,13.0,2.0,0.0,0.0,0.0,0.0,12.0,2.0,5.0
MI,2013-01-21,-15.19009900990099,-11.925999999999998,-8.616915422885572,1.20748502994012,76.55368161711417,10.0,7.0,0.0,0.0,0.0,0.0,16.0,3.0,0.0,1.0,7.0,0.0,0.0,0.0,0.0,12.0,0.0,4.0
MI,2013-01-22,-20.218840579710147,-16.161893203883494,-12.07246376811594,1.763173652694611,75.41231939787113,7.0,2.0,0.0,0.0,0.0,0.0,19.0,0.0,0.0,0.0,2.0,0.0,0.0,0.0,0.0,11.0,0.0,1.0
MI,2013-01-23,-19.39904306220096,-15.798325358851674,-12.187142857142858,0.9914529914529916,78.82404747634614,11.0,1.0,0.0,0.0,0.0,0.0,18.0,1.0,0.0,0.0,11.0,0.0,0.0,0.0,0.0,12.0,0.0,3.0
MI,2013-01-24,-18.84630541871921,-14.22807881773399,-9.602926829268291,1.9828488372093025,78.28421470810027,13.0,0.0,0.0,0.0,0.0,0.0,8.0,1.0,0.0,0.0,7.0,0.0,0.0,0.0,0.0,10.0,0.0,0.0
MI,2013-01-25,-16.5747572815534,-12.413349514563109,-8.25,0.964179104477612,80.7696920910565,15.0,4.0,0.0,0.0,0.0,0.0,16.0,0.0,0.0,0.0,10.0,0.0,0.0,0.0,0.0,12.0,0.0,6.0
MI,2013-01-26,-12.087562189054726,-8.593781094527364,-5.094059405940594,2.1628125,83.48403513490697,16.0,2.0,0.0,0.0,0.0,0.0,11.0,0.0,0.0,0.0,8.0,0.0,0.0,0.0,0.0,11.0,0.0,1.0
MI,2013-01-27,-11.415463917525772,-6.885309278350515,-2.348717948717949,0.7445820433436533,82.33323467837634,15.0,4.0,1.0,7.0,0.0,6.0,9.0,0.0,0.0,0.0,7.0,1.0,0.0,8.0,7.0,12.0,0.0,2.0
MI,2013-01-28,-6.059605911330049,-2.1888613861386137,1.6759803921568626,9.29156976744186,93.81464498069388,40.0,14.0,1.0,11.0,0.0,27.0,5.0,0.0,0.0,0.0,5.0,4.0,0.0,9.0,7.0,5.0,2.0,2.0
MI,2013-01-29,-0.8690821256038648,2.4932367149758456,5.870192307692308,9.78631284916201,94.85668462743963,57.0,19.0,25.0,2.0,0.0,22.0,6.0,0.0,0.0,0.0,2.0,4.0,0.0,7.0,2.0,0.0,1.0,0.0
MI,2013-01-30,-1.046116504854369,4.083252427184466,9.240579710144928,20.676923076923075,94.3165033478512,50.0,10.0,16.0,2.0,0.0,8.0,4.0,0.0,0.0,2.0,6.0,1.0,0.0,11.0,0.0,10.0,4.0,2.0
MI,2013-01-31,-9.579710144927535,-3.90873786407767,1.802415458937198,5.573728813559322,82.8367065726896,20.0,6.0,1.0,1.0,0.0,4.0,13.0,5.0,0.0,2.0,6.0,0.0,0.0,1.0,0.0,12.0,2.0,4.0
MI,2013-02-01,-13.02156862745098,-10.305882352941175,-7.562621359223302,2.2151162790697674,80.5845199556789,8.0,2.0,0.0,0.0,0.0,0.0,16.0,1.0,0.0,0.0,8.0,0.0,0.0,0.0,0.0,12.0,1.0,3.0
MI,2013-02-02,-15.46734693877551,-11.944897959183672,-8.416243654822335,1.847663551401869,80.2858141430579,12.0,0.0,0.0,0.0,0.0,0.0,13.0,0.0,0.0,0.0,8.0,0.0,0.0,0.0,0.0,12.0,1.0,5.0
MI,2013-02-03,-17.636082474226804,-12.689690721649486,-7.70969387755102,0.9054313099041532,82.84832717162507,9.0,5.0,0.0,0.0,0.0,0.0,13.0,0.0,0.0,0.0,8.0,0.0,0.0,0.0,0.0,12.0,0.0,4.0
MI,2013-02-04,-15.943147208121829,-11.738832487309644,-7.506532663316583,1.338153846153846,81.0554205243136,14.0,0.0,0.0,0.0,0.0,0.0,15.0,0.0,0.0,0.0,9.0,0.0,0.0,0.0,0.0,12.0,0.0,1.0
MI,2013-02-05,-17.63681592039801,-11.742537313432836,-5.828571428571429,0.9231454005934718,85.2842251951366,14.0,4.0,0.0,0.0,0.0,0.0,14.0,0.0,0.0,0.0,10.0,1.0,0.0,0.0,0.0,12.0,1.0,5.0
MI,2013-02-06,-15.803940886699506,-9.662068965517244,-3.499512195121951,0.7809941520467837,80.14713914804156,15.0,0.0,0.0,0.0,0.0,0.0,9.0,0.0,0.0,0.0,7.0,0.0,0.0,0.0,0.0,12.0,0.0,0.0
MI,2013-02-07,-11.275376884422112,-6.595979899497487,-1.865841584158416,1.995906432748538,84.37401613419154,21.0,3.0,0.0,3.0,0.0,7.0,7.0,0.0,0.0,0.0,7.0,1.0,1.0,0.0,0.0,10.0,1.0,3.0
MI,2013-02-08,-8.972277227722772,-5.225990099009901,-1.4390243902439024,8.263768115942028,85.51993581705644,16.0,0.0,0.0,3.0,0.0,7.0,13.0,0.0,0.0,1.0,6.0,0.0,0.0,4.0,4.0,12.0,1.0,2.0
MI,2013-02-09,-17.98205128205128,-10.16076923076923,-2.315736040609137,0.3803738317757009,82.39576800017694,15.0,7.0,0.0,0.0,0.0,1.0,15.0,0.0,0.0,1.0,7.0,0.0,0.0,0.0,0.0,1.0,0.0,2.0
MI,2013-02-10,-13.416666666666666,-6.548232323232323,0.3279999999999999,0.7292307692307692,83.55393172506103,22.0,3.0,0.0,3.0,0.0,5.0,9.0,0.0,0.0,0.0,7.0,1.0,1.0,11.0,4.0,5.0,3.0,1.0
MI,2013-02-11,-5.4655,-0.44475,4.606372549019608,5.892603550295858,87.1861908200206,21.0,4.0,1.0,6.0,0.0,14.0,6.0,1.0,0.0,2.0,6.0,0.0,0.0,10.0,0.0,11.0,3.0,2.0
MI,2013-02-12,-4.191542288557214,-1.2579601990049751,1.719704433497537,1.2540697674418604,80.99283254497135,3.0,0.0,0.0,1.0,0.0,1.0,2.0,0.0,0.0,0.0,3.0,0.0,0.0,0.0,0.0,11.0,1.0,0.0
MI,2013-02-13,-5.74726368159204,-2.7430348258706467,0.2544554455445544,0.0298550724637681,82.07873546778005,12.0,1.0,0.0,0.0,0.0,0.0,11.0,0.0,0.0,0.0,5.0,0.0,0.0,0.0,0.0,0.0,0.0,1.0
MI,2013-02-14,-4.795588235294117,-0.9700980392156864,2.874146341463415,0.553235294117647,89.46807050065179,22.0,2.0,0.0,0.0,0.0,0.0,16.0,2.0,0.0,0.0,10.0,0.0,0.0,8.0,0.0,11.0,2.0,1.0
MI,2013-02-15,-7.890686274509804,-3.68578431372549,0.5380487804878049,1.9518072289156627,78.97993667397026,11.0,2.0,0.0,4.0,0.0,2.0,4.0,1.0,0.0,0.0,6.0,0.0,0.0,0.0,0.0,12.0,2.0,1.0
MI,2013-02-16,-12.744041450777202,-8.644818652849741,-4.525257731958763,1.1149532710280372,79.64513662748799,11.0,4.0,0.0,0.0,0.0,0.0,12.0,0.0,0.0,0.0,9.0,0.0,0.0,0.0,0.0,12.0,2.0,3.0
MI,2013-02-17,-17.494358974358974,-11.422680412371134,-5.384615384615385,0.8518867924528302,77.50373011208684,8.0,0.0,0.0,0.0,0.0,0.0,9.0,0.0,0.0,0.0,2.0,0.0,0.0,0.0,0.0,6.0,1.0,0.0
MI,2013-02-18,-14.067676767676767,-7.6886363636363635,-1.3115577889447236,0.2199376947040498,73.68029218739893,10.0,0.0,0.0,0.0,0.0,1.0,4.0,0.0,0.0,0.0,6.0,0.0,0.0,10.0,1.0,3.0,3.0,0.0
MI,2013-02-19,-8.283417085427136,-1.857788944723618,4.572139303482588,6.158132530120482,86.41291028005979,17.0,9.0,0.0,4.0,0.0,8.0,7.0,5.0,0.0,3.0,5.0,0.0,0.0,11.0,3.0,12.0,0.0,5.0
MI,2013-02-20,-11.28877551020408,-7.267857142857143,-3.2282828282828286,3.513813813813813,79.20513529731562,7.0,2.0,0.0,2.0,0.0,1.0,8.0,4.0,0.0,2.0,2.0,0.0,0.0,0.0,0.0,12.0,3.0,2.0
MI,2013-02-21,-11.316666666666666,-8.559848484848484,-5.7865,0.3792048929663608,80.34338979725544,3.0,0.0,0.0,0.0,0.0,0.0,6.0,0.0,0.0,1.0,1.0,0.0,0.0,0.0,0.0,12.0,0.0,0.0
MI,2013-02-22,-9.401515151515152,-6.228535353535354,-3.0445,2.491044776119403,88.25849700154318,16.0,15.0,0.0,2.0,0.0,6.0,13.0,0.0,0.0,0.0,4.0,2.0,0.0,6.0,3.0,12.0,1.0,2.0
MI,2013-02-23,-6.340957446808511,-3.5797872340425534,-0.8073684210526316,3.808064516129032,86.60924665499643,9.0,1.0,0.0,1.0,0.0,0.0,11.0,0.0,0.0,0.0,8.0,1.0,0.0,1.0,0.0,10.0,1.0,3.0
MI,2013-02-24,-6.787434554973823,-3.056282722513089,0.6625,1.2025316455696202,84.38497346790432,18.0,2.0,0.0,1.0,0.0,1.0,12.0,0.0,0.0,0.0,9.0,0.0,0.0,0.0,0.0,11.0,0.0,3.0
MI,2013-02-25,-7.528282828282828,-2.608080808080808,2.3170854271356784,0.0457317073170731,82.25441906741355,17.0,4.0,0.0,0.0,0.0,1.0,9.0,0.0,0.0,0.0,6.0,0.0,0.0,0.0,0.0,3.0,0.0,2.0
MI,2013-02-26,-6.293034825870647,-1.7820895522388058,2.750990099009901,1.5125373134328357,82.38941592457174,19.0,5.0,0.0,5.0,0.0,5.0,1.0,1.0,0.0,0.0,6.0,0.0,0.0,8.0,0.0,9.0,1.0,0.0
MI,2013-02-27,-2.8645,-0.494,1.8797029702970296,11.639130434782608,91.78616512687748,24.0,6.0,0.0,5.0,0.0,3.0,4.0,1.0,0.0,0.0,6.0,1.0,0.0,8.0,1.0,11.0,3.0,0.0
MI,2013-02-28,-2.1901477832512315,-0.4467980295566502,1.306372549019608,2.4371681415929203,88.84565163431016,21.0,0.0,0.0,0.0,0.0,1.0,8.0,1.0,0.0,0.0,11.0,0.0,0.0,1.0,1.0,12.0,0.0,0.0
MI,2013-03-01,-6.7351758793969845,-3.5500000000000003,-0.364824120603015,0.1111111111111111,79.82920369837167,2.0,0.0,0.0,2.0,0.0,1.0,3.0,0.0,0.0,0.0,0.0,0.0,0.0,0.0,0.0,8.0,0.0,0.0
MI,2013-03-02,-9.818461538461538,-6.35948717948718,-2.896446700507614,0.0866459627329192,79.5154432580432,3.0,0.0,0.0,0.0,0.0,0.0,5.0,0.0,0.0,0.0,1.0,0.0,0.0,0.0,0.0,9.0,0.0,0.0
MI,2013-03-03,-13.098469387755102,-8.032142857142857,-2.96497461928934,0.0781931464174454,77.72830422699555,1.0,0.0,0.0,0.0,0.0,0.0,4.0,0.0,0.0,0.0,0.0,0.0,0.0,0.0,0.0,6.0,0.0,0.0
MI,2013-03-04,-14.6425,-8.09575,-1.5490000000000002,0.0123867069486404,77.45928876292173,1.0,0.0,0.0,0.0,0.0,1.0,0.0,0.0,0.0,0.0,0.0,0.0,0.0,0.0,0.0,0.0,0.0,0.0
MI,2013-03-05,-12.775,-6.328250000000001,0.1288557213930348,0.1020648967551622,78.67473360677191,7.0,0.0,0.0,0.0,0.0,1.0,4.0,0.0,0.0,0.0,1.0,0.0,0.0,0.0,0.0,2.0,0.0,0.0
MI,2013-03-06,-6.931862745098039,-2.905172413793104,1.0541871921182266,0.6968571428571428,83.63517731520358,8.0,0.0,0.0,0.0,0.0,4.0,1.0,0.0,0.0,0.0,4.0,0.0,0.0,1.0,1.0,5.0,1.0,0.0
MI,2013-03-07,-5.08235294117647,-1.5575980392156863,1.9671568627450984,0.3988405797101449,82.1452045501712,10.0,0.0,0.0,0.0,0.0,0.0,3.0,0.0,0.0,0.0,5.0,0.0,0.0,0.0,0.0,10.0,0.0,0.0
MI,2013-03-08,-9.707881773399016,-3.6967980295566494,2.3142857142857145,0.0408823529411764,79.3018855793627,9.0,1.0,0.0,0.0,0.0,0.0,2.0,0.0,0.0,0.0,1.0,0.0,0.0,0.0,0.0,0.0,0.0,0.0
MI,2013-03-09,-7.165463917525773,-1.125515463917526,4.920918367346939,0.268944099378882,81.25146963399196,15.0,2.0,0.0,2.0,0.0,2.0,5.0,0.0,0.0,0.0,4.0,0.0,0.0,11.0,0.0,3.0,1.0,1.0
MI,2013-03-10,-1.5865284974093263,2.394818652849741,6.389175257731959,3.8464831804281343,83.20237640069935,35.0,6.0,1.0,4.0,1.0,2.0,2.0,0.0,0.0,0.0,5.0,0.0,0.0,11.0,0.0,3.0,1.0,0.0
MI,2013-03-11,1.034653465346535,4.7089108910891095,8.412807881773398,6.983185840707965,89.01322141192377,53.0,5.0,0.0,0.0,0.0,2.0,4.0,0.0,0.0,0.0,7.0,1.0,0.0,11.0,1.0,6.0,2.0,1.0
MI,2013-03-12,-2.927227722772277,1.0556930693069306,5.068472906403941,6.097368421052632,86.09400023010927,31.0,2.0,0.0,1.0,0.0,2.0,10.0,1.0,0.0,0.0,9.0,0.0,0.0,4.0,1.0,12.0,1.0,2.0
MI,2013-03-13,-6.805365853658536,-3.582598039215686,-0.3439024390243902,1.7482352941176469,78.53109192400377,11.0,0.0,0.0,1.0,0.0,0.0,12.0,1.0,0.0,1.0,10.0,0.0,0.0,0.0,0.0,11.0,1.0,0.0
MI,2013-03-14,-9.620603015075377,-4.487185929648241,0.6398009950248756,0.1343108504398827,70.17216883238392,2.0,0.0,0.0,0.0,0.0,0.0,1.0,0.0,0.0,0.0,3.0,0.0,0.0,0.0,0.0,4.0,1.0,1.0
MI,2013-03-15,-7.500497512437811,-2.222139303482587,3.062871287128713,0.3478134110787172,79.27085220675843,16.0,0.0,0.0,0.0,0.0,0.0,14.0,0.0,0.0,0.0,9.0,0.0,0.0,6.0,0.0,12.0,5.0,0.0
MI,2013-03-16,-7.26180904522613,-3.198241206030151,0.8805,2.940597014925373,83.40525551528637,18.0,1.0,0.0,0.0,0.0,4.0,10.0,1.0,0.0,0.0,9.0,1.0,0.0,1.0,0.0,12.0,1.0,4.0
MI,2013-03-17,-10.134183673469389,-5.865897435897436,-1.5912820512820514,0.4378461538461539,73.18293084390878,4.0,0.0,0.0,0.0,0.0,0.0,1.0,0.0,0.0,0.0,1.0,0.0,0.0,0.0,0.0,6.0,3.0,0.0
MI,2013-03-18,-9.723762376237625,-5.15625,-0.5633663366336633,0.5,80.609774947552,16.0,6.0,0.0,4.0,0.0,4.0,8.0,0.0,0.0,0.0,6.0,2.0,0.0,7.0,3.0,12.0,3.0,3.0
MI,2013-03-19,-7.232195121951219,-3.20219512195122,0.8278048780487804,3.806626506024097,84.42120073331463,9.0,3.0,0.0,4.0,0.0,1.0,10.0,4.0,0.0,2.0,6.0,0.0,0.0,2.0,1.0,12.0,2.0,5.0
MI,2013-03-20,-8.657766990291263,-5.600243902439024,-2.549268292682927,1.4659574468085106,74.96132593840568,7.0,3.0,0.0,0.0,0.0,0.0,12.0,1.0,0.0,0.0,5.0,0.0,0.0,0.0,0.0,12.0,2.0,3.0
MI,2013-03-21,-9.262926829268292,-5.897794117647059,-2.5392156862745097,1.1089820359281437,81.34939694777866,12.0,1.0,0.0,0.0,0.0,0.0,6.0,0.0,0.0,0.0,6.0,0.0,0.0,0.0,0.0,11.0,1.0,0.0
MI,2013-03-22,-7.559024390243902,-4.022058823529412,-0.4808823529411765,0.1446428571428571,76.49031379361152,1.0,0.0,0.0,1.0,0.0,3.0,3.0,0.0,0.0,0.0,1.0,0.0,0.0,0.0,0.0,4.0,0.0,0.0
MI,2013-03-23,-6.2288557213930345,-2.18375,1.8666666666666667,0.01580547112462,79.27404496793741,2.0,1.0,0.0,1.0,0.0,3.0,3.0,0.0,0.0,0.0,1.0,0.0,0.0,2.0,0.0,1.0,1.0,0.0
MI,2013-03-24,-5.660714285714286,-1.7105128205128206,2.248223350253807,0.0372307692307692,79.82015814176768,2.0,0.0,0.0,2.0,0.0,1.0,1.0,0.0,0.0,0.0,1.0,0.0,0.0,1.0,1.0,1.0,0.0,0.0
MI,2013-03-25,-4.013999999999999,-0.8527638190954774,2.291542288557214,0.0565868263473053,77.61623225425465,5.0,0.0,0.0,2.0,0.0,2.0,4.0,0.0,0.0,0.0,3.0,0.0,0.0,2.0,1.0,11.0,0.0,0.0
MI,2013-03-26,-1.7594059405940592,0.9565,3.65049504950495,0.1744186046511628,79.12451821667742,11.0,1.0,0.0,1.0,0.0,0.0,2.0,0.0,0.0,0.0,3.0,0.0,0.0,5.0,0.0,10.0,0.0,0.0
MI,2013-03-27,-2.8160000000000003,1.3560301507537689,5.5285,0.1604651162790697,74.96923928703065,0.0,0.0,0.0,1.0,0.0,0.0,0.0,0.0,0.0,0.0,0.0,0.0,0.0,0.0,0.0,2.0,0.0,0.0
MI,2013-03-28,-3.764,1.7143216080402008,7.192,0.0,70.04599201730032,0.0,0.0,0.0,0.0,0.0,0.0,0.0,0.0,0.0,0.0,0.0,0.0,0.0,0.0,0.0,1.0,0.0,0.0
MI,2013-03-29,-5.447448979591837,1.732908163265306,8.918781725888325,0.0,67.4958896188413,2.0,2.0,0.0,0.0,0.0,0.0,1.0,0.0,0.0,0.0,1.0,0.0,0.0,0.0,0.0,0.0,0.0,1.0
MI,2013-03-30,-5.2565445026178015,2.2523560209424085,9.768229166666666,0.3003105590062112,67.02340825336505,11.0,4.0,0.0,1.0,0.0,1.0,2.0,0.0,0.0,0.0,6.0,0.0,0.0,4.0,0.0,1.0,0.0,1.0
MI,2013-03-31,-2.331413612565445,3.791099476439791,9.934715025906735,2.218597560975609,78.27281640650989,46.0,3.0,0.0,2.0,0.0,0.0,14.0,1.0,0.0,0.0,8.0,0.0,0.0,11.0,0.0,7.0,2.0,1.0
MI,2013-04-01,-5.251282051282051,0.7414507772020726,6.811167512690355,0.5949404761904762,69.36685061015389,10.0,1.0,0.0,2.0,0.0,0.0,3.0,1.0,0.0,1.0,0.0,0.0,0.0,0.0,0.0,0.0,0.0,0.0
MI,2013-04-02,-8.07948717948718,-3.4533505154639177,1.177889447236181,0.1903508771929824,65.77054361613844,2.0,0.0,0.0,0.0,1.0,0.0,4.0,0.0,0.0,0.0,0.0,0.0,0.0,0.0,0.0,0.0,0.0,0.0
MI,2013-04-03,-8.119387755102041,-2.496683673469388,3.1245,0.012463768115942,62.51580951813588,2.0,0.0,0.0,0.0,0.0,0.0,0.0,0.0,0.0,0.0,0.0,0.0,0.0,0.0,0.0,0.0,0.0,0.0
MI,2013-04-04,-6.019895287958115,0.2293193717277487,6.463775510204082,0.0663742690058479,62.15216607726991,5.0,0.0,0.0,1.0,0.0,3.0,0.0,0.0,0.0,0.0,0.0,0.0,0.0,0.0,0.0,0.0,0.0,0.0
MI,2013-04-05,-3.636269430051813,2.59559585492228,8.91010101010101,0.0859237536656891,64.79490576673298,0.0,0.0,0.0,0.0,0.0,0.0,1.0,0.0,0.0,0.0,0.0,0.0,0.0,0.0,0.0,0.0,0.0,0.0
MI,2013-04-06,-3.4703703703703703,1.537037037037037,6.558031088082902,0.5257575757575758,69.55556650765637,3.0,1.0,0.0,3.0,0.0,1.0,1.0,0.0,0.0,0.0,0.0,0.0,0.0,0.0,0.0,0.0,0.0,0.0
MI,2013-04-07,-0.6476190476190476,4.559523809523809,9.82642487046632,2.826843657817109,74.77050427257903,14.0,0.0,0.0,2.0,0.0,1.0,3.0,0.0,0.0,0.0,0.0,0.0,0.0,0.0,0.0,0.0,0.0,0.0
MI,2013-04-08,-1.2635416666666666,3.721875,8.672081218274112,1.9979228486646885,85.80007887369193,24.0,3.0,1.0,2.0,0.0,0.0,6.0,0.0,0.0,0.0,0.0,0.0,0.0,0.0,0.0,0.0,0.0,0.0
MI,2013-04-09,0.8190000000000001,4.823,8.926341463414635,8.803661971830987,92.12936684950168,48.0,4.0,5.0,0.0,0.0,0.0,8.0,0.0,0.0,0.0,0.0,0.0,0.0,0.0,0.0,0.0,0.0,0.0
MI,2013-04-10,0.8444444444444444,3.756565656565656,6.699,18.386968085106385,89.4874117620845,24.0,0.0,30.0,5.0,0.0,1.0,3.0,0.0,0.0,0.0,0.0,0.0,0.0,0.0,0.0,0.0,0.0,0.0
MI,2013-04-11,-0.2507462686567164,2.0984924623115577,4.510945273631841,18.835733333333334,85.22545167269394,20.0,1.0,15.0,9.0,1.0,10.0,3.0,0.0,0.0,0.0,0.0,0.0,0.0,0.0,0.0,0.0,0.0,0.0
MI,2013-04-12,-0.9828282828282828,0.7255050505050505,2.4290000000000003,17.344109589041096,90.95181250338628,24.0,0.0,3.0,24.0,3.0,20.0,4.0,1.0,0.0,2.0,0.0,0.0,0.0,0.0,0.0,0.0,0.0,0.0
MI,2013-04-13,-1.0740932642487049,1.188341968911917,3.465816326530612,1.9281976744186045,85.88431395961328,20.0,0.0,1.0,2.0,0.0,0.0,6.0,0.0,0.0,0.0,0.0,0.0,0.0,0.0,0.0,0.0,0.0,0.0
MI,2013-04-14,-2.952356020942408,1.2621052631578948,5.489583333333333,0.6795252225519288,79.70482508853499,10.0,2.0,0.0,8.0,0.0,1.0,1.0,0.0,0.0,0.0,0.0,0.0,0.0,0.0,0.0,0.0,0.0,0.0
MI,2013-04-15,-0.2720812182741117,4.940355329949239,10.191044776119403,3.1934285714285715,80.27314614210691,24.0,3.0,1.0,3.0,0.0,5.0,1.0,0.0,0.0,0.0,0.0,0.0,0.0,0.0,0.0,0.0,0.0,0.0
MI,2013-04-16,2.2945812807881776,8.02807881773399,13.792682926829269,7.963612565445026,78.85539834734494,26.0,0.0,5.0,0.0,0.0,0.0,1.0,0.0,0.0,0.0,0.0,0.0,0.0,0.0,0.0,0.0,0.0,0.0
MI,2013-04-17,-3.95723058282234e-17,5.302227722772277,10.620689655172416,1.924396782841823,76.52463339227779,15.0,0.0,15.0,0.0,0.0,0.0,1.0,0.0,0.0,0.0,0.0,0.0,0.0,0.0,0.0,0.0,0.0,0.0
MI,2013-04-18,2.200497512437811,6.825373134328359,11.43970588235294,26.894472361809044,91.39280347827348,23.0,3.0,27.0,2.0,0.0,2.0,4.0,0.0,0.0,2.0,0.0,0.0,0.0,0.0,0.0,0.0,0.0,0.0
MI,2013-04-19,1.377386934673367,7.402010050251256,13.521287128712872,20.10583756345177,86.51528470020968,32.0,2.0,10.0,4.0,0.0,3.0,4.0,0.0,0.0,4.0,0.0,0.0,0.0,0.0,0.0,0.0,0.0,0.0
MI,2013-04-20,-4.93419689119171,-0.4826424870466321,4.005670103092784,1.800274725274725,71.2272588999422,10.0,1.0,1.0,11.0,1.0,1.0,2.0,1.0,0.0,1.0,0.0,0.0,0.0,0.0,0.0,0.0,0.0,0.0
MI,2013-04-21,-7.143979057591623,-1.3126315789473684,4.5140625000000005,0.0650137741046832,69.80032283847777,1.0,0.0,0.0,0.0,0.0,0.0,0.0,0.0,0.0,0.0,0.0,0.0,0.0,0.0,0.0,0.0,0.0,0.0
MI,2013-04-22,-2.55,3.850257731958763,10.241116751269036,0.6554945054945055,67.26423744317405,6.0,0.0,0.0,1.0,0.0,1.0,1.0,0.0,0.0,0.0,0.0,0.0,0.0,0.0,0.0,0.0,0.0,0.0
MI,2013-04-23,1.055050505050505,7.511868686868686,13.967661691542288,3.129946524064171,73.47264383425389,29.0,0.0,0.0,2.0,0.0,3.0,2.0,0.0,0.0,0.0,0.0,0.0,0.0,0.0,0.0,0.0,0.0,0.0
MI,2013-04-24,-1.0366336633663369,5.473267326732674,12.026470588235297,12.100253164556962,84.12352912052545,18.0,0.0,0.0,4.0,0.0,0.0,1.0,0.0,0.0,0.0,0.0,0.0,0.0,0.0,0.0,0.0,0.0,0.0
MI,2013-04-25,-1.331,3.1805000000000003,7.701970443349754,2.3657894736842104,75.80309942620075,16.0,1.0,1.0,3.0,0.0,1.0,1.0,0.0,0.0,0.0,0.0,0.0,0.0,0.0,0.0,0.0,0.0,0.0
MI,2013-04-26,-1.615979381443299,4.710567010309278,10.98730964467005,1.2160762942779293,70.11310964060382,6.0,0.0,0.0,1.0,1.0,0.0,1.0,0.0,0.0,0.0,0.0,0.0,0.0,0.0,0.0,0.0,0.0,0.0
MI,2013-04-27,1.4234375,9.08671875,16.76340206185567,0.341340782122905,67.87231008098728,9.0,1.0,2.0,0.0,1.0,0.0,2.0,0.0,0.0,0.0,0.0,0.0,0.0,0.0,0.0,0.0,0.0,0.0
MI,2013-04-28,4.408510638297872,11.838297872340425,19.30677083333333,0.5714285714285714,72.32139890525391,17.0,4.0,0.0,0.0,0.0,0.0,2.0,0.0,1.0,0.0,0.0,0.0,0.0,0.0,0.0,0.0,0.0,0.0
MI,2013-04-29,6.859793814432989,12.6671875,18.403553299492387,2.370053475935829,84.61798797670812,48.0,9.0,0.0,0.0,0.0,0.0,5.0,0.0,0.0,0.0,0.0,0.0,0.0,0.0,0.0,0.0,0.0,0.0
MI,2013-04-30,8.751794871794871,14.61076923076923,20.491,2.5210526315789474,82.3451750989323,29.0,1.0,26.0,0.0,2.0,0.0,5.0,0.0,0.0,0.0,0.0,0.0,0.0,0.0,0.0,0.0,0.0,0.0
MI,2013-05-01,9.638118811881188,16.386138613861387,23.11512195121952,3.592964824120603,72.11626378931292,11.0,0.0,11.0,0.0,1.0,0.0,4.0,0.0,0.0,0.0,0.0,0.0,0.0,0.0,0.0,0.0,0.0,0.0
MI,2013-05-02,7.2405,14.815,22.46945812807882,0.3932642487046632,72.40389063658392,4.0,1.0,3.0,1.0,1.0,3.0,0.0,0.0,0.0,0.0,0.0,0.0,0.0,0.0,0.0,0.0,0.0,0.0
MI,2013-05-03,6.667676767676768,13.319289340101523,19.8935,1.245382585751979,71.88251521606192,5.0,0.0,8.0,4.0,2.0,5.0,0.0,0.0,0.0,0.0,0.0,0.0,0.0,0.0,0.0,0.0,0.0,0.0
MI,2013-05-04,7.548186528497409,13.874352331606218,20.25846153846154,0.489516129032258,64.80651896023647,4.0,0.0,2.0,0.0,0.0,3.0,0.0,0.0,0.0,0.0,0.0,0.0,0.0,0.0,0.0,0.0,0.0,0.0
MI,2013-05-05,6.222631578947368,13.675526315789472,21.13979057591623,0.0013623978201634,62.42532579998643,4.0,0.0,0.0,0.0,0.0,0.0,0.0,0.0,0.0,0.0,0.0,0.0,0.0,0.0,0.0,0.0,0.0,0.0
MI,2013-05-06,4.971356783919598,13.415577889447237,21.87412935323383,0.0,63.137546815043535,1.0,0.0,0.0,0.0,0.0,0.0,2.0,0.0,0.0,0.0,0.0,0.0,0.0,0.0,0.0,0.0,0.0,0.0
MI,2013-05-07,5.42167487684729,14.246059113300491,23.07990196078432,0.0,63.75551757226155,1.0,0.0,0.0,0.0,0.0,0.0,0.0,0.0,0.0,0.0,0.0,0.0,0.0,0.0,0.0,0.0,0.0,0.0
MI,2013-05-08,7.223645320197045,15.840147783251233,24.4593137254902,0.07421875,62.53872198184708,3.0,0.0,5.0,0.0,0.0,0.0,0.0,0.0,0.0,0.0,0.0,0.0,0.0,0.0,0.0,0.0,0.0,0.0
MI,2013-05-09,7.2289215686274515,15.801960784313724,24.386341463414634,0.4644501278772378,67.53869304135883,10.0,2.0,1.0,0.0,0.0,0.0,4.0,0.0,0.0,0.0,0.0,0.0,0.0,0.0,0.0,0.0,0.0,0.0
MI,2013-05-10,5.25170731707317,12.411029411764703,19.57414634146341,7.289051094890511,84.54373802379432,22.0,0.0,0.0,0.0,0.0,0.0,2.0,0.0,0.0,0.0,0.0,0.0,0.0,0.0,0.0,0.0,0.0,0.0
MI,2013-05-11,2.034736842105263,6.771052631578947,11.54375,4.338235294117647,86.60967848321367,24.0,1.0,0.0,2.0,0.0,0.0,3.0,0.0,0.0,0.0,0.0,0.0,0.0,0.0,0.0,0.0,0.0,0.0
MI,2013-05-12,0.5738219895287958,5.257894736842105,9.936649214659688,3.288563829787234,77.24612885910776,2.0,0.0,0.0,0.0,0.0,1.0,0.0,0.0,0.0,2.0,0.0,0.0,0.0,0.0,0.0,0.0,0.0,0.0
MI,2013-05-13,-2.257142857142857,3.098704663212435,8.419487179487179,0.2471544715447154,66.13157805170898,0.0,0.0,0.0,5.0,1.0,0.0,2.0,0.0,0.0,0.0,0.0,0.0,0.0,0.0,0.0,0.0,0.0,0.0
MI,2013-05-14,1.8467661691542288,8.375124378109453,14.890099009900991,0.2910025706940874,65.39092624340026,0.0,0.0,2.0,0.0,0.0,0.0,2.0,0.0,0.0,0.0,0.0,0.0,0.0,0.0,0.0,0.0,0.0,0.0
MI,2013-05-15,7.486666666666667,14.572307692307692,21.658080808080808,0.1781002638522427,64.34798284231216,0.0,0.0,7.0,0.0,0.0,0.0,1.0,0.0,0.0,0.0,0.0,0.0,0.0,0.0,0.0,0.0,0.0,0.0
MI,2013-05-16,6.715422885572139,15.1465,23.588613861386136,0.0,62.40520536484788,1.0,0.0,0.0,0.0,0.0,0.0,1.0,0.0,0.0,0.0,0.0,0.0,0.0,0.0,0.0,0.0,0.0,0.0
MI,2013-05-17,5.535643564356436,13.495544554455446,21.47586206896552,0.0278514588859416,68.5913693180728,1.0,0.0,0.0,0.0,0.0,0.0,1.0,0.0,0.0,0.0,0.0,0.0,0.0,0.0,0.0,0.0,0.0,0.0
MI,2013-05-18,8.317187500000001,14.200260416666666,20.039896373057,0.4735537190082645,68.53315888094829,2.0,1.0,0.0,0.0,0.0,0.0,2.0,0.0,0.0,0.0,0.0,0.0,0.0,0.0,0.0,0.0,0.0,0.0
MI,2013-05-19,10.277551020408165,17.160459183673467,24.048223350253807,0.6898071625344353,69.2065666845559,7.0,1.0,0.0,0.0,0.0,0.0,3.0,0.0,0.0,0.0,0.0,0.0,0.0,0.0,0.0,0.0,0.0,0.0
MI,2013-05-20,13.017,20.087,27.17128712871288,1.1333333333333333,78.83599549344848,17.0,2.0,19.0,0.0,0.0,0.0,5.0,0.0,0.0,1.0,0.0,0.0,0.0,0.0,0.0,0.0,0.0,0.0
MI,2013-05-21,13.804411764705884,19.920343137254903,26.06971153846154,9.495443645083933,82.49596029968129,24.0,5.0,44.0,0.0,2.0,0.0,4.0,0.0,0.0,1.0,0.0,0.0,0.0,0.0,0.0,0.0,0.0,0.0
MI,2013-05-22,12.802926829268293,17.754146341463414,22.75169082125604,5.12885085574572,88.63825633158244,34.0,2.0,15.0,0.0,1.0,0.0,3.0,0.0,0.0,2.0,0.0,0.0,0.0,0.0,0.0,0.0,0.0,0.0
MI,2013-05-23,7.094117647058824,12.245343137254904,17.398536585365854,12.36341463414634,89.22049106991496,34.0,0.0,5.0,0.0,0.0,0.0,5.0,0.0,0.0,2.0,0.0,0.0,0.0,0.0,0.0,0.0,0.0,0.0
MI,2013-05-24,0.9643216080402012,6.757323232323232,12.550999999999998,3.750248756218905,74.74747972703005,2.0,0.0,1.0,0.0,0.0,0.0,0.0,0.0,0.0,0.0,0.0,0.0,0.0,0.0,0.0,0.0,0.0,0.0
MI,2013-05-25,0.848989898989899,7.788324873096446,14.75,0.0246031746031746,70.76387393280605,10.0,2.0,0.0,0.0,0.0,0.0,2.0,0.0,0.0,0.0,0.0,0.0,0.0,0.0,0.0,0.0,0.0,0.0
MI,2013-05-26,1.9739795918367349,9.853826530612244,17.730964467005077,0.0,64.73342535010802,6.0,0.0,0.0,0.0,0.0,0.0,1.0,0.0,0.0,0.0,0.0,0.0,0.0,0.0,0.0,0.0,0.0,0.0
MI,2013-05-27,3.956701030927835,11.527835051546392,19.096938775510203,0.6763440860215053,66.92191320357182,15.0,0.0,0.0,0.0,0.0,0.0,1.0,0.0,0.0,0.0,0.0,0.0,0.0,0.0,0.0,0.0,0.0,0.0
MI,2013-05-28,8.21609756097561,13.791463414634146,19.370531400966183,7.915802469135802,84.96645143238881,24.0,0.0,14.0,0.0,0.0,0.0,4.0,0.0,0.0,0.0,0.0,0.0,0.0,0.0,0.0,0.0,0.0,0.0
MI,2013-05-29,11.722277227722772,16.50519801980198,21.31372549019608,16.696376811594202,86.26115657569116,31.0,2.0,20.0,0.0,0.0,0.0,1.0,0.0,0.0,0.0,0.0,0.0,0.0,0.0,0.0,0.0,0.0,0.0
MI,2013-05-30,14.486363636363638,20.56919191919192,26.663,1.3478149100257069,80.41329103865759,20.0,2.0,19.0,0.0,0.0,0.0,3.0,0.0,0.0,1.0,0.0,0.0,0.0,0.0,0.0,0.0,0.0,0.0
MI,2013-05-31,16.923857868020306,22.7243654822335,28.442424242424245,6.14525,81.5388320760908,12.0,0.0,40.0,0.0,1.0,0.0,0.0,0.0,0.0,1.0,0.0,0.0,0.0,0.0,0.0,0.0,0.0,0.0
MI,2013-06-01,15.175999999999998,20.54725,25.92238805970149,6.238167938931298,84.85635756822545,19.0,2.0,37.0,0.0,0.0,0.0,0.0,0.0,0.0,0.0,0.0,0.0,0.0,0.0,0.0,0.0,0.0,0.0
MI,2013-06-02,9.2895,15.77675,22.27462686567164,4.6686528497409325,84.79285759818534,17.0,2.0,8.0,0.0,0.0,0.0,1.0,0.0,0.0,0.0,0.0,0.0,0.0,0.0,0.0,0.0,0.0,0.0
MI,2013-06-03,2.606730769230769,9.281951219512194,15.9873786407767,0.2492105263157895,72.43598581060128,5.0,1.0,1.0,0.0,0.0,0.0,1.0,0.0,0.0,0.0,0.0,0.0,0.0,0.0,0.0,0.0,0.0,0.0
MI,2013-06-04,3.789655172413793,11.106435643564357,18.420197044334977,0.0191214470284237,69.07084786935651,3.0,1.0,0.0,0.0,0.0,0.0,0.0,0.0,0.0,0.0,0.0,0.0,0.0,0.0,0.0,0.0,0.0,0.0
MI,2013-06-05,7.923671497584541,13.492028985507243,19.070192307692302,0.4582278481012658,69.11676439742436,4.0,0.0,0.0,0.0,0.0,0.0,1.0,0.0,0.0,0.0,0.0,0.0,0.0,0.0,0.0,0.0,0.0,0.0
MI,2013-06-06,9.841463414634148,14.09609756097561,18.36376811594203,1.193734335839599,72.60142159153935,3.0,0.0,0.0,0.0,0.0,0.0,1.0,0.0,0.0,0.0,0.0,0.0,0.0,0.0,0.0,0.0,0.0,0.0
MI,2013-06-07,7.564251207729469,13.317632850241546,19.012857142857143,0.28248730964467,75.42140417221577,2.0,0.0,0.0,0.0,0.0,0.0,0.0,0.0,0.0,0.0,0.0,0.0,0.0,0.0,0.0,0.0,0.0,0.0
MI,2013-06-08,7.7545,14.06532663316583,20.35870646766169,0.0135135135135135,75.24201188458163,5.0,0.0,1.0,0.0,0.0,0.0,0.0,0.0,0.0,0.0,0.0,0.0,0.0,0.0,0.0,0.0,0.0,0.0
MI,2013-06-09,8.9825,15.78425,22.58159203980099,0.1546195652173913,74.84909283554157,7.0,0.0,2.0,0.0,0.0,0.0,5.0,0.0,0.0,0.0,0.0,0.0,0.0,0.0,0.0,0.0,0.0,0.0
MI,2013-06-10,12.830769230769231,18.160096153846155,23.49138755980861,8.685503685503685,82.62621804410627,21.0,1.0,4.0,0.0,0.0,0.0,3.0,0.0,0.0,0.0,0.0,0.0,0.0,0.0,0.0,0.0,0.0,0.0
MI,2013-06-11,13.682439024390243,18.28097560975609,22.843961352657004,4.357248157248158,86.8982499307172,43.0,6.0,3.0,0.0,1.0,0.0,5.0,0.0,0.0,0.0,0.0,0.0,0.0,0.0,0.0,0.0,0.0,0.0
MI,2013-06-12,12.635714285714286,18.890238095238093,25.154502369668247,1.4291989664082687,83.51091498021897,35.0,2.0,10.0,0.0,0.0,0.0,8.0,0.0,0.0,0.0,0.0,0.0,0.0,0.0,0.0,0.0,0.0,0.0
MI,2013-06-13,12.758048780487805,18.47170731707317,24.19466019417476,17.99110576923077,79.22261354032041,19.0,0.0,16.0,0.0,0.0,0.0,1.0,0.0,0.0,2.0,0.0,0.0,0.0,0.0,0.0,0.0,0.0,0.0
MI,2013-06-14,9.426699029126214,15.881796116504855,22.35507246376812,0.3478036175710594,71.82710389385593,1.0,0.0,0.0,0.0,0.0,0.0,2.0,0.0,0.0,0.0,0.0,0.0,0.0,0.0,0.0,0.0,0.0,0.0
MI,2013-06-15,9.121319796954316,16.021573604060915,22.93535353535353,0.2835616438356164,76.35254838845484,15.0,1.0,7.0,0.0,0.0,0.0,3.0,0.0,0.0,0.0,0.0,0.0,0.0,0.0,0.0,0.0,0.0,0.0
MI,2013-06-16,12.752,18.501256281407034,24.254,11.39454094292804,82.22919461852044,31.0,1.0,33.0,0.0,0.0,0.0,3.0,0.0,0.0,0.0,0.0,0.0,0.0,0.0,0.0,0.0,0.0,0.0
MI,2013-06-17,11.920673076923077,18.60432692307692,25.3,1.101005025125628,77.26925207948221,10.0,0.0,21.0,0.0,0.0,0.0,3.0,0.0,0.0,1.0,0.0,0.0,0.0,0.0,0.0,0.0,0.0,0.0
MI,2013-06-18,8.886538461538462,15.83389423076923,22.80526315789474,2.208029197080292,74.42648639287036,11.0,1.0,10.0,0.0,0.0,0.0,1.0,0.0,0.0,0.0,0.0,0.0,0.0,0.0,0.0,0.0,0.0,0.0
MI,2013-06-19,6.232195121951219,14.059313725490195,21.876585365853657,0.0157894736842105,67.33218705779616,2.0,0.0,0.0,0.0,0.0,0.0,1.0,0.0,0.0,0.0,0.0,0.0,0.0,0.0,0.0,0.0,0.0,0.0
MI,2013-06-20,9.016666666666667,16.60528846153846,24.182211538461537,0.2316582914572864,69.66919962521801,10.0,2.0,3.0,0.0,0.0,0.0,4.0,0.0,0.0,0.0,0.0,0.0,0.0,0.0,0.0,0.0,0.0,0.0
MI,2013-06-21,12.92089552238806,19.45175,25.99601990049751,2.607575757575757,75.85328949212672,10.0,1.0,13.0,0.0,0.0,0.0,1.0,0.0,0.0,0.0,0.0,0.0,0.0,0.0,0.0,0.0,0.0,0.0
MI,2013-06-22,15.632994923857868,20.958163265306123,26.304040404040403,2.0973890339425587,81.21152538389566,19.0,0.0,10.0,0.0,0.0,0.0,5.0,0.0,0.0,1.0,0.0,0.0,0.0,0.0,0.0,0.0,0.0,0.0
MI,2013-06-23,16.725641025641025,22.27953367875648,27.86102564102564,1.1858611825192802,81.6982278594784,20.0,1.0,5.0,0.0,0.0,0.0,4.0,0.0,0.0,0.0,0.0,0.0,0.0,0.0,0.0,0.0,0.0,0.0
MI,2013-06-24,17.865346534653465,23.79777227722772,29.74117647058824,0.6830379746835443,78.60711946289028,11.0,0.0,11.0,0.0,0.0,0.0,5.0,0.0,0.0,0.0,0.0,0.0,0.0,0.0,0.0,0.0,0.0,0.0
MI,2013-06-25,17.566831683168317,23.221534653465348,28.878817733990147,6.268973747016706,84.06424940549809,15.0,0.0,25.0,0.0,0.0,0.0,4.0,0.0,0.0,1.0,0.0,0.0,0.0,0.0,0.0,0.0,0.0,0.0
MI,2013-06-26,16.222439024390244,22.18891625615764,28.141666666666666,8.623741007194244,84.23892628422301,28.0,2.0,21.0,0.0,0.0,0.0,0.0,0.0,0.0,0.0,0.0,0.0,0.0,0.0,0.0,0.0,0.0,0.0
MI,2013-06-27,17.023300970873787,22.65682926829268,28.29708737864077,5.727737226277372,86.94702059939618,25.0,3.0,26.0,0.0,2.0,0.0,3.0,0.0,0.0,1.0,0.0,0.0,0.0,0.0,0.0,0.0,0.0,0.0
MI,2013-06-28,15.753658536585366,20.96617647058824,26.18536585365853,12.87328431372549,88.90729217283652,22.0,4.0,20.0,0.0,0.0,0.0,1.0,0.0,0.0,2.0,0.0,0.0,0.0,0.0,0.0,0.0,0.0,0.0
MI,2013-06-29,14.952791878172588,19.101269035533,23.26717171717172,6.124607329842932,86.03160901126813,19.0,0.0,10.0,0.0,1.0,0.0,0.0,0.0,0.0,0.0,0.0,0.0,0.0,0.0,0.0,0.0,0.0,0.0
MI,2013-06-30,13.002083333333331,18.24031413612565,23.48229166666667,1.748546511627907,73.92155153485452,4.0,0.0,3.0,0.0,0.0,0.0,1.0,0.0,0.0,0.0,0.0,0.0,0.0,0.0,0.0,0.0,0.0,0.0
MI,2013-07-01,11.2325,17.829396984924625,24.42562814070352,0.4132275132275132,70.10427003328452,5.0,0.0,0.0,0.0,0.0,0.0,1.0,0.0,0.0,0.0,0.0,0.0,0.0,0.0,0.0,0.0,0.0,0.0
MI,2013-07-02,10.546039603960397,16.606467661691543,22.692610837438423,2.7764267990074445,74.26137318724884,9.0,0.0,0.0,0.0,0.0,0.0,4.0,0.0,0.0,0.0,0.0,0.0,0.0,0.0,0.0,0.0,0.0,0.0
MI,2013-07-03,11.985643564356437,17.915174129353233,23.82970297029703,1.7052896725440807,78.4123707507502,14.0,2.0,4.0,0.0,0.0,0.0,6.0,0.0,0.0,0.0,0.0,0.0,0.0,0.0,0.0,0.0,0.0,0.0
MI,2013-07-04,14.644615384615385,20.4389175257732,26.236734693877548,1.1849056603773584,81.73806506521355,23.0,2.0,3.0,0.0,0.0,0.0,7.0,0.0,0.0,0.0,0.0,0.0,0.0,0.0,0.0,0.0,0.0,0.0
MI,2013-07-05,16.098984771573605,21.6748730964467,27.2365,0.2672972972972973,77.61115314577994,17.0,0.0,0.0,0.0,0.0,0.0,8.0,0.0,0.0,0.0,0.0,0.0,0.0,0.0,0.0,0.0,0.0,0.0
MI,2013-07-06,17.2502538071066,23.073350253807103,28.893434343434343,0.3997252747252747,77.11551097035938,13.0,1.0,3.0,0.0,0.0,0.0,4.0,0.0,0.0,0.0,0.0,0.0,0.0,0.0,0.0,0.0,0.0,0.0
MI,2013-07-07,17.958163265306123,23.53061224489796,29.10761421319797,4.0365535248041775,83.76502931147368,19.0,1.0,14.0,0.0,0.0,0.0,5.0,0.0,0.0,0.0,0.0,0.0,0.0,0.0,0.0,0.0,0.0,0.0
MI,2013-07-08,18.1959595959596,22.66802030456853,27.15829145728643,5.635279187817259,89.15957717837333,26.0,1.0,25.0,0.0,0.0,0.0,2.0,0.0,0.0,0.0,0.0,0.0,0.0,0.0,0.0,0.0,0.0,0.0
MI,2013-07-09,18.111330049261085,22.21806930693069,26.311707317073168,9.33780487804878,89.74041840938867,44.0,8.0,22.0,0.0,0.0,0.0,7.0,0.0,0.0,1.0,0.0,0.0,0.0,0.0,0.0,0.0,0.0,0.0
MI,2013-07-10,17.701463414634148,22.38219512195122,27.09371980676328,7.051456310679611,83.98655174939667,27.0,1.0,17.0,0.0,1.0,0.0,5.0,0.0,0.0,2.0,0.0,0.0,0.0,0.0,0.0,0.0,0.0,0.0
MI,2013-07-11,12.243414634146342,18.96951219512195,25.695609756097564,0.5444168734491315,74.83299417107159,7.0,1.0,1.0,0.0,0.0,0.0,3.0,0.0,0.0,0.0,0.0,0.0,0.0,0.0,0.0,0.0,0.0,0.0
MI,2013-07-12,11.121428571428572,18.520360824742266,25.919587628865976,0.0268421052631578,75.22260419820435,9.0,0.0,0.0,0.0,0.0,0.0,3.0,0.0,0.0,0.0,0.0,0.0,0.0,0.0,0.0,0.0,0.0,0.0
MI,2013-07-13,13.689898989898987,20.6520202020202,27.61414141414141,0.0403141361256544,74.1629746220779,6.0,0.0,0.0,0.0,0.0,0.0,3.0,0.0,0.0,0.0,0.0,0.0,0.0,0.0,0.0,0.0,0.0,0.0
MI,2013-07-14,15.604040404040404,22.400757575757577,29.19747474747475,0.1369393139841688,75.88940704461362,6.0,0.0,0.0,0.0,0.0,0.0,4.0,0.0,0.0,0.0,0.0,0.0,0.0,0.0,0.0,0.0,0.0,0.0
MI,2013-07-15,17.674874371859296,24.31111111111112,30.94321608040201,0.3454780361757105,78.73784309499369,17.0,1.0,5.0,0.0,0.0,0.0,5.0,0.0,0.0,0.0,0.0,0.0,0.0,0.0,0.0,0.0,0.0,0.0
MI,2013-07-16,19.69563106796117,25.960679611650484,32.225603864734296,2.9918660287081336,79.85602919395173,17.0,0.0,10.0,0.0,0.0,0.0,6.0,0.0,0.0,0.0,0.0,0.0,0.0,0.0,0.0,0.0,0.0,0.0
MI,2013-07-17,21.668446601941746,27.25436893203884,32.84029126213592,0.9945544554455444,78.24815908842466,5.0,0.0,13.0,0.0,0.0,0.0,4.0,0.0,0.0,0.0,0.0,0.0,0.0,0.0,0.0,0.0,0.0,0.0
MI,2013-07-18,21.14780487804878,27.02414634146341,32.90533980582524,2.711970074812968,80.86516244887149,9.0,1.0,23.0,0.0,0.0,0.0,3.0,0.0,0.0,0.0,0.0,0.0,0.0,0.0,0.0,0.0,0.0,0.0
MI,2013-07-19,21.41039603960396,26.84179104477612,32.280099502487566,6.930534351145038,76.46499014461325,8.0,0.0,47.0,0.0,0.0,0.0,4.0,0.0,0.0,3.0,0.0,0.0,0.0,0.0,0.0,0.0,0.0,0.0
MI,2013-07-20,16.232178217821783,22.97524752475248,29.74433497536945,7.69175,74.661925523721,8.0,0.0,27.0,0.0,1.0,0.0,1.0,0.0,0.0,5.0,0.0,0.0,0.0,0.0,0.0,0.0,0.0,0.0
MI,2013-07-21,11.4065,18.502272727272725,25.651515151515152,0.4714673913043478,74.8464049807809,6.0,0.0,4.0,0.0,0.0,0.0,1.0,0.0,0.0,0.0,0.0,0.0,0.0,0.0,0.0,0.0,0.0,0.0
MI,2013-07-22,13.876354679802956,20.0128078817734,26.149261083743845,3.9232911392405065,79.79683215299167,9.0,0.0,6.0,0.0,0.0,0.0,2.0,0.0,0.0,0.0,0.0,0.0,0.0,0.0,0.0,0.0,0.0,0.0
MI,2013-07-23,15.185576923076924,20.99278846153846,26.8,2.7141119221411194,80.12997560606986,9.0,1.0,20.0,0.0,1.0,0.0,1.0,0.0,0.0,0.0,0.0,0.0,0.0,0.0,0.0,0.0,0.0,0.0
MI,2013-07-24,8.824509803921568,15.841421568627451,22.84731707317073,2.094670050761421,72.47261172633908,2.0,1.0,3.0,0.0,0.0,0.0,1.0,0.0,0.0,0.0,0.0,0.0,0.0,0.0,0.0,0.0,0.0,0.0
MI,2013-07-25,9.049019607843135,16.065686274509805,23.08235294117647,0.1360526315789473,74.37923132748801,9.0,2.0,5.0,0.0,0.0,0.0,3.0,0.0,0.0,0.0,0.0,0.0,0.0,0.0,0.0,0.0,0.0,0.0
MI,2013-07-26,12.10886699507389,18.214039408866995,24.3192118226601,4.587660668380463,79.81177896067378,21.0,2.0,17.0,0.0,1.0,0.0,3.0,0.0,0.0,0.0,0.0,0.0,0.0,0.0,0.0,0.0,0.0,0.0
MI,2013-07-27,12.627,17.439,22.251,8.168503937007873,88.03690955794639,24.0,3.0,13.0,0.0,0.0,0.0,4.0,0.0,0.0,0.0,0.0,0.0,0.0,0.0,0.0,0.0,0.0,0.0
MI,2013-07-28,9.85736040609137,14.577918781725888,19.29847715736041,7.374530831099195,84.8729766320089,17.0,0.0,6.0,0.0,0.0,0.0,1.0,0.0,0.0,0.0,0.0,0.0,0.0,0.0,0.0,0.0,0.0,0.0
MI,2013-07-29,10.580693069306932,14.721393034825873,18.8592039800995,4.068146214099216,83.8839144231832,17.0,0.0,5.0,0.0,0.0,0.0,2.0,0.0,0.0,1.0,0.0,0.0,0.0,0.0,0.0,0.0,0.0,0.0
MI,2013-07-30,9.334975369458128,15.723152709359606,22.111330049261085,0.1151670951156812,80.90615174638239,20.0,1.0,0.0,0.0,0.0,0.0,4.0,0.0,0.0,0.0,0.0,0.0,0.0,0.0,0.0,0.0,0.0,0.0
MI,2013-07-31,12.76764705882353,18.279411764705884,23.79117647058824,1.7777777777777777,86.5525350165306,20.0,1.0,6.0,0.0,0.0,0.0,6.0,0.0,0.0,0.0,0.0,0.0,0.0,0.0,0.0,0.0,0.0,0.0
MI,2013-08-01,13.796039603960397,18.544554455445542,23.27696078431373,6.864547677261614,82.38139042873816,27.0,1.0,18.0,0.0,2.0,0.0,2.0,0.0,0.0,0.0,0.0,0.0,0.0,0.0,0.0,0.0,0.0,0.0
MI,2013-08-02,12.05294117647059,17.999754901960785,23.94634146341464,1.5195544554455445,83.0020056018806,20.0,0.0,11.0,0.0,1.0,0.0,2.0,0.0,0.0,0.0,0.0,0.0,0.0,0.0,0.0,0.0,0.0,0.0
MI,2013-08-03,11.661928934010152,17.38274111675127,23.11010101010101,1.9514360313315928,79.08625499093944,19.0,6.0,5.0,0.0,0.0,0.0,3.0,0.0,0.0,1.0,0.0,0.0,0.0,0.0,0.0,0.0,0.0,0.0
MI,2013-08-04,10.43451776649746,16.59771573604061,22.77525252525253,0.0123655913978494,75.66679564933816,7.0,0.0,0.0,0.0,0.0,0.0,2.0,0.0,0.0,1.0,0.0,0.0,0.0,0.0,0.0,0.0,0.0,0.0
MI,2013-08-05,9.1128078817734,15.550492610837438,21.98817733990148,0.0805699481865285,79.38142309318864,9.0,1.0,0.0,0.0,0.0,0.0,0.0,0.0,0.0,0.0,0.0,0.0,0.0,0.0,0.0,0.0,0.0,0.0
MI,2013-08-06,12.987864077669904,17.7623786407767,22.536893203883498,1.770873786407767,84.47644630042979,15.0,2.0,4.0,0.0,0.0,0.0,7.0,0.0,0.0,0.0,0.0,0.0,0.0,0.0,0.0,0.0,0.0,0.0
MI,2013-08-07,15.574509803921568,20.175,24.77549019607843,8.020481927710843,86.42827908192022,21.0,4.0,42.0,0.0,0.0,0.0,3.0,0.0,0.0,3.0,0.0,0.0,0.0,0.0,0.0,0.0,0.0,0.0
MI,2013-08-08,12.213366336633664,18.53935643564356,24.865346534653465,3.957317073170732,79.49500512675164,12.0,0.0,4.0,1.0,0.0,0.0,2.0,0.0,0.0,0.0,0.0,0.0,0.0,0.0,0.0,0.0,0.0,0.0
MI,2013-08-09,11.36865671641791,17.625,23.8775,0.2350383631713554,76.23723415870182,5.0,0.0,1.0,0.0,0.0,0.0,1.0,0.0,0.0,0.0,0.0,0.0,0.0,0.0,0.0,0.0,0.0,0.0
MI,2013-08-10,10.79145728643216,17.53894472361809,24.301,0.1161953727506426,76.03789621747306,5.0,0.0,0.0,0.0,0.0,0.0,2.0,0.0,0.0,0.0,0.0,0.0,0.0,0.0,0.0,0.0,0.0,0.0
MI,2013-08-11,10.827860696517414,17.34179104477612,23.86683168316832,0.0051282051282051,78.17014595356854,11.0,1.0,0.0,0.0,0.0,0.0,0.0,0.0,0.0,0.0,0.0,0.0,0.0,0.0,0.0,0.0,0.0,0.0
MI,2013-08-12,12.464,18.374,24.284,4.0395,84.72777351968101,23.0,4.0,14.0,0.0,3.0,0.0,2.0,0.0,0.0,1.0,0.0,0.0,0.0,0.0,0.0,0.0,0.0,0.0
MI,2013-08-13,10.342857142857142,16.353960396039604,22.371782178217824,10.501654846335695,78.62186313462213,12.0,0.0,7.0,0.0,0.0,0.0,1.0,0.0,0.0,0.0,0.0,0.0,0.0,0.0,0.0,0.0,0.0,0.0
MI,2013-08-14,7.808252427184466,13.54656862745098,19.317156862745097,0.0499999999999999,74.72160534420041,6.0,1.0,0.0,0.0,0.0,0.0,1.0,0.0,0.0,0.0,0.0,0.0,0.0,0.0,0.0,0.0,0.0,0.0
MI,2013-08-15,7.7995049504950495,14.836881188118811,21.8896551724138,0.0019801980198019,74.84129624607172,11.0,1.0,0.0,0.0,0.0,0.0,0.0,0.0,0.0,0.0,0.0,0.0,0.0,0.0,0.0,0.0,0.0,0.0
MI,2013-08-16,8.905392156862746,16.686764705882354,24.470731707317075,0.00225,74.48643585415462,16.0,2.0,0.0,0.0,0.0,0.0,4.0,0.0,0.0,0.0,0.0,0.0,0.0,0.0,0.0,0.0,0.0,0.0
MI,2013-08-17,10.13181818181818,18.11994949494949,26.1195,0.0007792207792207,73.84389528794773,18.0,2.0,0.0,0.0,0.0,0.0,4.0,0.0,0.0,0.0,0.0,0.0,0.0,0.0,0.0,0.0,0.0,0.0
MI,2013-08-18,11.192929292929293,18.996192893401016,26.813197969543147,0.0269430051813471,73.6973301331736,18.0,4.0,0.0,0.0,0.0,0.0,4.0,0.0,0.0,0.0,0.0,0.0,0.0,0.0,0.0,0.0,0.0,0.0
MI,2013-08-19,12.077777777777778,19.690656565656564,27.303,0.0462532299741602,75.82457557035727,20.0,3.0,0.0,0.0,0.0,0.0,3.0,0.0,0.0,0.0,0.0,0.0,0.0,0.0,0.0,0.0,0.0,0.0
MI,2013-08-20,14.404926108374385,21.38325123152709,28.3615763546798,0.002020202020202,76.8184287768314,16.0,1.0,0.0,0.0,0.0,0.0,7.0,0.0,0.0,0.0,0.0,0.0,0.0,0.0,0.0,0.0,0.0,0.0
MI,2013-08-21,16.929411764705883,23.38774509803922,29.849756097560974,0.27275,77.03583090934987,13.0,3.0,7.0,0.0,0.0,0.0,9.0,0.0,0.0,0.0,0.0,0.0,0.0,0.0,0.0,0.0,0.0,0.0
MI,2013-08-22,16.066995073891626,22.636453201970443,29.20591133004926,4.528674698795181,80.30651478025979,16.0,2.0,28.0,0.0,1.0,0.0,2.0,0.0,0.0,2.0,0.0,0.0,0.0,0.0,0.0,0.0,0.0,0.0
MI,2013-08-23,11.26206896551724,18.779556650246302,26.29704433497537,0.9676691729323308,74.79168578662288,15.0,2.0,2.0,0.0,0.0,0.0,1.0,0.0,0.0,0.0,0.0,0.0,0.0,0.0,0.0,0.0,0.0,0.0
MI,2013-08-24,11.0485,18.77575,26.50398009950249,0.0108179419525065,74.81643702957571,14.0,1.0,2.0,0.0,0.0,0.0,0.0,0.0,0.0,0.0,0.0,0.0,0.0,0.0,0.0,0.0,0.0,0.0
MI,2013-08-25,13.55431472081218,21.080710659898475,28.60710659898477,0.2253886010362694,74.64158720147995,10.0,2.0,10.0,0.0,0.0,0.0,1.0,0.0,0.0,0.0,0.0,0.0,0.0,0.0,0.0,0.0,0.0,0.0
MI,2013-08-26,17.575,23.99075,30.409950248756218,4.112886597938144,78.1187687720357,11.0,1.0,33.0,0.0,0.0,0.0,2.0,0.0,0.0,2.0,0.0,0.0,0.0,0.0,0.0,0.0,0.0,0.0
MI,2013-08-27,19.141062801932367,24.132125603864736,29.1231884057971,7.160869565217391,88.37801905104241,24.0,2.0,32.0,0.0,0.0,0.0,5.0,0.0,0.0,1.0,0.0,0.0,0.0,0.0,0.0,0.0,0.0,0.0
MI,2013-08-28,18.875242718446604,23.293446601941746,27.71165048543689,17.017772511848342,87.57066806677305,41.0,6.0,21.0,0.0,0.0,0.0,3.0,0.0,0.0,0.0,0.0,0.0,0.0,0.0,0.0,0.0,0.0,0.0
MI,2013-08-29,16.665217391304346,22.682850241545896,28.70048309178744,0.1625615763546798,83.69685178294809,37.0,4.0,7.0,0.0,0.0,0.0,2.0,0.0,0.0,0.0,0.0,0.0,0.0,0.0,0.0,0.0,0.0,0.0
MI,2013-08-30,17.15960591133005,23.10696517412936,29.032673267326736,3.280203045685279,84.4402501851275,21.0,3.0,27.0,0.0,1.0,0.0,5.0,0.0,0.0,1.0,0.0,0.0,0.0,0.0,0.0,0.0,0.0,0.0
MI,2013-08-31,16.82030456852792,21.96065989847716,27.11868686868687,6.577099236641222,85.45624687206718,24.0,1.0,12.0,0.0,0.0,0.0,1.0,0.0,0.0,0.0,0.0,0.0,0.0,0.0,0.0,0.0,0.0,0.0
MI,2013-09-01,15.732631578947368,20.643421052631577,25.55130890052356,1.3092391304347826,89.14232712994215,21.0,2.0,14.0,0.0,0.0,0.0,6.0,0.0,0.0,0.0,0.0,0.0,0.0,0.0,0.0,0.0,0.0,0.0
MI,2013-09-02,13.833846153846151,18.63435897435897,23.45408163265306,2.938786279683377,85.38183682374438,21.0,0.0,10.0,0.0,0.0,0.0,2.0,0.0,0.0,0.0,0.0,0.0,0.0,0.0,0.0,0.0,0.0,0.0
MI,2013-09-03,11.2815,16.133838383838384,20.923618090452266,0.1398416886543535,76.05463423002723,5.0,0.0,0.0,0.0,0.0,0.0,2.0,0.0,0.0,0.0,0.0,0.0,0.0,0.0,0.0,0.0,0.0,0.0
MI,2013-09-04,10.670707070707072,16.83071065989848,22.97474747474748,0.009462915601023,79.1974875546449,6.0,1.0,0.0,0.0,0.0,0.0,0.0,0.0,0.0,0.0,0.0,0.0,0.0,0.0,0.0,0.0,0.0,0.0
MI,2013-09-05,7.882412060301507,15.106532663316582,22.3525,0.0043147208121827,73.84868944421984,4.0,1.0,0.0,0.0,0.0,0.0,0.0,0.0,0.0,0.0,0.0,0.0,0.0,0.0,0.0,0.0,0.0,0.0
MI,2013-09-06,6.938383838383838,14.334848484848486,21.72562814070352,0.1646753246753246,75.6628515598473,9.0,1.0,2.0,0.0,0.0,0.0,0.0,0.0,0.0,0.0,0.0,0.0,0.0,0.0,0.0,0.0,0.0,0.0
MI,2013-09-07,11.303061224489795,18.16205128205128,24.985714285714284,2.222857142857143,81.72666539598316,13.0,1.0,21.0,0.0,0.0,0.0,3.0,0.0,0.0,0.0,0.0,0.0,0.0,0.0,0.0,0.0,0.0,0.0
MI,2013-09-08,12.621649484536082,18.61494845360825,24.624615384615385,1.8477806788511748,80.68673998737698,12.0,0.0,3.0,0.0,0.0,0.0,0.0,0.0,0.0,0.0,0.0,0.0,0.0,0.0,0.0,0.0,0.0,0.0
MI,2013-09-09,11.298994974874372,17.17211055276382,23.0385,5.186259541984733,85.3749103674084,12.0,3.0,11.0,0.0,0.0,0.0,3.0,0.0,0.0,0.0,0.0,0.0,0.0,0.0,0.0,0.0,0.0,0.0
MI,2013-09-10,15.8075,21.456,27.09950248756219,5.075682382133995,78.31598145691284,18.0,2.0,18.0,0.0,0.0,0.0,8.0,0.0,0.0,0.0,0.0,0.0,0.0,0.0,0.0,0.0,0.0,0.0
MI,2013-09-11,18.228855721393035,24.27910447761194,30.3615763546798,4.255216284987277,79.91073978777595,18.0,1.0,25.0,0.0,0.0,0.0,7.0,0.0,0.0,2.0,0.0,0.0,0.0,0.0,0.0,0.0,0.0,0.0
MI,2013-09-12,14.249246231155778,20.20429292929293,26.168341708542712,3.996766169154229,81.80457851494516,16.0,1.0,4.0,0.0,0.0,0.0,1.0,0.0,0.0,2.0,0.0,0.0,0.0,0.0,0.0,0.0,0.0,0.0
MI,2013-09-13,6.957999999999999,13.2678391959799,19.58994974874372,1.3571065989847717,75.3219068624325,2.0,0.0,1.0,0.0,0.0,0.0,0.0,0.0,0.0,0.0,0.0,0.0,0.0,0.0,0.0,0.0,0.0,0.0
MI,2013-09-14,2.8908629441624365,10.010204081632653,17.13502538071066,0.0687671232876712,76.53137934434847,9.0,2.0,0.0,0.0,0.0,0.0,2.0,0.0,0.0,0.0,0.0,0.0,0.0,0.0,0.0,0.0,0.0,0.0
MI,2013-09-15,5.880612244897959,12.345128205128209,18.82244897959184,0.8793478260869564,84.14866167687093,24.0,0.0,0.0,0.0,0.0,0.0,1.0,0.0,0.0,0.0,0.0,0.0,0.0,0.0,0.0,0.0,0.0,0.0
MI,2013-09-16,5.946733668341709,10.894444444444444,15.841206030150754,2.98325,82.11393975934544,16.0,0.0,0.0,0.0,0.0,0.0,2.0,0.0,0.0,0.0,0.0,0.0,0.0,0.0,0.0,0.0,0.0,0.0
MI,2013-09-17,2.2270935960591136,9.527832512315271,16.82439024390244,0.0314356435643564,78.7896167756939,15.0,2.0,0.0,0.0,0.0,0.0,0.0,0.0,0.0,0.0,0.0,0.0,0.0,0.0,0.0,0.0,0.0,0.0
MI,2013-09-18,4.94321608040201,12.689195979899498,20.4245,0.1385390428211587,79.52322786819036,12.0,0.0,1.0,0.0,0.0,0.0,1.0,0.0,0.0,0.0,0.0,0.0,0.0,0.0,0.0,0.0,0.0,0.0
MI,2013-09-19,11.3745,17.4895,23.60148514851485,5.343532338308457,85.19007169984566,26.0,4.0,33.0,0.0,0.0,0.0,7.0,0.0,0.0,0.0,0.0,0.0,0.0,0.0,0.0,0.0,0.0,0.0
MI,2013-09-20,15.713861386138612,20.160199004975123,24.618316831683167,8.23960880195599,90.34737026029914,22.0,1.0,29.0,0.0,0.0,0.0,6.0,0.0,0.0,0.0,0.0,0.0,0.0,0.0,0.0,0.0,0.0,0.0
MI,2013-09-21,10.915104166666666,15.91657894736842,20.956020942408376,3.9021220159151193,83.53303897022708,17.0,0.0,3.0,0.0,0.0,0.0,3.0,0.0,0.0,0.0,0.0,0.0,0.0,0.0,0.0,0.0,0.0,0.0
MI,2013-09-22,5.679381443298968,10.589378238341968,15.527319587628869,0.3510869565217391,77.13028149126144,1.0,1.0,0.0,0.0,0.0,0.0,1.0,0.0,0.0,0.0,0.0,0.0,0.0,0.0,0.0,0.0,0.0,0.0
MI,2013-09-23,3.045959595959596,8.893401015228426,14.76497461928934,0.0341207349081364,79.75154217347243,12.0,1.0,0.0,0.0,0.0,0.0,0.0,0.0,0.0,0.0,0.0,0.0,0.0,0.0,0.0,0.0,0.0,0.0
MI,2013-09-24,3.2795,10.484749999999998,17.682089552238807,0.0109974424552429,81.41985597524396,26.0,2.0,0.0,0.0,0.0,0.0,1.0,0.0,0.0,0.0,0.0,0.0,0.0,0.0,0.0,0.0,0.0,0.0
MI,2013-09-25,4.246464646464646,12.067929292929293,19.88939393939394,0.0046391752577319,81.77742413347035,29.0,3.0,0.0,0.0,0.0,0.0,2.0,0.0,0.0,0.0,0.0,0.0,0.0,0.0,0.0,0.0,0.0,0.0
MI,2013-09-26,4.643718592964825,13.158333333333331,21.652261306532665,0.0088541666666666,79.13692953160705,41.0,8.0,0.0,0.0,0.0,0.0,1.0,0.0,0.0,0.0,0.0,0.0,0.0,0.0,0.0,0.0,0.0,0.0
MI,2013-09-27,5.705940594059405,14.5980198019802,23.486699507389165,0.003598971722365,78.0737506069729,29.0,5.0,0.0,0.0,0.0,0.0,1.0,0.0,0.0,0.0,0.0,0.0,0.0,0.0,0.0,0.0,0.0,0.0
MI,2013-09-28,8.145549738219895,16.270942408376964,24.4,0.0997275204359673,77.98333310397366,22.0,5.0,0.0,0.0,0.0,0.0,1.0,0.0,0.0,0.0,0.0,0.0,0.0,0.0,0.0,0.0,0.0,0.0
MI,2013-09-29,9.890862944162436,16.479336734693877,23.07258883248731,4.407969151670951,79.4102422120285,27.0,2.0,1.0,0.0,0.0,0.0,1.0,0.0,0.0,1.0,0.0,0.0,0.0,0.0,0.0,0.0,0.0,0.0
MI,2013-09-30,7.4338461538461535,13.610416666666666,19.81036269430052,1.52853470437018,82.4160144362114,31.0,5.0,1.0,0.0,0.0,0.0,2.0,0.0,0.0,0.0,0.0,0.0,0.0,0.0,0.0,0.0,0.0,0.0
MI,2013-10-01,8.727777777777778,15.251262626262626,21.76582914572864,0.0090680100755667,84.4313188151736,22.0,4.0,0.0,0.0,0.0,0.0,4.0,0.0,0.0,0.0,0.0,0.0,0.0,0.0,0.0,0.0,0.0,0.0
MI,2013-10-02,9.291709844559586,16.366321243523316,23.420103092783503,0.0103092783505154,70.0710375446999,23.0,5.0,0.0,0.0,0.0,0.0,2.0,0.0,0.0,0.0,0.0,0.0,0.0,0.0,0.0,0.0,0.0,0.0
MI,2013-10-03,8.719095477386935,15.890954773869348,23.064,1.3615776081424935,83.5002517775513,17.0,2.0,7.0,0.0,0.0,0.0,6.0,0.0,0.0,0.0,0.0,0.0,0.0,0.0,0.0,0.0,0.0,0.0
MI,2013-10-04,12.252736318407962,16.949253731343283,21.665346534653462,7.873284313725491,89.62699155434908,23.0,1.0,20.0,0.0,0.0,0.0,2.0,0.0,0.0,0.0,0.0,0.0,0.0,0.0,0.0,0.0,0.0,0.0
MI,2013-10-05,13.781538461538462,16.84846153846154,19.91538461538461,11.530179028132991,92.25867615055672,23.0,2.0,26.0,0.0,0.0,0.0,6.0,0.0,0.0,0.0,0.0,0.0,0.0,0.0,0.0,0.0,0.0,0.0
MI,2013-10-06,12.716494845360824,15.97538860103627,19.23556701030928,13.090600522193212,93.34570906691802,38.0,2.0,19.0,0.0,0.0,0.0,1.0,0.0,0.0,2.0,0.0,0.0,0.0,0.0,0.0,0.0,0.0,0.0
MI,2013-10-07,6.823809523809524,12.02936507936508,17.240526315789474,7.298933333333333,85.15792862078968,24.0,1.0,5.0,0.0,0.0,0.0,0.0,0.0,0.0,0.0,0.0,0.0,0.0,0.0,0.0,0.0,0.0,0.0
MI,2013-10-08,3.5335,10.15725,16.775124378109453,1.1886075949367088,78.35612102034179,15.0,1.0,0.0,0.0,0.0,0.0,0.0,0.0,0.0,0.0,0.0,0.0,0.0,0.0,0.0,0.0,0.0,0.0
MI,2013-10-09,5.378787878787879,13.040151515151514,20.701005025125628,0.0063451776649746,75.00309512515194,16.0,0.0,0.0,0.0,0.0,0.0,1.0,0.0,0.0,0.0,0.0,0.0,0.0,0.0,0.0,0.0,0.0,0.0
MI,2013-10-10,5.0325,13.40825,21.78059701492537,0.0407692307692307,77.68633755724655,24.0,6.0,0.0,0.0,0.0,0.0,1.0,0.0,0.0,0.0,0.0,0.0,0.0,0.0,0.0,0.0,0.0,0.0
MI,2013-10-11,4.848241206030151,13.177638190954774,21.505,0.0031578947368421,79.73523269983849,31.0,5.0,0.0,0.0,0.0,0.0,1.0,0.0,0.0,0.0,0.0,0.0,0.0,0.0,0.0,0.0,0.0,0.0
MI,2013-10-12,6.436269430051814,14.288601036269428,22.13298969072165,0.2661202185792349,78.05746081808124,24.0,4.0,3.0,0.0,0.0,0.0,3.0,0.0,0.0,0.0,0.0,0.0,0.0,0.0,0.0,0.0,0.0,0.0
MI,2013-10-13,6.710880829015545,13.9296875,21.19639175257732,2.047354497354497,76.9889772413443,19.0,2.0,5.0,0.0,0.0,0.0,1.0,0.0,0.0,0.0,0.0,0.0,0.0,0.0,0.0,0.0,0.0,0.0
MI,2013-10-14,2.4115577889447235,9.382564102564102,16.331632653061224,0.0355795148247978,78.52332126547854,11.0,0.0,0.0,0.0,0.0,0.0,0.0,0.0,0.0,0.0,0.0,0.0,0.0,0.0,0.0,0.0,0.0,0.0
MI,2013-10-15,2.5863636363636364,9.222979797979798,15.84,0.7774358974358974,87.79835582209257,25.0,2.0,0.0,0.0,0.0,0.0,4.0,0.0,0.0,0.0,0.0,0.0,0.0,0.0,0.0,0.0,0.0,0.0
MI,2013-10-16,5.814427860696518,10.57462686567164,15.34158415841584,5.832673267326733,89.48648659325025,27.0,0.0,0.0,0.0,0.0,0.0,2.0,0.0,0.0,0.0,0.0,0.0,0.0,0.0,0.0,0.0,0.0,0.0
MI,2013-10-17,5.169387755102041,8.617435897435898,11.989285714285714,2.410309278350516,88.58842835371833,28.0,1.0,0.0,0.0,0.0,0.0,2.0,0.0,0.0,0.0,0.0,0.0,0.0,0.0,0.0,0.0,0.0,0.0
MI,2013-10-18,2.601005025125628,7.315151515151515,12.035858585858586,5.002827763496144,84.96531032241427,21.0,2.0,2.0,1.0,0.0,0.0,1.0,0.0,0.0,0.0,0.0,0.0,0.0,0.0,0.0,0.0,0.0,0.0
MI,2013-10-19,2.739175257731959,7.664175257731959,12.615897435897436,3.174932614555256,84.23769370264876,19.0,1.0,5.0,4.0,0.0,0.0,1.0,0.0,0.0,0.0,0.0,0.0,0.0,0.0,0.0,0.0,0.0,0.0
MI,2013-10-20,1.6811224489795915,6.209487179487179,10.749230769230769,3.918428184281842,81.9441835024664,20.0,0.0,4.0,4.0,2.0,0.0,1.0,0.0,0.0,0.0,0.0,0.0,0.0,0.0,0.0,0.0,0.0,0.0
MI,2013-10-21,2.527638190954774,6.881565656565656,11.23065326633166,3.8931216931216928,81.77107241369058,16.0,1.0,1.0,4.0,0.0,0.0,3.0,0.0,0.0,1.0,0.0,0.0,0.0,0.0,0.0,0.0,0.0,0.0
MI,2013-10-22,-0.172636815920398,4.27525,8.727,2.300261096605744,76.81620598784298,3.0,0.0,0.0,4.0,1.0,0.0,2.0,0.0,0.0,0.0,0.0,0.0,0.0,0.0,0.0,0.0,0.0,0.0
MI,2013-10-23,-0.9686567164179104,3.2291044776119406,7.4268656716417905,1.8583769633507847,82.25363235361776,14.0,0.0,0.0,13.0,1.0,1.0,3.0,0.0,0.0,0.0,0.0,0.0,0.0,0.0,0.0,0.0,0.0,0.0
MI,2013-10-24,-1.0146464646464646,2.786111111111111,6.596,2.1072386058981234,84.48711982983245,12.0,1.0,0.0,9.0,0.0,0.0,2.0,0.0,0.0,0.0,0.0,0.0,0.0,0.0,0.0,0.0,0.0,0.0
MI,2013-10-25,-0.9788177339901478,3.1591133004926104,7.294117647058823,1.9230769230769231,81.22233348362123,8.0,1.0,0.0,6.0,0.0,3.0,0.0,0.0,0.0,0.0,0.0,0.0,0.0,0.0,0.0,0.0,0.0,0.0
MI,2013-10-26,0.5917098445595855,4.5427461139896375,8.504639175257733,2.099706744868035,73.92324018257693,13.0,0.0,2.0,4.0,0.0,0.0,1.0,0.0,0.0,4.0,0.0,0.0,0.0,0.0,0.0,0.0,0.0,0.0
MI,2013-10-27,0.2267015706806282,4.557591623036649,8.894270833333334,1.3217391304347823,78.21847391595858,4.0,0.0,0.0,5.0,1.0,0.0,0.0,0.0,0.0,0.0,0.0,0.0,0.0,0.0,0.0,0.0,0.0,0.0
MI,2013-10-28,-0.9316062176165804,3.982124352331606,8.895854922279794,0.2229461756373937,76.6680819578755,3.0,0.0,0.0,0.0,0.0,0.0,0.0,0.0,0.0,0.0,0.0,0.0,0.0,0.0,0.0,0.0,0.0,0.0
MI,2013-10-29,-2.707106598984771,2.1517766497461928,7.010659898477157,0.0537433155080213,79.19990582726695,4.0,0.0,0.0,1.0,0.0,0.0,0.0,0.0,0.0,0.0,0.0,0.0,0.0,0.0,0.0,0.0,0.0,0.0
MI,2013-10-30,-1.451269035532995,3.871065989847716,9.193401015228426,0.8354054054054054,85.61894429730724,22.0,3.0,3.0,2.0,0.0,0.0,7.0,0.0,0.0,0.0,0.0,0.0,0.0,0.0,0.0,0.0,0.0,0.0
MI,2013-10-31,3.805025125628141,9.036683417085428,14.286,16.630693069306933,93.81318359709395,55.0,3.0,5.0,0.0,0.0,0.0,1.0,0.0,0.0,0.0,0.0,0.0,0.0,0.0,0.0,0.0,0.0,0.0
MI,2013-11-01,6.630150753768845,10.226884422110553,13.823618090452262,20.9395,90.51430029957707,38.0,0.0,1.0,0.0,0.0,0.0,3.0,0.0,0.0,3.0,0.0,0.0,0.0,0.0,0.0,0.0,0.0,0.0
MI,2013-11-02,2.984263959390862,5.605412371134021,8.274742268041237,3.963376623376623,88.26165286822581,24.0,0.0,0.0,0.0,0.0,0.0,0.0,0.0,0.0,0.0,0.0,0.0,0.0,0.0,0.0,0.0,0.0,0.0
MI,2013-11-03,-1.5010309278350515,2.7206185567010306,6.941025641025641,0.9502673796791444,82.13975733849166,4.0,0.0,0.0,0.0,0.0,0.0,0.0,0.0,0.0,0.0,0.0,0.0,0.0,0.0,0.0,0.0,0.0,0.0
MI,2013-11-04,-0.2878787878787879,3.846717171717172,7.981313131313131,0.0773684210526315,76.13958453180499,2.0,0.0,0.0,0.0,0.0,0.0,1.0,0.0,0.0,0.0,0.0,0.0,0.0,0.0,0.0,0.0,0.0,0.0
MI,2013-11-05,2.884924623115578,6.693467336683417,10.502010050251256,0.2636828644501278,77.92023801116568,4.0,0.0,0.0,0.0,0.0,0.0,4.0,0.0,0.0,1.0,0.0,0.0,0.0,0.0,0.0,0.0,0.0,0.0
MI,2013-11-06,5.315577889447236,8.710804020100502,12.106030150753767,8.192288557213931,88.25043537702153,21.0,0.0,0.0,0.0,0.0,0.0,1.0,0.0,0.0,3.0,0.0,0.0,0.0,0.0,0.0,0.0,0.0,0.0
MI,2013-11-07,0.6773869346733669,4.697236180904523,8.717085427135679,8.406106870229008,80.41701812847185,13.0,1.0,0.0,3.0,0.0,0.0,1.0,0.0,0.0,0.0,0.0,0.0,0.0,0.0,0.0,0.0,0.0,0.0
MI,2013-11-08,-0.9117346938775512,2.0479591836734694,5.00765306122449,1.0597911227154049,78.07792887817148,9.0,1.0,0.0,4.0,1.0,0.0,1.0,0.0,0.0,0.0,0.0,0.0,0.0,0.0,0.0,0.0,0.0,0.0
MI,2013-11-09,-0.1974093264248704,3.4930051813471503,7.194845360824743,2.229919137466307,79.18555055969676,10.0,0.0,0.0,0.0,0.0,0.0,1.0,0.0,0.0,3.0,0.0,0.0,0.0,0.0,0.0,0.0,0.0,0.0
MI,2013-11-10,1.9276041666666668,5.059114583333334,8.238144329896908,1.342818428184282,74.82194369966406,6.0,0.0,0.0,0.0,0.0,0.0,0.0,0.0,0.0,2.0,0.0,0.0,0.0,0.0,0.0,0.0,0.0,0.0
MI,2013-11-11,-2.057360406091371,1.9408163265306124,5.949489795918367,2.5218666666666665,82.27021569490964,17.0,0.0,0.0,4.0,0.0,2.0,0.0,0.0,0.0,1.0,0.0,0.0,0.0,0.0,0.0,0.0,0.0,0.0
MI,2013-11-12,-5.743216080402011,-2.1722222222222225,1.6156565656565656,3.758638743455497,76.68344572924966,0.0,0.0,0.0,2.0,0.0,0.0,0.0,0.0,0.0,0.0,0.0,0.0,0.0,0.0,0.0,0.0,0.0,0.0
MI,2013-11-13,-7.280904522613066,-2.792713567839196,1.712,0.1483204134366925,72.82404839089124,0.0,0.0,0.0,0.0,0.0,0.0,1.0,0.0,0.0,1.0,0.0,0.0,0.0,0.0,0.0,0.0,0.0,0.0
MI,2013-11-14,-3.4270408163265307,1.4426020408163265,6.308629441624365,0.020360824742268,68.23700065793288,2.0,0.0,0.0,0.0,0.0,0.0,1.0,0.0,0.0,1.0,0.0,0.0,0.0,0.0,0.0,0.0,0.0,0.0
MI,2013-11-15,0.2898989898989899,4.686868686868687,9.088442211055275,0.1206266318537859,70.88650451430445,5.0,0.0,1.0,0.0,0.0,0.0,1.0,0.0,0.0,0.0,0.0,0.0,0.0,0.0,0.0,0.0,0.0,0.0
MI,2013-11-16,0.3020408163265306,5.612755102040816,10.91015228426396,0.660053619302949,84.34651128614723,22.0,1.0,1.0,0.0,0.0,0.0,4.0,0.0,0.0,0.0,0.0,0.0,0.0,0.0,0.0,0.0,0.0,0.0
MI,2013-11-17,4.237244897959184,9.117602040816326,14.017258883248733,11.128165374677003,91.42384033209476,23.0,1.0,21.0,0.0,0.0,0.0,2.0,0.0,0.0,7.0,0.0,0.0,0.0,0.0,0.0,0.0,0.0,0.0
MI,2013-11-18,1.55,7.015206185567011,12.494897959183673,20.235340314136124,80.68982980284166,10.0,1.0,18.0,4.0,0.0,0.0,0.0,0.0,0.0,24.0,0.0,0.0,0.0,0.0,0.0,0.0,0.0,0.0
MI,2013-11-19,-2.415897435897436,0.5878238341968912,3.6134715025906736,0.2838624338624338,72.09066702015697,0.0,0.0,0.0,3.0,0.0,0.0,1.0,0.0,0.0,2.0,0.0,0.0,0.0,0.0,0.0,0.0,0.0,0.0
MI,2013-11-20,-3.807179487179487,0.4264248704663212,4.658247422680413,0.028051948051948,77.59555652884649,3.0,1.0,0.0,0.0,0.0,0.0,0.0,0.0,0.0,0.0,0.0,0.0,0.0,0.0,0.0,0.0,0.0,0.0
MI,2013-11-21,-1.0343589743589745,2.598205128205128,6.230769230769231,1.0702564102564105,83.44376855419847,30.0,1.0,0.0,1.0,0.0,0.0,1.0,0.0,0.0,0.0,0.0,0.0,0.0,0.0,0.0,0.0,0.0,0.0
MI,2013-11-22,-0.535175879396985,2.7753768844221103,6.085929648241206,4.02720207253886,90.48191014971924,28.0,0.0,0.0,0.0,0.0,2.0,4.0,0.0,0.0,1.0,0.0,0.0,0.0,0.0,0.0,0.0,0.0,0.0
MI,2013-11-23,-7.83125,-3.22890625,1.403626943005181,1.1473972602739726,77.509404034994,8.0,3.0,0.0,0.0,0.0,0.0,13.0,1.0,0.0,1.0,0.0,0.0,0.0,0.0,0.0,0.0,0.0,0.0
MI,2013-11-24,-11.174093264248704,-7.740104166666666,-4.3578125000000005,1.2112359550561798,75.60258116050748,3.0,0.0,0.0,0.0,0.0,0.0,6.0,0.0,0.0,1.0,0.0,0.0,0.0,0.0,0.0,0.0,0.0,0.0
MI,2013-11-25,-9.088144329896906,-5.480412371134021,-1.904591836734694,0.376056338028169,73.16983135394847,11.0,3.0,0.0,0.0,0.0,1.0,5.0,1.0,0.0,1.0,0.0,0.0,0.0,0.0,0.0,0.0,0.0,0.0
MI,2013-11-26,-5.253092783505155,-2.415463917525773,0.4178571428571428,1.087534626038781,85.16137716528974,6.0,0.0,0.0,1.0,0.0,4.0,5.0,1.0,0.0,0.0,0.0,0.0,0.0,0.0,0.0,0.0,0.0,0.0
MI,2013-11-27,-8.956122448979592,-5.0910714285714285,-1.219796954314721,1.507945205479452,77.85475549693176,2.0,0.0,0.0,0.0,0.0,0.0,2.0,1.0,0.0,0.0,0.0,0.0,0.0,0.0,0.0,0.0,0.0,0.0
MI,2013-11-28,-10.739473684210529,-7.231315789473684,-3.720942408376964,0.971044776119403,81.7741552119236,17.0,2.0,0.0,1.0,0.0,0.0,1.0,0.0,0.0,0.0,0.0,0.0,0.0,0.0,0.0,0.0,0.0,0.0
MI,2013-11-29,-12.041666666666666,-7.251041666666667,-2.4590673575129536,0.8652694610778443,84.39154615495285,9.0,3.0,0.0,0.0,0.0,0.0,3.0,0.0,0.0,0.0,0.0,0.0,0.0,0.0,0.0,0.0,0.0,0.0
MI,2013-11-30,-8.006315789473684,-3.426052631578948,1.1513089005235602,0.0480825958702064,78.60083185826113,7.0,0.0,0.0,0.0,0.0,1.0,5.0,0.0,0.0,0.0,0.0,0.0,0.0,0.0,0.0,0.0,0.0,0.0
MI,2013-12-01,-2.6177083333333333,0.5963541666666666,3.837113402061856,0.17953216374269,83.59406897913287,17.0,0.0,0.0,1.0,0.0,3.0,12.0,0.0,0.0,0.0,0.0,0.0,0.0,0.0,0.0,0.0,0.0,0.0
MI,2013-12-02,-3.555154639175258,-0.3569587628865979,2.817766497461929,0.0841954022988505,83.92570930115666,12.0,1.0,0.0,0.0,0.0,2.0,4.0,0.0,0.0,0.0,0.0,0.0,0.0,0.0,0.0,0.0,0.0,0.0
MI,2013-12-03,-5.183589743589743,-1.7299999999999998,1.7426395939086294,1.0737127371273711,87.83079386806752,17.0,1.0,0.0,1.0,0.0,7.0,6.0,0.0,0.0,0.0,0.0,0.0,0.0,0.0,0.0,0.0,0.0,0.0
MI,2013-12-04,-2.2364102564102564,0.7220512820512821,3.6816326530612247,5.111232876712329,94.4483033221594,29.0,5.0,1.0,4.0,0.0,6.0,6.0,0.0,0.0,0.0,0.0,0.0,0.0,0.0,0.0,0.0,0.0,0.0
MI,2013-12-05,-2.343589743589744,3.690769230769231,9.79246231155779,3.7372654155495977,83.8048638508342,21.0,2.0,2.0,1.0,0.0,6.0,3.0,0.0,0.0,1.0,0.0,0.0,0.0,0.0,0.0,0.0,0.0,0.0
MI,2013-12-06,-8.5,-3.9709183673469375,0.5862944162436549,0.1656675749318801,75.527754929133,3.0,1.0,0.0,0.0,0.0,0.0,2.0,0.0,0.0,0.0,0.0,0.0,0.0,0.0,0.0,0.0,0.0,0.0
MI,2013-12-07,-11.656476683937823,-8.67890625,-5.677720207253886,0.3374301675977653,74.87446123449605,4.0,0.0,0.0,0.0,0.0,0.0,7.0,0.0,0.0,0.0,0.0,0.0,0.0,0.0,0.0,0.0,0.0,0.0
MI,2013-12-08,-14.314893617021276,-10.431283422459892,-6.5755319148936175,0.3388235294117647,80.11942329750988,20.0,0.0,0.0,0.0,0.0,0.0,8.0,0.0,0.0,0.0,0.0,0.0,0.0,0.0,0.0,0.0,0.0,0.0
MI,2013-12-09,-12.04,-8.14561855670103,-4.213333333333334,2.985955056179775,87.87264702512704,16.0,1.0,0.0,0.0,0.0,3.0,12.0,1.0,0.0,3.0,0.0,0.0,0.0,0.0,0.0,0.0,0.0,0.0
MI,2013-12-10,-15.737878787878788,-10.382575757575758,-4.9965,0.9145604395604396,78.49211699579159,6.0,0.0,0.0,0.0,0.0,0.0,8.0,2.0,0.0,0.0,0.0,0.0,0.0,0.0,0.0,0.0,0.0,0.0
MI,2013-12-11,-15.016326530612243,-11.49795918367347,-7.963636363636364,1.3947658402203855,79.25397270775889,9.0,2.0,0.0,0.0,0.0,0.0,14.0,0.0,0.0,0.0,0.0,0.0,0.0,0.0,0.0,0.0,0.0,0.0
MI,2013-12-12,-16.896428571428572,-12.655867346938775,-8.401015228426395,1.022191011235955,79.0961443339825,6.0,0.0,0.0,0.0,0.0,0.0,11.0,1.0,0.0,0.0,0.0,0.0,0.0,0.0,0.0,0.0,0.0,0.0
MI,2013-12-13,-14.37025641025641,-10.553076923076922,-6.721428571428572,0.7036931818181817,78.93050451409256,4.0,0.0,0.0,0.0,0.0,0.0,4.0,0.0,0.0,0.0,0.0,0.0,0.0,0.0,0.0,0.0,0.0,0.0
MI,2013-12-14,-13.355154639175256,-10.081443298969072,-6.78974358974359,2.020639534883721,84.62650723646007,14.0,1.0,0.0,0.0,0.0,0.0,4.0,0.0,0.0,0.0,0.0,0.0,0.0,0.0,0.0,0.0,0.0,0.0
MI,2013-12-15,-11.786842105263158,-9.173684210526316,-6.5581151832460725,4.857771260997067,87.20611221130257,15.0,3.0,0.0,0.0,0.0,0.0,9.0,0.0,0.0,0.0,0.0,0.0,0.0,0.0,0.0,0.0,0.0,0.0
MI,2013-12-16,-18.284263959390863,-12.582142857142856,-6.856345177664974,1.625217391304348,81.72937178974976,17.0,2.0,0.0,0.0,0.0,0.0,11.0,0.0,0.0,0.0,0.0,0.0,0.0,0.0,0.0,0.0,0.0,0.0
MI,2013-12-17,-15.844897959183672,-10.7875,-5.731979695431472,1.7076271186440677,87.88283324372388,12.0,1.0,0.0,0.0,0.0,0.0,11.0,0.0,0.0,0.0,0.0,0.0,0.0,0.0,0.0,0.0,0.0,0.0
MI,2013-12-18,-9.222959183673469,-6.24234693877551,-3.257070707070707,1.2234782608695651,82.98118088916158,13.0,0.0,0.0,0.0,0.0,0.0,3.0,0.0,0.0,0.0,0.0,0.0,0.0,0.0,0.0,0.0,0.0,0.0
MI,2013-12-19,-8.6340206185567,-4.8525773195876285,-1.071134020618557,0.1468208092485549,81.75854446571545,16.0,0.0,0.0,0.0,0.0,1.0,7.0,0.0,0.0,0.0,0.0,0.0,0.0,0.0,0.0,0.0,0.0,0.0
MI,2013-12-20,-6.334848484848485,-3.285858585858586,-0.2368686868686869,3.316909620991254,91.85760258203356,22.0,6.0,0.0,4.0,0.0,12.0,3.0,0.0,0.0,0.0,0.0,0.0,0.0,0.0,0.0,0.0,0.0,0.0
MI,2013-12-21,-4.671875,-2.9536458333333333,-1.2354166666666668,5.027134146341463,93.844866384904,27.0,6.0,0.0,2.0,0.0,15.0,2.0,0.0,0.0,0.0,0.0,0.0,0.0,0.0,0.0,0.0,0.0,0.0
MI,2013-12-22,-4.885106382978723,-3.186898395721925,-1.452127659574468,11.989751552795031,91.41444450494296,23.0,1.0,0.0,4.0,0.0,14.0,3.0,1.0,0.0,1.0,0.0,0.0,0.0,0.0,0.0,0.0,0.0,0.0
MI,2013-12-23,-9.570744680851064,-6.351329787234042,-3.131914893617021,2.905396825396825,87.39374553532257,15.0,0.0,0.0,1.0,0.0,4.0,6.0,0.0,0.0,1.0,0.0,0.0,0.0,0.0,0.0,0.0,0.0,0.0
MI,2013-12-24,-15.990374331550802,-11.138770053475936,-6.2871657754010695,0.9890675241157556,82.69923645025214,8.0,0.0,0.0,0.0,0.0,1.0,8.0,0.0,0.0,0.0,0.0,0.0,0.0,0.0,0.0,0.0,0.0,0.0
MI,2013-12-25,-16.39197860962567,-11.611229946524064,-6.83048128342246,1.3773026315789474,86.25171797890393,15.0,0.0,0.0,0.0,0.0,1.0,11.0,1.0,0.0,0.0,0.0,0.0,0.0,0.0,0.0,0.0,0.0,0.0
MI,2013-12-26,-10.85392670157068,-7.853664921465969,-4.853403141361256,2.782258064516129,85.7885627072232,16.0,0.0,0.0,0.0,0.0,0.0,9.0,0.0,0.0,0.0,0.0,0.0,0.0,0.0,0.0,0.0,0.0,0.0
MI,2013-12-27,-10.35625,-6.142708333333334,-1.9291666666666665,0.3935384615384615,86.53628358387874,12.0,1.0,0.0,0.0,0.0,0.0,4.0,0.0,0.0,0.0,0.0,0.0,0.0,0.0,0.0,0.0,0.0,0.0
MI,2013-12-28,-6.504188481675392,-1.4722513089005236,3.5596858638743454,0.0180981595092024,84.2199279023366,11.0,1.0,0.0,1.0,0.0,2.0,1.0,0.0,0.0,0.0,0.0,0.0,0.0,0.0,0.0,0.0,0.0,0.0
MI,2013-12-29,-6.9388297872340425,-1.3404255319148937,4.257978723404255,0.2555900621118012,83.3047199131465,14.0,1.0,0.0,0.0,0.0,14.0,11.0,1.0,0.0,0.0,0.0,0.0,0.0,0.0,0.0,0.0,0.0,0.0
MI,2013-12-30,-14.836597938144331,-9.174093264248704,-3.501036269430052,0.4080357142857143,77.16108855001463,5.0,0.0,0.0,0.0,0.0,2.0,4.0,0.0,0.0,1.0,0.0,0.0,0.0,0.0,0.0,0.0,0.0,0.0
MI,2013-12-31,-15.15945945945946,-12.492432432432432,-9.825405405405403,1.515950920245399,79.8448044512433,12.0,1.0,0.0,0.0,0.0,0.0,9.0,1.0,0.0,0.0,0.0,0.0,0.0,0.0,0.0,0.0,0.0,0.0
