STATE,DATE,TAVG,PRCP,RH,TMIN,TMAX,WT01,WT02,WT03,WT04,WT05,WT06,WT07,WT08,WT09,WT11
TX,2016-01-01,5.08393665158371,0.6697174447174447,73.6217689564922,1.981489841986456,8.202036199095023,40.0,2.0,0.0,2.0,0.0,4.0,0.0,3.0,0.0,0.0
TX,2016-01-02,4.6645695364238415,3.8082345971563982,71.88702919471123,2.1545253863134657,7.174613686534216,24.0,0.0,0.0,1.0,0.0,1.0,0.0,0.0,0.0,0.0
TX,2016-01-03,5.825222222222222,6.283588002263724,69.83585133048489,1.2798226164079824,10.380222222222224,23.0,1.0,0.0,0.0,0.0,0.0,0.0,2.0,0.0,1.0
TX,2016-01-04,5.99234135667396,0.1510116492949111,65.39369689083989,-0.8692139737991267,12.87008733624454,8.0,0.0,0.0,0.0,0.0,1.0,0.0,4.0,0.0,1.0
TX,2016-01-05,5.4650219298245615,0.1694344163658243,74.04390550864709,-0.5220524017467248,11.475273522975929,23.0,2.0,0.0,0.0,1.0,1.0,0.0,6.0,0.0,0.0
TX,2016-01-06,7.251754385964912,1.309561752988048,81.23514426349494,2.905921052631579,11.595404814004375,107.0,15.0,46.0,2.0,0.0,0.0,0.0,12.0,0.0,0.0
TX,2016-01-07,10.635635964912282,8.869567510548524,82.77899059768532,5.8457330415754925,15.437554585152837,126.0,57.0,13.0,0.0,0.0,0.0,0.0,5.0,0.0,0.0
TX,2016-01-08,11.031637168141591,0.4159023228111971,82.32865154789398,4.783185840707965,17.28008849557522,119.0,52.0,24.0,2.0,1.0,0.0,0.0,15.0,0.0,0.0
TX,2016-01-09,8.016666666666667,2.2768184506209344,74.57033387385091,2.47,13.563333333333333,64.0,10.0,15.0,5.0,2.0,2.0,0.0,2.0,0.0,0.0
TX,2016-01-10,3.022283813747228,0.0823747680890538,66.34085175841192,-2.628381374722838,8.672949002217296,13.0,0.0,0.0,0.0,0.0,2.0,0.0,5.0,0.0,0.0
TX,2016-01-11,3.591247264770241,0.0331710286062081,67.45406690674325,-2.1594771241830064,9.346943231441047,19.0,2.0,0.0,0.0,0.0,2.0,0.0,7.0,0.0,0.0
TX,2016-01-12,6.1013186813186815,0.0421212121212121,65.73934422496913,-1.274342105263158,13.489254385964912,24.0,3.0,0.0,0.0,0.0,1.0,0.0,7.0,0.0,0.0
TX,2016-01-13,8.473427331887201,0.0050394656952034,64.51959200575712,-0.0737527114967462,17.02060737527115,29.0,0.0,0.0,0.0,0.0,0.0,0.0,4.0,0.0,0.0
TX,2016-01-14,10.47254901960784,0.0329253365973072,72.42247046138084,2.575599128540305,18.369498910675382,47.0,20.0,4.0,0.0,0.0,0.0,0.0,4.0,0.0,0.0
TX,2016-01-15,11.629673913043478,0.0516287645974185,58.459513396805725,3.734347826086956,19.5355748373102,44.0,18.0,0.0,0.0,0.0,0.0,0.0,11.0,0.0,1.0
TX,2016-01-16,9.312723214285716,0.2267119062307217,63.64135131252861,2.4093750000000003,16.250222222222224,31.0,5.0,13.0,1.0,0.0,0.0,0.0,6.0,0.0,1.0
TX,2016-01-17,5.830044843049327,1.4069110576923076,69.17308151756977,-1.1473214285714286,12.827578475336324,39.0,6.0,0.0,2.0,0.0,3.0,0.0,3.0,0.0,0.0
TX,2016-01-18,6.024832962138085,0.004630788485607,69.80609497010987,-1.5086666666666666,13.565478841870824,56.0,10.0,0.0,0.0,0.0,3.0,0.0,8.0,0.0,0.0
TX,2016-01-19,8.513973799126637,0.019494139420111,70.54401675208946,1.0257080610021787,16.017391304347825,43.0,8.0,1.0,0.0,0.0,0.0,0.0,2.0,0.0,1.0
TX,2016-01-20,10.091776315789474,0.0901579586877278,73.32753260850718,2.6329694323144106,17.590829694323144,54.0,13.0,2.0,0.0,0.0,0.0,0.0,9.0,0.0,1.0
TX,2016-01-21,9.881004366812228,0.6127659574468085,75.07934925261934,3.622489082969432,16.149237472766885,97.0,23.0,33.0,0.0,1.0,0.0,0.0,17.0,0.0,1.0
TX,2016-01-22,6.850656455142232,2.3919277108433734,59.626886361053394,0.1364628820960698,13.59607843137255,3.0,0.0,5.0,0.0,0.0,0.0,0.0,1.0,0.0,1.0
TX,2016-01-23,5.556053811659193,0.0485331632653061,61.7523910716164,-2.3155902004454343,13.433333333333334,22.0,2.0,0.0,0.0,0.0,1.0,0.0,15.0,0.0,0.0
TX,2016-01-24,8.696428571428571,0.0018273471959672,61.4140331001123,-0.0265625,17.420267260579063,12.0,0.0,0.0,0.0,0.0,1.0,1.0,4.0,0.0,1.0
TX,2016-01-25,12.670243362831858,0.0333126165320074,64.51023656984789,4.853761061946903,20.494273127753303,35.0,8.0,0.0,0.0,0.0,0.0,0.0,6.0,0.0,0.0
TX,2016-01-26,10.348565121412802,1.359746529873265,65.32068375799906,4.072307692307692,16.625714285714285,32.0,3.0,17.0,0.0,0.0,0.0,0.0,6.0,0.0,0.0
TX,2016-01-27,6.167333333333334,2.169311551925321,60.17842867802171,-0.0911111111111111,12.425777777777778,11.0,4.0,4.0,2.0,1.0,0.0,0.0,0.0,0.0,0.0
TX,2016-01-28,7.351859956236324,0.0435433562071116,51.7762993397827,-1.5875545851528383,16.294323144104805,5.0,0.0,0.0,0.0,0.0,1.0,0.0,4.0,0.0,0.0
TX,2016-01-29,11.31068281938326,0.0030264817150063,48.19888642704143,0.9507692307692308,21.66131868131868,7.0,3.0,0.0,0.0,0.0,0.0,0.0,4.0,0.0,0.0
TX,2016-01-30,14.37713004484305,0.000192431045542,50.35102369958556,4.281165919282511,24.473094170403588,19.0,6.0,0.0,0.0,0.0,0.0,0.0,3.0,0.0,1.0
TX,2016-01-31,16.408539325842696,0.018409236690186,59.40982848315519,7.923595505617977,24.893483146067418,46.0,12.0,0.0,0.0,1.0,0.0,0.0,10.0,0.0,1.0
TX,2016-02-01,15.187912087912087,0.0282193468884781,68.18536833006677,6.46879120879121,23.96986899563319,63.0,15.0,0.0,0.0,0.0,0.0,2.0,40.0,0.0,0.0
TX,2016-02-02,13.875164113785557,0.1342558425584255,49.15132564654631,6.07527352297593,21.71851851851852,25.0,1.0,1.0,0.0,0.0,0.0,0.0,20.0,0.0,1.0
TX,2016-02-03,7.979694323144105,0.0305250305250305,47.6328700673497,0.5261437908496732,15.446724890829696,1.0,1.0,0.0,0.0,0.0,0.0,0.0,1.0,0.0,1.0
TX,2016-02-04,4.916153846153846,0.0064118372379778,48.16601945526202,-2.7762008733624453,12.636703296703296,1.0,1.0,0.0,0.0,0.0,0.0,0.0,6.0,0.0,0.0
TX,2016-02-05,5.709139784946236,0.0119237861094038,47.59929933923439,-2.4133333333333336,13.831612903225809,1.0,0.0,0.0,0.0,0.0,2.0,0.0,4.0,0.0,0.0
TX,2016-02-06,6.816813186813187,0.882858837485172,53.61236496075955,-0.8993406593406593,14.550984682713349,16.0,2.0,29.0,0.0,0.0,0.0,0.0,1.0,0.0,0.0
TX,2016-02-07,7.60109649122807,0.112751256281407,53.67819842038392,-1.5765350877192983,16.77872807017544,41.0,6.0,0.0,0.0,0.0,1.0,0.0,10.0,0.0,0.0
TX,2016-02-08,9.066630434782608,0.0036509900990099,40.549514347643374,0.7728260869565218,17.360434782608696,7.0,0.0,0.0,0.0,0.0,0.0,0.0,3.0,0.0,0.0
TX,2016-02-09,8.492190889370933,0.0017273288093769,35.096625789015974,0.0527114967462038,16.93167028199566,0.0,0.0,0.0,0.0,0.0,1.0,0.0,6.0,0.0,1.0
TX,2016-02-10,10.675974025974028,0.0,43.74216613219252,0.4391774891774891,20.912770562770564,0.0,0.0,0.0,0.0,0.0,1.0,0.0,4.0,0.0,0.0
TX,2016-02-11,13.974835886214445,0.0003733665214685,43.92552167128082,3.757768052516411,24.191903719912474,4.0,1.0,0.0,0.0,0.0,0.0,0.0,8.0,0.0,0.0
TX,2016-02-12,14.51495633187773,0.0031036623215394,54.85381682752664,4.627510917030568,24.406100217864925,43.0,20.0,0.0,0.0,0.0,0.0,0.0,10.0,0.0,0.0
TX,2016-02-13,13.786975717439294,0.0017665615141955,58.891753314068765,4.629359823399558,22.94669603524229,31.0,14.0,0.0,0.0,0.0,0.0,0.0,4.0,0.0,0.0
TX,2016-02-14,14.69237668161435,0.0283647798742138,66.83565193057352,7.310044642857143,22.095515695067267,26.0,8.0,1.0,0.0,0.0,0.0,0.0,6.0,0.0,1.0
TX,2016-02-15,14.399666666666668,0.5934636530238241,63.778692979582125,6.944000000000001,21.85533333333333,48.0,10.0,15.0,0.0,0.0,0.0,0.0,9.0,0.0,1.0
TX,2016-02-16,13.926535087719298,0.3419454770755886,50.29665688997551,4.949015317286651,22.89934210526316,16.0,10.0,3.0,0.0,0.0,0.0,0.0,7.0,0.0,1.0
TX,2016-02-17,14.241428571428573,0.0027312228429546,48.60320045632665,4.981538461538461,23.501318681318683,15.0,11.0,0.0,0.0,0.0,0.0,0.0,5.0,0.0,1.0
TX,2016-02-18,16.27690631808279,0.001233806292412,58.42432246891039,7.532461873638344,25.02847826086957,40.0,10.0,0.0,0.0,0.0,0.0,0.0,5.0,0.0,2.0
TX,2016-02-19,19.260348583877995,0.0004996876951905,64.63087008524236,11.735947712418302,26.784565217391304,18.0,3.0,0.0,0.0,0.0,0.0,0.0,5.0,0.0,1.0
TX,2016-02-20,20.06043165467626,0.057258064516129,71.19706495668338,13.811510791366906,26.30935251798561,38.0,3.0,2.0,0.0,0.0,0.0,0.0,5.0,0.0,0.0
TX,2016-02-21,19.18109756097561,0.3919554455445544,77.81564851312345,13.920243902439024,24.443309002433093,72.0,9.0,20.0,0.0,0.0,0.0,0.0,16.0,0.0,0.0
TX,2016-02-22,15.70694143167028,7.827326203208556,78.7045021340755,11.027331887201736,20.38655097613883,77.0,3.0,49.0,1.0,1.0,0.0,1.0,8.0,0.0,1.0
TX,2016-02-23,12.53311403508772,24.08217213114754,81.4102771187348,7.589692982456141,17.4765350877193,64.0,2.0,84.0,9.0,7.0,0.0,1.0,4.0,0.0,0.0
TX,2016-02-24,9.108766233766234,3.9682138660399526,53.73684651174632,2.7255411255411257,15.52462203023758,1.0,0.0,3.0,5.0,0.0,1.0,0.0,3.0,0.0,2.0
TX,2016-02-25,9.22,0.0228080931943592,46.01321270593264,1.2440087145969498,17.243640350877193,1.0,0.0,0.0,0.0,0.0,0.0,0.0,4.0,0.0,0.0
TX,2016-02-26,9.001208791208791,0.0137866500311915,48.79957281469745,0.4949450549450549,17.507472527472526,1.0,0.0,0.0,0.0,0.0,0.0,0.0,5.0,0.0,0.0
TX,2016-02-27,11.357300884955752,0.001594387755102,57.1516094266875,2.484988962472406,20.23841059602649,17.0,0.0,0.0,0.0,0.0,0.0,0.0,5.0,0.0,0.0
TX,2016-02-28,15.144494382022472,0.0,63.76289021183879,7.124494382022472,23.17678571428572,11.0,2.0,0.0,0.0,0.0,0.0,0.0,4.0,0.0,1.0
TX,2016-02-29,16.74511111111111,0.0076681332495285,71.2208489828686,9.125442477876106,24.378713968957868,68.0,18.0,0.0,0.0,0.0,0.0,0.0,10.0,0.0,1.0
TX,2016-03-01,17.430701754385964,0.0292223572296476,66.16687005848222,10.333187772925765,24.555240174672488,29.0,5.0,2.0,0.0,0.0,0.0,0.0,6.0,0.0,1.0
TX,2016-03-02,15.368980477223428,0.0054120541205412,53.01701571357095,7.022559652928416,23.7451403887689,10.0,3.0,0.0,0.0,0.0,0.0,1.0,9.0,0.0,0.0
TX,2016-03-03,17.26868131868132,0.050061425061425,59.177012018956425,9.104166666666666,25.45340659340659,47.0,8.0,0.0,0.0,0.0,0.0,0.0,22.0,0.0,2.0
TX,2016-03-04,15.187305122494433,0.0054388133498145,46.16978872560106,5.85456570155902,24.54434589800444,8.0,4.0,0.0,0.0,0.0,0.0,0.0,7.0,0.0,1.0
TX,2016-03-05,15.951357466063348,0.0035691922354414,59.66894572776842,7.358465011286682,24.557562076749434,46.0,17.0,0.0,0.0,0.0,0.0,0.0,11.0,0.0,1.0
TX,2016-03-06,17.386281179138322,0.0092489137181874,68.9209168129633,10.25374149659864,24.52126696832579,58.0,20.0,0.0,0.0,0.0,0.0,0.0,12.0,0.0,1.0
TX,2016-03-07,19.076674107142857,0.5589369158878504,72.68462332547351,14.0703125,24.086,68.0,3.0,20.0,0.0,0.0,0.0,1.0,19.0,0.0,1.0
TX,2016-03-08,18.951360544217685,5.536509635974305,76.07040865645571,14.122222222222222,23.77223476297969,71.0,4.0,104.0,0.0,7.0,0.0,0.0,26.0,0.0,2.0
TX,2016-03-09,17.0789010989011,28.656401384083047,86.28483295562506,12.795824175824176,21.369498910675382,77.0,1.0,121.0,0.0,7.0,0.0,0.0,9.0,0.0,4.0
TX,2016-03-10,15.34041394335512,29.985714285714284,87.72457334268319,11.993260869565216,18.70065217391304,93.0,4.0,48.0,0.0,0.0,0.0,0.0,8.0,0.0,0.0
TX,2016-03-11,15.42991169977925,8.136853110297961,81.15159371797908,11.21784140969163,19.6546255506608,73.0,8.0,22.0,0.0,0.0,0.0,0.0,2.0,0.0,0.0
TX,2016-03-12,15.929054054054054,7.278179824561403,78.97723627564305,10.79054054054054,21.068988764044946,82.0,17.0,15.0,0.0,0.0,0.0,0.0,8.0,0.0,0.0
TX,2016-03-13,17.810820045558085,0.6700554528650647,63.748858348047726,11.22590909090909,24.40204081632653,52.0,9.0,3.0,0.0,0.0,0.0,0.0,4.0,0.0,1.0
TX,2016-03-14,19.25805739514349,0.0713931888544891,55.20409859563095,10.45364238410596,28.06747252747253,37.0,7.0,0.0,0.0,0.0,0.0,0.0,9.0,0.0,1.0
TX,2016-03-15,20.8275,0.0058282208588957,55.9538735203004,12.50520607375271,29.170281995661604,58.0,7.0,0.0,0.0,0.0,0.0,0.0,46.0,0.0,0.0
TX,2016-03-16,18.698565121412805,0.0105686032138442,56.33905683106754,10.541409691629957,26.90131868131868,39.0,3.0,0.0,0.0,0.0,0.0,0.0,31.0,0.0,1.0
TX,2016-03-17,18.469401330376943,0.3458809380637402,70.26081167129544,11.802660753880266,25.13716814159292,68.0,9.0,22.0,0.0,1.0,0.0,0.0,23.0,0.0,0.0
TX,2016-03-18,17.45993377483444,1.0029062870699883,79.64994014716457,11.53281938325991,23.399340659340663,109.0,20.0,46.0,0.0,2.0,0.0,0.0,40.0,0.0,1.0
TX,2016-03-19,12.481096196868007,5.584770436730123,64.65054231347385,5.83125,19.15200892857143,19.0,1.0,34.0,0.0,4.0,1.0,0.0,4.0,0.0,3.0
TX,2016-03-20,9.249888143176731,0.0537359900373599,47.03689220599952,2.6024498886414253,15.925892857142856,1.0,0.0,0.0,0.0,0.0,0.0,0.0,0.0,0.0,1.0
TX,2016-03-21,9.622391304347827,0.026078914919852,48.77911228973844,1.3389130434782608,17.89479392624729,1.0,0.0,0.0,0.0,0.0,0.0,0.0,5.0,0.0,1.0
TX,2016-03-22,13.998893805309734,0.008272506082725,55.1968863694814,5.11037527593819,22.870394736842105,0.0,0.0,0.0,0.0,0.0,0.0,1.0,4.0,0.0,1.0
TX,2016-03-23,18.59,0.2575199508901166,62.22082562586511,10.95054945054945,26.23260393873085,26.0,0.0,34.0,0.0,1.0,0.0,2.0,16.0,0.0,2.0
TX,2016-03-24,15.408881578947367,7.963787721123829,54.69931730127655,7.314912280701754,23.528540305010893,35.0,0.0,59.0,0.0,5.0,0.0,0.0,5.0,0.0,8.0
TX,2016-03-25,12.363888888888887,0.1746323529411764,51.63411791189085,3.924,20.794678492239463,3.0,0.0,0.0,0.0,0.0,0.0,0.0,6.0,0.0,2.0
TX,2016-03-26,14.971412556053812,0.0325566750629722,62.23264750413527,6.390178571428572,23.54476614699332,25.0,2.0,1.0,0.0,0.0,0.0,1.0,9.0,0.0,0.0
TX,2016-03-27,15.509325842696628,0.2743068391866913,70.02385318765535,7.935505617977529,23.09530201342282,63.0,19.0,3.0,0.0,0.0,0.0,0.0,16.0,0.0,1.0
TX,2016-03-28,14.084437086092716,0.0354010025062656,58.28901547932696,5.888741721854305,22.2810989010989,12.0,2.0,0.0,0.0,0.0,0.0,0.0,3.0,0.0,0.0
TX,2016-03-29,16.748901098901097,0.0330286410725167,70.45020248147999,9.540879120879122,23.955579868708973,64.0,7.0,1.0,0.0,0.0,0.0,1.0,20.0,0.0,1.0
TX,2016-03-30,20.018222222222224,0.9755182072829132,79.70330251337136,15.079822616407982,24.950442477876106,85.0,8.0,27.0,0.0,0.0,0.0,0.0,25.0,0.0,1.0
TX,2016-03-31,19.935099337748344,2.654026270702456,63.50416149865424,13.603090507726268,26.26395604395605,83.0,12.0,6.0,0.0,0.0,0.0,0.0,40.0,0.0,1.0
TX,2016-04-01,15.875982532751092,2.076813966175668,56.64723672175389,9.164410480349346,22.591503267973856,29.0,5.0,50.0,0.0,6.0,0.0,0.0,8.0,0.0,0.0
TX,2016-04-02,11.576710816777044,1.8725397760754272,52.6353461990063,4.547149122807017,18.62577092511013,8.0,1.0,6.0,0.0,1.0,0.0,0.0,5.0,0.0,0.0
TX,2016-04-03,13.485066371681416,0.0065217391304347,45.98222067192509,4.3785398230088495,22.591592920353985,1.0,0.0,0.0,0.0,0.0,0.0,0.0,5.0,0.0,0.0
TX,2016-04-04,16.729714912280702,0.0039024390243902,47.95445456435719,7.055701754385965,26.40065645514224,5.0,0.0,0.0,0.0,0.0,0.0,0.0,7.0,0.0,0.0
TX,2016-04-05,18.973956043956044,0.0054467564259485,50.350350965357215,9.328791208791207,28.62035010940919,18.0,7.0,0.0,0.0,0.0,0.0,1.0,13.0,0.0,1.0
TX,2016-04-06,19.00010917030568,0.018978102189781,50.61022192468359,10.5,27.50369565217392,8.0,0.0,0.0,0.0,0.0,0.0,2.0,13.0,0.0,1.0
TX,2016-04-07,17.621166306695464,0.0075941676792223,44.81191070490341,8.367602591792656,26.87198275862069,8.0,6.0,1.0,0.0,0.0,0.0,0.0,10.0,0.0,1.0
TX,2016-04-08,18.37473002159827,0.0782238442822384,45.66357830332278,10.014038876889847,26.746021505376344,7.0,0.0,4.0,0.0,0.0,0.0,0.0,11.0,0.0,1.0
TX,2016-04-09,17.849124726477026,0.8136308805790109,59.57780388960612,11.199562363238512,24.49978213507625,16.0,0.0,45.0,0.0,0.0,0.0,0.0,4.0,0.0,1.0
TX,2016-04-10,19.55726872246696,1.108278737343657,71.27893358643477,13.659691629955947,25.44043956043956,29.0,2.0,31.0,0.0,1.0,0.0,1.0,6.0,0.0,0.0
TX,2016-04-11,21.351312910284463,1.1800000000000002,72.13589297424451,15.496280087527351,27.217211328976035,65.0,3.0,46.0,0.0,6.0,1.0,0.0,24.0,0.0,0.0
TX,2016-04-12,18.91151315789473,2.901628853984875,78.80131657589183,13.908971553610504,23.95152838427948,68.0,3.0,61.0,0.0,5.0,0.0,0.0,17.0,0.0,1.0
TX,2016-04-13,16.70088691796009,18.859660509236143,81.97346483140538,12.516263736263737,20.88230088495575,84.0,2.0,57.0,0.0,3.0,0.0,0.0,4.0,0.0,2.0
TX,2016-04-14,17.57730263157895,1.1707943925233646,76.10922496996459,11.779212253829323,23.376315789473686,104.0,22.0,1.0,0.0,0.0,0.0,0.0,15.0,0.0,0.0
TX,2016-04-15,18.703172866520788,0.1615525672371638,74.6510499062176,11.885120350109409,25.52122538293217,102.0,39.0,2.0,0.0,0.0,0.0,1.0,11.0,0.0,0.0
TX,2016-04-16,20.21431767337808,0.7832729468599033,77.19984499690783,14.543400447427292,25.886191536748328,62.0,2.0,19.0,0.0,3.0,0.0,1.0,9.0,0.0,2.0
TX,2016-04-17,19.943415178571428,9.353057939914162,81.75726624211565,15.421651785714284,24.503325942350333,74.0,1.0,89.0,0.0,8.0,0.0,0.0,17.0,0.0,2.0
TX,2016-04-18,18.66590413943355,44.453788258906165,86.11073544756101,14.732608695652171,22.605882352941176,79.0,4.0,100.0,0.0,4.0,0.0,0.0,9.0,0.0,1.0
TX,2016-04-19,18.97141304347826,14.011613566289824,83.89916510733019,14.663260869565216,23.279565217391305,97.0,22.0,45.0,0.0,1.0,0.0,0.0,9.0,0.0,0.0
TX,2016-04-20,19.856290672451195,10.54994714587738,80.79808929756771,14.708026030368762,25.00454545454545,77.0,3.0,95.0,0.0,9.0,0.0,0.0,9.0,0.0,0.0
TX,2016-04-21,19.90894396551724,8.362656903765691,76.98290026496656,14.160344827586206,25.65754310344828,84.0,13.0,86.0,0.0,4.0,0.0,0.0,5.0,0.0,2.0
TX,2016-04-22,19.723695652173912,6.474582869855395,63.90540520843556,12.72195652173913,26.725434782608698,23.0,3.0,7.0,0.0,0.0,0.0,1.0,5.0,0.0,0.0
TX,2016-04-23,20.039620535714285,0.1133540372670807,60.79017034757309,12.524330357142857,27.55412026726058,14.0,2.0,6.0,0.0,0.0,0.0,0.0,5.0,0.0,1.0
TX,2016-04-24,20.981797752808987,1.1194868662186928,67.30341731776113,14.370337078651684,27.59325842696629,18.0,1.0,16.0,0.0,0.0,0.0,0.0,2.0,0.0,0.0
TX,2016-04-25,22.74010989010989,1.939751184834124,70.94990648395898,16.42989010989011,29.04694323144105,26.0,0.0,10.0,0.0,2.0,0.0,1.0,9.0,0.0,1.0
TX,2016-04-26,24.0843137254902,0.7603919239904988,68.96696344061232,17.98496732026144,30.19370932754881,47.0,0.0,39.0,0.0,3.0,0.0,1.0,46.0,0.0,0.0
TX,2016-04-27,21.585448577680523,12.283366733466933,60.71180025998783,14.06433260393873,29.10720524017467,63.0,6.0,92.0,0.0,2.0,0.0,0.0,25.0,0.0,6.0
TX,2016-04-28,21.42718340611353,0.3856624319419238,65.00059303754867,13.915502183406112,28.938779956427016,56.0,15.0,17.0,0.0,1.0,0.0,1.0,39.0,0.0,0.0
TX,2016-04-29,22.87785087719298,1.7816266822703335,75.94520270769424,16.989254385964912,28.766739606126915,88.0,0.0,61.0,0.0,9.0,0.0,0.0,62.0,0.0,2.0
TX,2016-04-30,21.161751662971177,14.783018867924527,72.31663828380714,14.532150776053214,27.791352549889133,56.0,0.0,64.0,0.0,10.0,0.0,0.0,21.0,0.0,9.0
TX,2016-05-01,19.95266666666667,1.3255716004813478,70.6323945238941,14.220842572062086,25.664,31.0,0.0,22.0,0.0,0.0,0.0,0.0,14.0,0.0,1.0
TX,2016-05-02,16.729605263157893,4.162437395659432,72.00439828636199,11.657549234135669,21.856427015250546,40.0,1.0,62.0,0.0,1.0,0.0,0.0,6.0,0.0,1.0
TX,2016-05-03,15.825,1.1472078295912491,62.58677690499413,9.43268398268398,22.29759825327511,7.0,1.0,7.0,0.0,0.0,0.0,0.0,3.0,0.0,0.0
TX,2016-05-04,18.021304347826085,0.1229518072289156,55.769950957981024,9.918655097613884,26.14717391304348,11.0,0.0,3.0,0.0,0.0,0.0,0.0,4.0,0.0,0.0
TX,2016-05-05,19.98521739130435,0.0344932844932844,49.4435142481003,11.066956521739131,28.904555314533624,1.0,0.0,0.0,0.0,0.0,0.0,0.0,5.0,0.0,0.0
TX,2016-05-06,20.947722342733183,0.0021991447770311,51.12533506850915,12.015835140997831,29.88463203463204,4.0,0.0,0.0,0.0,0.0,0.0,0.0,7.0,0.0,0.0
TX,2016-05-07,21.768625277161863,0.0246076585059635,56.01612768922421,13.743458980044348,29.79379157427938,4.0,0.0,11.0,0.0,0.0,0.0,0.0,7.0,0.0,0.0
TX,2016-05-08,22.356858407079645,0.3213414634146341,66.12564578996397,16.207743362831856,28.50927152317881,15.0,0.0,32.0,0.0,1.0,0.0,0.0,4.0,0.0,2.0
TX,2016-05-09,22.785714285714285,3.205921052631579,66.4902693011543,17.005494505494507,28.55942982456141,24.0,0.0,32.0,0.0,2.0,0.0,0.0,11.0,0.0,1.0
TX,2016-05-10,24.275108225108227,0.8787297783103655,65.0962912389574,17.64025974025974,30.91036717062635,62.0,1.0,44.0,0.0,2.0,0.0,0.0,43.0,0.0,0.0
TX,2016-05-11,24.89284164859002,9.441547429782725,66.87681635466551,17.846536796536796,31.93297180043384,38.0,1.0,72.0,0.0,3.0,0.0,0.0,15.0,0.0,1.0
TX,2016-05-12,24.008823529411764,3.2477803738317754,71.96487852726115,18.078260869565216,29.950869565217392,45.0,2.0,47.0,0.0,3.0,0.0,0.0,20.0,0.0,2.0
TX,2016-05-13,23.35556768558952,1.0993452380952382,66.93039044354751,17.263755458515284,29.44737991266376,26.0,5.0,20.0,0.0,1.0,0.0,0.0,11.0,0.0,0.0
TX,2016-05-14,22.54093959731544,3.570252403846154,72.35209303191532,16.48366890380313,28.59821029082774,48.0,12.0,101.0,0.0,12.0,0.0,0.0,6.0,0.0,3.0
TX,2016-05-15,19.79157427937916,11.613855421686749,75.73461491841924,15.243015521064304,24.340133037694013,45.0,2.0,53.0,0.0,1.0,0.0,0.0,4.0,0.0,1.0
TX,2016-05-16,20.255824175824173,15.514285714285714,79.53130024634528,15.902850877192982,24.62021978021978,77.0,6.0,35.0,0.0,4.0,0.0,1.0,3.0,0.0,3.0
TX,2016-05-17,21.68502202643172,3.145325314379442,78.15269681499993,16.344835164835164,27.040131578947367,93.0,7.0,61.0,0.0,2.0,0.0,0.0,14.0,0.0,1.0
TX,2016-05-18,19.03837719298245,13.383391871550426,82.3162565784461,14.830415754923411,23.27991266375546,55.0,0.0,100.0,0.0,6.0,0.0,0.0,3.0,0.0,5.0
TX,2016-05-19,17.850762527233115,12.984518828451884,86.66129390909597,14.38888888888889,21.31263616557734,91.0,3.0,115.0,0.0,1.0,0.0,0.0,8.0,0.0,1.0
TX,2016-05-20,19.573464912280706,21.87470651013874,79.41707571609571,14.641666666666667,24.50526315789473,96.0,15.0,22.0,0.0,1.0,0.0,0.0,13.0,0.0,0.0
TX,2016-05-21,22.91295045045045,0.5815177478580171,76.72347017245045,16.999774774774774,28.83251121076233,69.0,4.0,21.0,0.0,0.0,0.0,0.0,11.0,0.0,1.0
TX,2016-05-22,24.995291479820622,1.9685714285714284,77.02718773135277,19.732511210762333,30.263758389261746,66.0,13.0,21.0,0.0,3.0,0.0,0.0,16.0,0.0,0.0
TX,2016-05-23,25.23408577878104,2.627299703264095,75.6953363955497,20.094144144144146,30.37516930022573,59.0,5.0,47.0,0.0,10.0,0.0,0.0,15.0,0.0,4.0
TX,2016-05-24,25.89650900900901,1.278563015312132,75.60794503924363,20.96148648648649,30.82966292134832,37.0,0.0,16.0,0.0,5.0,0.0,0.0,24.0,0.0,2.0
TX,2016-05-25,26.6215859030837,0.0827544180377818,73.02880379842848,21.82753303964758,31.416263736263737,44.0,2.0,9.0,0.0,1.0,0.0,1.0,37.0,0.0,1.0
TX,2016-05-26,26.414966740576496,2.574897119341564,74.88202602739274,21.311086474501103,31.518847006651885,59.0,1.0,72.0,0.0,1.0,0.0,1.0,23.0,0.0,3.0
TX,2016-05-27,23.90144124168514,27.00683898761443,73.359703173491,17.754323725055432,30.04855875831485,55.0,7.0,98.0,0.0,3.0,0.0,0.0,11.0,0.0,2.0
TX,2016-05-28,23.498295454545456,10.875798816568048,71.49110725046216,16.86893424036281,30.1475,66.0,12.0,38.0,0.0,0.0,0.0,0.0,13.0,0.0,0.0
TX,2016-05-29,24.955668934240364,10.97768361581921,72.24697738245946,18.707029478458047,31.20430839002268,36.0,0.0,71.0,0.0,8.0,0.0,1.0,15.0,0.0,0.0
TX,2016-05-30,24.29149659863945,12.23583655438984,74.82325750004453,18.02018140589569,30.565384615384616,54.0,1.0,114.0,0.0,10.0,0.0,0.0,8.0,0.0,4.0
TX,2016-05-31,24.129464285714285,5.541657334826428,77.22157836923643,18.36517857142857,29.9064587973274,66.0,7.0,108.0,0.0,6.0,0.0,0.0,10.0,0.0,3.0
TX,2016-06-01,23.592650334075724,18.933654822335026,81.47804045279685,18.416035634743874,28.76926503340757,67.0,7.0,98.0,0.0,2.0,0.0,0.0,7.0,0.0,3.0
TX,2016-06-02,22.540700218818383,19.684103328365623,84.1922744259778,18.22407002188184,26.870305676855896,72.0,2.0,121.0,0.0,3.0,0.0,0.0,7.0,0.0,2.0
TX,2016-06-03,22.488048245614035,16.59330193615908,80.7192981761886,18.03048245614035,26.94561403508772,66.0,5.0,70.0,0.0,1.0,0.0,0.0,11.0,0.0,0.0
TX,2016-06-04,23.28968957871397,9.317627677100496,78.7951251964314,18.345454545454544,28.2355408388521,59.0,4.0,44.0,0.0,0.0,0.0,0.0,7.0,0.0,0.0
TX,2016-06-05,23.76883259911894,4.371348628987129,67.04989854282786,17.96453744493392,29.57274725274725,26.0,1.0,14.0,0.0,0.0,0.0,0.0,6.0,0.0,0.0
TX,2016-06-06,24.098783185840706,1.0651785714285715,61.23416725544485,17.60154867256637,30.601986754966887,13.0,0.0,6.0,0.0,0.0,0.0,0.0,8.0,0.0,0.0
TX,2016-06-07,24.847577092511013,0.4271976401179941,61.50483174592632,18.12625820568928,31.56409691629956,18.0,0.0,10.0,0.0,0.0,0.0,0.0,5.0,0.0,0.0
TX,2016-06-08,25.614269911504422,0.2902912621359223,62.8359037287989,18.82920353982301,32.39646799116998,28.0,1.0,18.0,0.0,0.0,0.0,0.0,8.0,0.0,0.0
TX,2016-06-09,26.368638392857143,0.6107270560190703,65.75115918666154,19.931026785714288,32.80489977728285,35.0,2.0,17.0,0.0,0.0,0.0,0.0,10.0,0.0,1.0
TX,2016-06-10,26.94188888888889,0.546962332928311,68.3639772489335,20.810666666666663,33.07311111111111,32.0,2.0,22.0,0.0,0.0,0.0,0.0,7.0,0.0,0.0
TX,2016-06-11,27.43228699551569,0.8900369003690037,71.64369856764036,22.014125560538115,32.84407158836689,39.0,2.0,41.0,0.0,0.0,0.0,1.0,11.0,0.0,2.0
TX,2016-06-12,27.547977528089888,3.569381688466112,74.93556782463043,22.109641255605386,32.97488789237668,56.0,4.0,81.0,0.0,2.0,0.0,0.0,8.0,0.0,1.0
TX,2016-06-13,27.74854586129754,8.342757821552723,75.74204749538073,22.33199105145414,33.16540178571429,50.0,1.0,47.0,0.0,0.0,0.0,0.0,11.0,0.0,1.0
TX,2016-06-14,28.325279642058163,2.972700296735905,71.9575770268555,22.936017897091723,33.71648106904232,39.0,5.0,27.0,0.0,1.0,0.0,0.0,10.0,0.0,2.0
TX,2016-06-15,28.927060133630288,0.1929835265405735,67.73226822542321,23.119777777777777,34.736666666666665,52.0,0.0,16.0,0.0,2.0,0.0,0.0,28.0,0.0,0.0
TX,2016-06-16,29.100221729490023,0.5960216998191682,66.1349895605725,22.812610619469027,35.39867841409691,33.0,0.0,20.0,1.0,4.0,0.0,0.0,8.0,0.0,8.0
TX,2016-06-17,29.199778270509977,0.0239384615384615,64.85456739872147,22.73725055432373,35.65840707964602,28.0,3.0,2.0,0.0,0.0,0.0,0.0,8.0,0.0,0.0
TX,2016-06-18,29.318651685393256,0.1160657811511701,65.8955941378851,22.67258426966292,35.96255605381166,38.0,2.0,13.0,0.0,0.0,0.0,0.0,11.0,0.0,0.0
TX,2016-06-19,28.130000000000003,2.2126879134095008,66.66340681499094,21.8,34.47454954954955,24.0,1.0,55.0,0.0,0.0,0.0,0.0,8.0,0.0,0.0
TX,2016-06-20,27.370870535714285,1.457854179016005,66.80220995406108,21.360222222222223,33.38511111111111,15.0,0.0,18.0,0.0,0.0,0.0,0.0,6.0,0.0,0.0
TX,2016-06-21,27.796881959910912,0.7867718446601941,65.3387132099762,21.709534368070955,33.890022172949,19.0,0.0,4.0,0.0,0.0,0.0,0.0,8.0,0.0,0.0
TX,2016-06-22,28.63006607929515,0.5146088019559902,63.23359829780464,22.641008771929823,34.629230769230766,13.0,1.0,1.0,0.0,0.0,0.0,0.0,7.0,0.0,0.0
TX,2016-06-23,28.785540838852096,0.1901780233271946,61.76428705864772,22.613907284768214,34.9621978021978,3.0,0.0,4.0,0.0,0.0,0.0,0.0,3.0,0.0,1.0
TX,2016-06-24,28.44735682819384,0.1931203931203931,63.25409038270113,22.399339207048456,34.497802197802194,8.0,0.0,12.0,0.0,0.0,0.0,1.0,6.0,0.0,0.0
TX,2016-06-25,28.330691964285712,0.4420727945712523,67.80475652202928,22.85870535714286,33.80933333333333,20.0,0.0,40.0,0.0,0.0,0.0,1.0,12.0,0.0,0.0
TX,2016-06-26,28.14360986547085,2.070215175537939,69.65560735425785,22.80134529147982,33.48638392857143,28.0,0.0,45.0,0.0,1.0,0.0,0.0,7.0,0.0,1.0
TX,2016-06-27,27.6983407079646,2.4956495828367102,68.55194210123514,21.85518763796909,33.54812362030905,25.0,2.0,47.0,0.0,1.0,0.0,0.0,10.0,0.0,0.0
TX,2016-06-28,27.73370288248337,2.280372148859544,68.3714081391083,21.526829268292683,33.94057649667406,30.0,3.0,68.0,0.0,0.0,0.0,0.0,10.0,0.0,0.0
TX,2016-06-29,27.34276169265033,6.71544804837823,69.50416578699027,20.648666666666667,34.044097995545656,28.0,2.0,32.0,0.0,0.0,0.0,0.0,10.0,0.0,2.0
TX,2016-06-30,27.659977827051,0.5422440220723482,63.56097831434688,21.11042128603104,34.209534368070955,22.0,1.0,23.0,0.0,0.0,0.0,1.0,11.0,0.0,0.0
TX,2016-07-01,28.23504464285714,0.4920170627666057,63.11838444134139,21.748214285714287,34.73555555555556,25.0,1.0,16.0,0.0,0.0,0.0,0.0,5.0,0.0,0.0
TX,2016-07-02,28.934437086092714,0.3942612942612942,63.52557691322605,22.75408388520972,35.11802197802198,15.0,0.0,12.0,0.0,0.0,0.0,0.0,5.0,0.0,0.0
TX,2016-07-03,29.66211111111112,0.47905531385954,63.8614380254149,23.68311111111111,35.645898004434585,5.0,0.0,26.0,0.0,0.0,0.0,0.0,4.0,0.0,1.0
TX,2016-07-04,29.853666666666665,3.539307411907654,64.35492520653476,23.721777777777778,35.99092920353982,18.0,0.0,36.0,0.0,0.0,0.0,0.0,11.0,0.0,1.0
TX,2016-07-05,30.15873893805309,1.7952210274790918,64.39395586205328,24.079646017699115,36.24471365638766,16.0,0.0,48.0,0.0,2.0,0.0,0.0,19.0,0.0,0.0
TX,2016-07-06,30.487361419068733,0.2945553539019963,62.009912550452405,24.60620842572062,36.37422907488987,6.0,0.0,15.0,0.0,1.0,0.0,1.0,18.0,0.0,0.0
TX,2016-07-07,30.648230088495577,0.3133699633699633,60.81010412770736,24.359513274336283,36.93752759381898,12.0,0.0,16.0,0.0,0.0,0.0,2.0,12.0,0.0,1.0
TX,2016-07-08,30.435054945054947,0.183047735618115,62.53993450972131,24.15428571428572,36.71575492341356,16.0,0.0,17.0,0.0,0.0,0.0,0.0,11.0,0.0,2.0
TX,2016-07-09,29.55087912087912,0.7513447432762836,65.23982910752666,23.29142857142857,35.81228070175438,26.0,0.0,46.0,0.0,0.0,0.0,1.0,11.0,0.0,2.0
TX,2016-07-10,29.443355855855856,3.048679471788716,66.57090570249557,23.2213963963964,35.67123595505618,17.0,0.0,24.0,0.0,0.0,0.0,0.0,12.0,0.0,1.0
TX,2016-07-11,30.218232662192392,0.2239384615384615,60.45670512480987,24.28008948545861,36.157461024498886,16.0,0.0,12.0,0.0,0.0,0.0,0.0,18.0,0.0,1.0
TX,2016-07-12,30.4359410430839,0.0144526445264452,59.6108568083462,24.084126984126986,36.78506787330317,11.0,0.0,7.0,0.0,0.0,0.0,0.0,7.0,0.0,1.0
TX,2016-07-13,30.775615212527967,0.0345679012345679,59.77715155147762,24.44107142857143,37.100221238938055,10.0,0.0,8.0,0.0,0.0,0.0,0.0,6.0,0.0,0.0
TX,2016-07-14,30.78048780487805,0.0941967012828344,59.08568922668872,24.17560975609756,37.38373626373626,3.0,0.0,22.0,0.0,0.0,0.0,0.0,9.0,0.0,1.0
TX,2016-07-15,30.000764192139737,0.8190562613430128,61.54781082370848,23.13296943231441,36.866521739130434,32.0,0.0,49.0,0.0,3.0,0.0,1.0,21.0,0.0,1.0
TX,2016-07-16,29.11481069042316,2.181718464351005,60.810607488774345,22.03407572383073,36.201330376940135,24.0,2.0,45.0,0.0,2.0,0.0,0.0,8.0,0.0,3.0
TX,2016-07-17,29.320833333333336,0.1420919974795211,58.90261409392184,22.63108108108108,36.01460674157303,8.0,1.0,13.0,0.0,0.0,0.0,0.0,4.0,0.0,0.0
TX,2016-07-18,29.592111111111112,0.3796547472256473,60.34658851319308,23.09111111111111,36.09448123620309,10.0,0.0,16.0,0.0,0.0,0.0,0.0,7.0,0.0,0.0
TX,2016-07-19,29.386777777777777,0.587012987012987,62.14729749952394,23.017333333333333,35.75831485587583,9.0,0.0,17.0,0.0,0.0,0.0,0.0,6.0,0.0,0.0
TX,2016-07-20,29.51796875,0.5528336380255942,60.65391612748697,23.21358574610245,35.82288888888889,10.0,1.0,5.0,0.0,0.0,0.0,0.0,6.0,0.0,0.0
TX,2016-07-21,29.81965065502183,0.1342751842751842,56.66136697443479,23.207423580786028,36.43187772925764,10.0,0.0,1.0,0.0,0.0,0.0,0.0,8.0,0.0,0.0
TX,2016-07-22,30.014660831509847,0.0474271543707377,54.93118003931527,23.01899563318777,36.99869281045752,7.0,0.0,4.0,0.0,0.0,0.0,0.0,5.0,0.0,0.0
TX,2016-07-23,30.34878854625551,0.0953134895503483,55.60655369402982,23.365859030837004,37.331718061674,9.0,0.0,8.0,0.0,0.0,0.0,0.0,5.0,0.0,0.0
TX,2016-07-24,30.613333333333333,0.3042838874680307,56.96250174446308,23.781111111111112,37.44555555555556,5.0,0.0,26.0,0.0,0.0,0.0,0.0,5.0,0.0,0.0
TX,2016-07-25,30.33087912087912,1.059840098400984,60.58711762539002,23.53648351648352,37.12117903930131,25.0,2.0,66.0,0.0,0.0,0.0,1.0,13.0,0.0,1.0
TX,2016-07-26,29.220594713656386,9.288735387885229,69.88042471119024,22.672907488986784,35.77516483516484,40.0,6.0,71.0,0.0,0.0,1.0,1.0,8.0,0.0,1.0
TX,2016-07-27,28.61898454746137,6.2233351678591085,70.94294349309861,22.600660792951544,34.64635761589404,40.0,2.0,73.0,0.0,0.0,0.0,0.0,10.0,0.0,0.0
TX,2016-07-28,28.6061403508772,7.256295063782585,69.78610102555716,22.508991228070176,34.70698689956332,33.0,0.0,88.0,0.0,0.0,0.0,0.0,7.0,0.0,1.0
TX,2016-07-29,28.499010989010987,3.723604651162791,68.31916515071269,22.29098901098901,34.7144420131291,23.0,1.0,49.0,0.0,0.0,0.0,0.0,10.0,0.0,1.0
TX,2016-07-30,28.867225950783,1.1114984709480122,62.59606784920937,22.60604026845637,35.13763919821826,20.0,1.0,36.0,0.0,1.0,0.0,0.0,6.0,0.0,1.0
TX,2016-07-31,29.495955056179778,0.5043698543381887,60.00436358053509,23.237752808988763,35.757399103139015,6.0,1.0,19.0,0.0,2.0,0.0,0.0,5.0,0.0,0.0
TX,2016-08-01,29.8108407079646,0.2741517581739667,57.29633589593108,23.27035398230089,36.35679824561404,20.0,1.0,12.0,0.0,0.0,0.0,0.0,7.0,0.0,0.0
TX,2016-08-02,29.888486842105262,0.1205395462906192,56.09090627367881,22.946491228070176,36.83471615720524,16.0,0.0,14.0,0.0,0.0,0.0,0.0,10.0,0.0,0.0
TX,2016-08-03,30.04704595185996,0.3721712538226299,58.817593412977295,23.09321663019693,37.00502183406113,13.0,0.0,14.0,0.0,0.0,0.0,0.0,2.0,0.0,1.0
TX,2016-08-04,30.345108695652176,0.1204419889502762,56.97830543839164,23.53391304347826,37.15670995670996,13.0,1.0,9.0,0.0,0.0,0.0,0.0,4.0,0.0,0.0
TX,2016-08-05,30.34857456140351,0.2025355596784168,57.8473587398645,23.49824561403509,37.202625820568926,10.0,0.0,10.0,0.0,0.0,0.0,0.0,2.0,0.0,0.0
TX,2016-08-06,30.335761589403976,0.2730627306273063,57.67982121706616,23.630905077262693,37.03552631578948,9.0,0.0,11.0,0.0,0.0,0.0,0.0,7.0,0.0,0.0
TX,2016-08-07,30.443201754385967,0.1488735919899874,56.51385323890418,23.68179824561404,37.20590809628008,17.0,1.0,14.0,0.0,0.0,0.0,0.0,6.0,0.0,0.0
TX,2016-08-08,30.609628008752736,0.4652846534653465,57.53580166202224,23.85492341356674,37.35773420479303,9.0,0.0,31.0,0.0,0.0,0.0,1.0,7.0,0.0,0.0
TX,2016-08-09,30.358533916849016,1.907121484141233,60.48943727032653,23.80984682713348,36.908496732026144,9.0,0.0,41.0,0.0,0.0,0.0,0.0,7.0,0.0,2.0
TX,2016-08-10,30.192082429501085,0.9797814207650274,60.52163403010746,23.81471861471861,36.57099567099567,15.0,0.0,25.0,0.0,0.0,0.0,0.0,9.0,0.0,0.0
TX,2016-08-11,30.816377440347072,0.6026862026862028,59.47839217070602,24.342082429501087,37.29067245119306,11.0,0.0,26.0,0.0,0.0,0.0,0.0,9.0,0.0,0.0
TX,2016-08-12,30.80853391684901,1.0745752427184467,60.22791340114659,24.119868995633187,37.49912472647702,26.0,0.0,59.0,0.0,0.0,0.0,0.0,12.0,0.0,3.0
TX,2016-08-13,29.06947483588621,5.282426303854876,72.1094044326955,22.953275109170303,35.19542483660131,36.0,0.0,52.0,0.0,0.0,0.0,0.0,11.0,0.0,0.0
TX,2016-08-14,26.633956043956047,14.980485175202157,72.80298821122012,21.34835164835165,31.92872807017544,34.0,0.0,32.0,0.0,0.0,1.0,0.0,2.0,0.0,0.0
TX,2016-08-15,25.11539301310044,20.887735849056604,77.10202668089721,20.31891304347826,29.920305676855897,47.0,2.0,27.0,0.0,0.0,1.0,0.0,6.0,0.0,0.0
TX,2016-08-16,24.8296255506608,22.996382428940567,79.92444235678869,19.99669603524229,29.664615384615384,57.0,4.0,36.0,0.0,0.0,1.0,0.0,5.0,0.0,0.0
TX,2016-08-17,25.30088888888889,18.056908904810644,81.02766160282368,20.716814159292035,29.89712389380531,60.0,1.0,54.0,0.0,0.0,1.0,0.0,10.0,0.0,0.0
TX,2016-08-18,25.90119565217391,12.707186858316222,81.06290023371335,21.33760869565217,30.46478260869565,59.0,4.0,58.0,0.0,0.0,0.0,1.0,12.0,0.0,0.0
TX,2016-08-19,26.454166666666666,7.483654876741693,78.7718343446164,21.82894736842105,31.08187772925764,59.0,6.0,57.0,0.0,0.0,1.0,0.0,7.0,0.0,0.0
TX,2016-08-20,26.2452808988764,11.485071350164654,80.05724939882167,21.669282511210763,30.83123595505618,53.0,1.0,95.0,0.0,1.0,1.0,0.0,5.0,0.0,2.0
TX,2016-08-21,24.83011235955056,24.638004246284503,80.27130069510635,20.57914798206278,29.121875,51.0,1.0,47.0,0.0,1.0,1.0,0.0,13.0,0.0,0.0
TX,2016-08-22,25.414606741573035,6.626666666666667,79.49141759555968,20.770403587443948,30.08165548098434,67.0,7.0,65.0,0.0,0.0,0.0,0.0,7.0,0.0,0.0
TX,2016-08-23,27.1847438752784,4.598522167487685,72.9740690934805,22.075501113585744,32.30487804878049,34.0,4.0,28.0,0.0,0.0,0.0,1.0,6.0,0.0,0.0
TX,2016-08-24,27.659550561797754,1.3471453796350796,69.91396431289581,21.98044943820225,33.33991031390135,38.0,5.0,39.0,0.0,5.0,0.0,0.0,4.0,0.0,0.0
TX,2016-08-25,27.22142857142857,0.9060226595110316,71.15822048782445,21.49230769230769,32.95054945054945,49.0,4.0,45.0,0.0,0.0,0.0,0.0,4.0,0.0,0.0
TX,2016-08-26,26.66677777777777,3.1238840579710145,74.57236622736204,21.02911111111112,32.31769911504425,36.0,2.0,80.0,0.0,1.0,0.0,0.0,5.0,0.0,0.0
TX,2016-08-27,26.456181015452536,3.5168224299065423,74.81461995879836,20.865342163355407,32.04867841409692,58.0,2.0,47.0,0.0,1.0,0.0,0.0,7.0,0.0,2.0
TX,2016-08-28,26.50794701986755,2.237710843373494,73.76963568836227,20.93708609271523,32.07880794701987,38.0,0.0,45.0,0.0,0.0,0.0,0.0,7.0,0.0,1.0
TX,2016-08-29,26.18105726872247,4.172626318711827,78.08555399384208,20.926431718061675,31.43568281938326,48.0,2.0,69.0,0.0,0.0,1.0,0.0,11.0,0.0,1.0
TX,2016-08-30,25.929822616407986,6.438441284886783,79.32308931854895,21.147671840354768,30.7119733924612,34.0,1.0,56.0,0.0,0.0,0.0,0.0,6.0,0.0,0.0
TX,2016-08-31,26.34048140043764,4.512444933920705,76.09628764030953,21.475054704595188,31.205908096280087,44.0,3.0,50.0,0.0,0.0,1.0,0.0,9.0,0.0,1.0
TX,2016-09-01,26.666557017543862,2.76066969353008,75.11025275427225,21.5561403508772,31.776973684210525,51.0,2.0,46.0,0.0,0.0,0.0,0.0,9.0,0.0,0.0
TX,2016-09-02,26.26323851203501,3.3117209834190966,77.90354733891238,21.01181619256017,31.514660831509847,74.0,4.0,43.0,0.0,0.0,1.0,0.0,19.0,0.0,0.0
TX,2016-09-03,25.959758771929824,3.1262971698113207,73.17440797224955,20.57368421052632,31.344201312910283,57.0,3.0,13.0,0.0,0.0,0.0,0.0,10.0,0.0,0.0
TX,2016-09-04,26.482008830022075,1.017697489283527,73.07741629684527,20.85550660792952,32.11147902869757,55.0,3.0,25.0,0.0,0.0,1.0,0.0,15.0,0.0,0.0
TX,2016-09-05,27.069026548672568,2.665155807365439,73.95881726913544,21.5816371681416,32.56153846153846,30.0,4.0,40.0,0.0,0.0,0.0,0.0,4.0,0.0,1.0
TX,2016-09-06,27.61323851203501,1.3807312826465468,74.16001257386611,22.463019693654267,32.763457330415754,41.0,2.0,22.0,0.0,0.0,0.0,0.0,4.0,0.0,0.0
TX,2016-09-07,27.96839207048458,2.4001720183486235,72.82803122093542,22.86784140969163,33.067032967032965,38.0,2.0,35.0,0.0,0.0,0.0,0.0,4.0,0.0,1.0
TX,2016-09-08,28.1590021691974,0.6862089552238807,69.90878578834607,22.7295010845987,33.58917748917749,39.0,4.0,12.0,0.0,0.0,0.0,0.0,6.0,0.0,0.0
TX,2016-09-09,28.12760869565217,0.2694966646452395,67.34310432990941,22.201521739130435,34.05444685466377,17.0,1.0,16.0,0.0,0.0,0.0,0.0,2.0,0.0,0.0
TX,2016-09-10,26.09446902654868,3.351450562462996,72.12001165741813,19.90774336283185,32.29094922737307,46.0,1.0,70.0,0.0,1.0,0.0,0.0,1.0,0.0,3.0
TX,2016-09-11,24.05275938189845,2.718261376896149,69.92110335994954,17.922075055187637,30.18344370860927,16.0,1.0,13.0,0.0,0.0,0.0,0.0,2.0,0.0,0.0
TX,2016-09-12,25.40493421052632,0.3298525798525799,69.04037404524095,18.798464912280703,32.00831509846827,29.0,0.0,9.0,0.0,0.0,0.0,0.0,5.0,0.0,1.0
TX,2016-09-13,26.321006564551425,1.570988750740083,71.47051776303933,20.147483588621444,32.502391304347825,34.0,0.0,29.0,0.0,0.0,0.0,0.0,4.0,0.0,1.0
TX,2016-09-14,26.261513157894736,1.943942028985508,74.22581256957528,20.77675438596492,31.75065502183406,30.0,3.0,42.0,0.0,0.0,0.0,0.0,4.0,0.0,0.0
TX,2016-09-15,26.21938997821351,1.9351841028638224,74.01075045677834,20.700217864923747,31.74195652173913,51.0,3.0,26.0,0.0,0.0,0.0,0.0,6.0,0.0,1.0
TX,2016-09-16,26.39040948275862,2.6896348645465253,72.25947766246647,20.44633620689656,32.33448275862069,29.0,1.0,54.0,0.0,0.0,0.0,0.0,4.0,0.0,0.0
TX,2016-09-17,26.69770240700219,1.72708082026538,71.96884608022962,20.57877461706784,32.82008733624454,45.0,7.0,42.0,0.0,1.0,0.0,0.0,7.0,0.0,1.0
TX,2016-09-18,27.22335526315789,1.896280487804878,69.85291842960989,20.85175438596492,33.59759825327511,47.0,8.0,37.0,0.0,3.0,0.0,0.0,4.0,0.0,2.0
TX,2016-09-19,28.15396475770925,0.6716781035558328,67.07871707914211,21.3704845814978,34.933846153846154,35.0,3.0,13.0,0.0,0.0,0.0,0.0,8.0,0.0,1.0
TX,2016-09-20,28.34879120879121,0.1169730392156862,65.96320903656309,21.45472527472528,35.24366812227074,31.0,5.0,17.0,0.0,0.0,0.0,0.0,6.0,0.0,0.0
TX,2016-09-21,27.37325327510917,0.4854445797807551,63.57476270761393,20.50698689956332,34.23543478260869,39.0,3.0,1.0,0.0,0.0,0.0,0.0,8.0,0.0,0.0
TX,2016-09-22,26.41854663774404,0.2760048721071863,63.56177674312424,19.486550976138822,33.3504329004329,18.0,0.0,7.0,0.0,0.0,0.0,0.0,6.0,0.0,0.0
TX,2016-09-23,26.714425162689807,0.560699216395419,68.07295142721698,20.40260303687636,33.026839826839826,28.0,2.0,7.0,0.0,0.0,0.0,0.0,6.0,0.0,0.0
TX,2016-09-24,26.99384615384616,1.616359163591636,71.23516502183978,21.244395604395606,32.742105263157896,48.0,1.0,65.0,0.0,0.0,1.0,0.0,5.0,0.0,0.0
TX,2016-09-25,24.98307692307692,9.766306203756404,80.50952495302944,19.87516483516484,30.098026315789475,68.0,6.0,90.0,0.0,0.0,1.0,1.0,11.0,0.0,1.0
TX,2016-09-26,21.65152173913044,27.376281719316417,82.5315301950857,17.339130434782607,25.963123644251628,54.0,2.0,34.0,0.0,0.0,1.0,0.0,6.0,0.0,0.0
TX,2016-09-27,20.25728260869565,7.558592471358429,71.23067072858065,15.613203463203464,24.92190889370933,16.0,0.0,3.0,0.0,0.0,0.0,0.0,15.0,0.0,0.0
TX,2016-09-28,21.123804347826088,0.3699446834665028,63.738180454078645,14.220824295010846,28.030368763557483,11.0,0.0,0.0,0.0,0.0,0.0,0.0,9.0,0.0,0.0
TX,2016-09-29,21.6617136659436,0.1247506234413965,60.96003453504414,14.13167028199566,29.19112554112554,9.0,1.0,0.0,0.0,0.0,0.0,0.0,6.0,0.0,0.0
TX,2016-09-30,19.83695652173913,0.3618249534450651,60.11235688327668,12.334490238611714,27.33167028199566,5.0,0.0,1.0,0.0,0.0,0.0,0.0,12.0,0.0,0.0
TX,2016-10-01,20.401619870410368,0.1221604938271605,63.45204306770318,13.274946004319656,27.52829373650108,9.0,1.0,0.0,0.0,0.0,0.0,0.0,7.0,0.0,0.0
TX,2016-10-02,21.60635964912281,0.0349196538936959,64.2298168817636,14.383114035087718,28.823632385120348,12.0,0.0,1.0,0.0,0.0,0.0,0.0,5.0,0.0,0.0
TX,2016-10-03,22.466416309012875,0.0459657701711491,65.27738442949585,15.142918454935623,29.79209401709402,30.0,1.0,4.0,0.0,0.0,0.0,0.0,10.0,0.0,1.0
TX,2016-10-04,23.69082073434125,0.1083030303030302,66.45674121677956,16.694168466522676,30.675802997858675,30.0,4.0,4.0,0.0,0.0,0.0,0.0,10.0,0.0,1.0
TX,2016-10-05,24.81268980477224,0.083262839879154,66.95553736417375,17.864208242950106,31.75226781857452,34.0,7.0,2.0,0.0,0.0,0.0,0.0,7.0,0.0,0.0
TX,2016-10-06,25.64924078091106,0.1622560975609756,69.02750748377471,19.12125813449024,32.17991360691145,33.0,9.0,19.0,0.0,0.0,0.0,0.0,7.0,0.0,0.0
TX,2016-10-07,22.84248366013072,4.777291543465405,75.41432344284144,15.8161220043573,29.889154013015183,56.0,12.0,25.0,0.0,0.0,0.0,0.0,8.0,0.0,1.0
TX,2016-10-08,19.58582417582417,2.444943147815679,71.67756987079746,13.235604395604396,25.93604395604396,12.0,1.0,3.0,0.0,0.0,0.0,0.0,10.0,0.0,0.0
TX,2016-10-09,19.04691629955947,0.3805623471882641,62.56985379893209,12.126651982378856,25.95328947368421,10.0,2.0,2.0,0.0,0.0,0.0,0.0,13.0,0.0,0.0
TX,2016-10-10,19.29192139737992,0.2150211992731678,57.45183297472172,11.417685589519651,27.16615720524017,11.0,0.0,3.0,0.0,0.0,0.0,0.0,7.0,0.0,0.0
TX,2016-10-11,21.11017316017316,0.1485679463741621,61.690845044910645,12.620518358531315,29.610129310344828,18.0,0.0,0.0,0.0,0.0,0.0,0.0,9.0,0.0,0.0
TX,2016-10-12,23.00728260869565,0.3915814792543596,67.43636897989823,15.07108695652174,30.944155844155844,33.0,4.0,0.0,0.0,0.0,0.0,0.0,15.0,0.0,0.0
TX,2016-10-13,21.895742358078603,0.3353227771010962,72.5349705636227,15.30065502183406,28.51041214750542,42.0,6.0,10.0,0.0,0.0,0.0,0.0,14.0,0.0,0.0
TX,2016-10-14,21.38471615720524,3.9530519110096978,75.90950669882328,15.892576419213974,26.866666666666664,74.0,6.0,45.0,0.0,0.0,0.0,0.0,15.0,0.0,1.0
TX,2016-10-15,23.80298672566372,1.499087591240876,71.04324663309312,17.554424778761064,30.03546255506608,48.0,4.0,2.0,0.0,0.0,0.0,0.0,6.0,0.0,0.0
TX,2016-10-16,25.58044444444445,0.011272957568081,66.03763393203991,18.72111111111111,32.44057649667406,24.0,4.0,0.0,0.0,0.0,0.0,0.0,5.0,0.0,0.0
TX,2016-10-17,26.16304347826087,0.0296205630354957,64.41820549687493,19.34065217391305,32.97965367965368,17.0,4.0,0.0,0.0,0.0,0.0,0.0,7.0,0.0,0.0
TX,2016-10-18,25.84642857142857,0.0086580086580086,64.54589618433381,19.00108225108225,32.696760259179264,20.0,5.0,0.0,0.0,0.0,0.0,0.0,6.0,0.0,0.0
TX,2016-10-19,24.730978260869566,0.0433579335793357,68.66755755913312,18.081304347826087,31.39696312364425,34.0,7.0,7.0,0.0,0.0,0.0,0.0,8.0,0.0,0.0
TX,2016-10-20,22.276252723311543,2.426136363636364,68.33315188993016,15.464488017429192,29.09608695652174,49.0,9.0,44.0,0.0,0.0,0.0,0.0,10.0,0.0,0.0
TX,2016-10-21,17.116738660907128,1.5852958406561215,53.52440744135657,9.21228448275862,25.03369330453564,5.0,0.0,7.0,0.0,0.0,0.0,0.0,21.0,0.0,0.0
TX,2016-10-22,16.389867841409693,0.0168789808917197,54.9448673924033,7.4265934065934065,25.349450549450548,6.0,0.0,0.0,0.0,0.0,0.0,0.0,12.0,0.0,0.0
TX,2016-10-23,18.537224669603525,0.0021113243761996,59.55510199344244,10.03868131868132,27.03362637362637,5.0,0.0,3.0,0.0,0.0,0.0,0.0,8.0,0.0,0.0
TX,2016-10-24,20.707826086956523,0.1151367781155015,67.30356777057844,13.244565217391305,28.16818181818181,6.0,0.0,2.0,0.0,0.0,0.0,0.0,8.0,0.0,0.0
TX,2016-10-25,21.49901746724891,0.0370918052988293,70.70334586071145,14.654585152838427,28.35065217391304,47.0,13.0,1.0,0.0,0.0,0.0,0.0,7.0,0.0,0.0
TX,2016-10-26,21.609497816593887,0.0680495356037151,66.97599040574543,14.768995633187773,28.45,30.0,4.0,13.0,0.0,0.0,0.0,0.0,9.0,0.0,0.0
TX,2016-10-27,21.80525164113785,0.2305158483530142,65.6758874845757,14.193449781659387,29.39562363238512,38.0,6.0,2.0,0.0,0.0,0.0,0.0,22.0,0.0,0.0
TX,2016-10-28,21.683810572687225,0.0130543410368519,64.57401390830805,13.970044052863436,29.39649122807017,31.0,7.0,0.0,0.0,0.0,0.0,0.0,10.0,0.0,0.0
TX,2016-10-29,22.222533632287,0.0114503816793893,65.34855155440623,14.805156950672648,29.639910313901343,60.0,22.0,0.0,0.0,0.0,0.0,0.0,9.0,0.0,0.0
TX,2016-10-30,22.167913832199545,0.0103425985778926,66.497981659997,14.547165532879818,29.787782805429867,57.0,21.0,0.0,0.0,0.0,0.0,0.0,15.0,0.0,0.0
TX,2016-10-31,21.6156043956044,0.0590937696664568,65.47259809398557,13.79032967032967,29.44087912087912,52.0,24.0,0.0,0.0,0.0,0.0,0.0,12.0,0.0,0.0
TX,2016-11-01,22.97686403508772,0.2423952095808383,69.10687186573372,15.919474835886216,30.034497816593884,38.0,6.0,18.0,0.0,0.0,0.0,0.0,5.0,0.0,0.0
TX,2016-11-02,23.920131291028447,1.342881548974943,73.99220275486869,18.04135667396061,29.799782135076253,35.0,2.0,28.0,0.0,0.0,0.0,0.0,5.0,0.0,0.0
TX,2016-11-03,22.33554347826087,7.967328918322296,82.32238752172685,17.649347826086956,27.03831168831169,65.0,5.0,69.0,0.0,3.0,0.0,0.0,13.0,0.0,2.0
TX,2016-11-04,20.25871459694989,10.10691857370942,83.41750345755011,16.219825708061002,24.316086956521737,89.0,5.0,12.0,0.0,0.0,0.0,0.0,19.0,0.0,0.0
TX,2016-11-05,19.240522875817,1.9693387946167349,79.71717846896033,15.366666666666667,23.125652173913043,76.0,5.0,12.0,0.0,0.0,0.0,0.0,18.0,0.0,0.0
TX,2016-11-06,18.84010989010989,4.703432228039558,79.4647679982287,14.975164835164836,22.687089715536104,81.0,5.0,67.0,0.0,0.0,0.0,0.0,9.0,0.0,0.0
TX,2016-11-07,19.31572668112798,14.382473684210527,85.33639102559057,15.001731601731604,23.633982683982683,105.0,12.0,72.0,0.0,0.0,0.0,0.0,12.0,0.0,0.0
TX,2016-11-08,18.254978354978352,12.59289501590668,86.29249982923447,14.396536796536797,22.113419913419914,86.0,2.0,43.0,0.0,0.0,0.0,0.0,13.0,0.0,0.0
TX,2016-11-09,16.019264069264068,8.610122535961642,84.05463024674657,12.64935064935065,19.396544276457885,63.0,0.0,2.0,0.0,0.0,0.0,0.0,12.0,0.0,0.0
TX,2016-11-10,14.739651416122005,2.3674931129476584,77.65433822835801,10.356644880174292,19.10891304347826,56.0,6.0,0.0,0.0,0.0,0.0,0.0,20.0,0.0,0.0
TX,2016-11-11,15.362775330396476,0.547246891651865,73.38342102588796,9.84603524229075,20.870833333333334,62.0,13.0,0.0,0.0,0.0,0.0,0.0,22.0,0.0,0.0
TX,2016-11-12,15.464491150442475,0.149502487562189,72.0034375784379,9.52433628318584,21.406373626373625,38.0,3.0,1.0,0.0,0.0,0.0,0.0,25.0,0.0,0.0
TX,2016-11-13,14.931042128603105,0.0615047021943573,71.69441121666912,8.749223946784923,21.10794701986755,40.0,6.0,0.0,0.0,0.0,0.0,0.0,24.0,0.0,0.0
TX,2016-11-14,16.36791208791209,0.1283767038413878,71.5709022769363,9.266593406593406,23.46126914660832,74.0,19.0,0.0,0.0,0.0,0.0,0.0,28.0,0.0,0.0
TX,2016-11-15,17.788804347826087,0.0370869033047735,62.21150196878687,9.107391304347823,26.46177105831533,49.0,15.0,0.0,0.0,0.0,0.0,0.0,25.0,0.0,0.0
TX,2016-11-16,18.74043478260869,0.0037654320987654,56.490414174926926,9.19304347826087,28.28915401301518,22.0,12.0,0.0,0.0,0.0,0.0,0.0,14.0,0.0,0.0
TX,2016-11-17,19.55844298245614,0.0078115313081215,63.71606777945794,11.4640350877193,27.666812227074235,56.0,17.0,0.0,0.0,0.0,0.0,0.0,7.0,0.0,1.0
TX,2016-11-18,17.06953642384106,0.6614336492890995,64.0696433458031,9.452317880794702,24.69802197802198,28.0,1.0,36.0,0.0,0.0,0.0,0.0,5.0,0.0,1.0
TX,2016-11-19,10.261393805309734,2.8670475045099217,48.496118382618846,2.1924778761061945,18.36092715231788,1.0,0.0,5.0,0.0,0.0,1.0,0.0,5.0,0.0,1.0
TX,2016-11-20,9.262389380530974,0.0059047619047619,51.77637236909023,0.5643956043956044,17.97240618101545,6.0,0.0,0.0,0.0,0.0,0.0,0.0,10.0,0.0,1.0
TX,2016-11-21,12.799235807860262,0.0029022082018927,60.20778633456933,3.6898047722342735,21.90348583877996,8.0,1.0,0.0,0.0,0.0,0.0,0.0,5.0,0.0,0.0
TX,2016-11-22,16.543709327548807,0.2368421052631578,72.84301571466733,9.392841648590023,23.6974025974026,22.0,1.0,26.0,0.0,0.0,0.0,0.0,6.0,0.0,0.0
TX,2016-11-23,15.277401746724893,5.93356401384083,67.07368747843537,8.168191721132898,22.39760348583878,41.0,8.0,45.0,0.0,0.0,0.0,0.0,21.0,0.0,1.0
TX,2016-11-24,13.729438202247191,0.6223390275952694,68.08641962015257,5.8116853932584265,21.64719101123596,30.0,6.0,0.0,0.0,0.0,0.0,0.0,12.0,0.0,1.0
TX,2016-11-25,14.26211111111111,0.7028753993610224,74.43690177197529,7.560888888888889,20.96333333333333,56.0,9.0,5.0,0.0,0.0,0.0,0.0,14.0,0.0,1.0
TX,2016-11-26,13.37638580931264,1.3802896725440807,77.23194867674002,8.138410596026489,18.606651884700668,63.0,4.0,0.0,0.0,0.0,0.0,0.0,17.0,0.0,1.0
TX,2016-11-27,14.974832962138084,0.1474499677211104,78.13101943607306,10.005555555555556,19.94911111111111,57.0,1.0,0.0,0.0,0.0,0.0,0.0,15.0,0.0,2.0
TX,2016-11-28,16.385087719298248,2.432358208955224,61.79828560254307,10.305263157894736,22.461925601750547,33.0,10.0,29.0,0.0,0.0,0.0,0.0,11.0,0.0,2.0
TX,2016-11-29,15.398034934497815,1.4494252873563218,56.16437466086319,8.381441048034935,22.43195652173913,28.0,18.0,10.0,0.0,0.0,0.0,0.0,24.0,0.0,0.0
TX,2016-11-30,11.86392543859649,0.2531716417910448,46.262093342628646,4.169736842105263,19.54682713347921,5.0,2.0,1.0,0.0,0.0,0.0,0.0,14.0,0.0,0.0
TX,2016-12-01,9.499782135076252,0.0045871559633027,52.4265202774957,1.1509719222462202,17.89240780911063,4.0,0.0,0.0,0.0,0.0,0.0,0.0,8.0,0.0,0.0
TX,2016-12-02,11.356724511930585,0.6118038740920096,66.83487902606497,4.751187904967603,17.96717062634989,51.0,1.0,6.0,0.0,0.0,0.0,0.0,8.0,0.0,0.0
TX,2016-12-03,10.7910989010989,26.26384854771784,88.38674749089087,7.396483516483516,14.198464912280702,95.0,5.0,42.0,0.0,0.0,0.0,0.0,5.0,0.0,0.0
TX,2016-12-04,9.029890109890111,18.435433070866143,91.49989444080867,6.955384615384615,11.104395604395604,87.0,3.0,21.0,0.0,1.0,0.0,0.0,3.0,0.0,0.0
TX,2016-12-05,8.80054347826087,17.229919137466307,87.03519951796636,5.5693304535637145,12.078091106290673,93.0,13.0,21.0,0.0,0.0,0.0,0.0,6.0,0.0,0.0
TX,2016-12-06,9.317755991285404,3.7386526780784095,79.41516468270243,4.673856209150327,13.940780911062909,83.0,22.0,1.0,0.0,0.0,0.0,0.0,8.0,0.0,0.0
TX,2016-12-07,8.362826086956522,0.1987871437234687,82.58119107738689,3.628913043478261,13.091323210412147,72.0,17.0,0.0,0.0,0.0,1.0,0.0,17.0,0.0,0.0
TX,2016-12-08,5.287799564270152,0.54453125,76.57775847472941,0.6300653594771242,9.94553376906318,31.0,1.0,0.0,2.0,0.0,3.0,0.0,6.0,1.0,0.0
TX,2016-12-09,2.051206140350877,0.2892769607843137,59.81186834796982,-1.7271929824561405,5.83741794310722,6.0,1.0,0.0,0.0,0.0,3.0,0.0,2.0,0.0,0.0
TX,2016-12-10,4.911172566371682,0.0350318471337579,64.9832997364621,-0.1518763796909492,9.98429203539823,26.0,2.0,0.0,0.0,0.0,1.0,0.0,6.0,0.0,0.0
TX,2016-12-11,11.024330357142857,0.5635280095351609,76.18934869620782,4.625223214285714,17.40888888888889,77.0,16.0,0.0,0.0,0.0,1.0,0.0,5.0,0.0,0.0
TX,2016-12-12,12.742640692640691,0.2199999999999999,78.24429033260525,5.697835497835498,19.77806451612903,75.0,30.0,0.0,0.0,0.0,1.0,0.0,13.0,0.0,0.0
TX,2016-12-13,12.630387931034482,0.089294403892944,81.74357687844156,6.859051724137931,18.40149892933619,106.0,51.0,1.0,0.0,0.0,0.0,0.0,22.0,0.0,0.0
TX,2016-12-14,10.8725,0.0670411985018726,77.38867253474949,5.035217391304347,16.69761388286334,56.0,1.0,0.0,0.0,0.0,0.0,0.0,32.0,0.0,1.0
TX,2016-12-15,8.72195652173913,0.03,76.11437778936975,3.638260869565217,13.790238611713669,73.0,3.0,0.0,0.0,0.0,0.0,0.0,34.0,0.0,1.0
TX,2016-12-16,11.22965367965368,0.2178351783517835,77.0833338338561,5.354329004329004,17.061206896551724,104.0,16.0,0.0,0.0,0.0,0.0,1.0,25.0,0.0,2.0
TX,2016-12-17,13.539410480349346,0.3108958837772397,78.37871059057828,3.9242358078602617,23.16100217864924,63.0,6.0,0.0,2.0,0.0,2.0,2.0,29.0,1.0,2.0
TX,2016-12-18,3.376211453744493,0.2669191919191919,63.20536198286081,-6.415638766519823,13.2140350877193,12.0,0.0,1.0,5.0,0.0,2.0,0.0,3.0,1.0,3.0
TX,2016-12-19,-1.5990196078431371,0.0139846743295019,50.300922211281474,-7.18488120950324,4.041176470588235,0.0,0.0,1.0,1.0,0.0,1.0,0.0,5.0,0.0,1.0
TX,2016-12-20,3.2335869565217394,0.0137355584082156,44.10573905388015,-3.955,10.413203463203462,0.0,0.0,0.0,0.0,0.0,1.0,0.0,7.0,0.0,1.0
TX,2016-12-21,9.868886462882095,0.0234124438742783,50.820546137081294,1.8024017467248907,17.939740820734343,1.0,0.0,0.0,0.0,0.0,1.0,0.0,9.0,0.0,0.0
TX,2016-12-22,11.939239130434784,0.2859404686510449,63.902245980603375,5.414782608695653,18.48038793103448,38.0,8.0,0.0,2.0,0.0,0.0,0.0,11.0,0.0,0.0
TX,2016-12-23,12.054185022026433,0.6159090909090909,74.70231387290248,6.940659340659341,17.159691629955947,92.0,27.0,2.0,0.0,0.0,0.0,0.0,16.0,0.0,0.0
TX,2016-12-24,15.73558352402746,1.6584766584766584,85.72059659953814,9.93020594965675,21.52870159453303,91.0,28.0,3.0,0.0,0.0,0.0,0.0,9.0,0.0,1.0
TX,2016-12-25,18.263018433179724,0.6539961013645225,78.50183657076249,13.06152073732719,23.46451612903226,27.0,1.0,4.0,0.0,0.0,0.0,0.0,7.0,0.0,3.0
TX,2016-12-26,18.13539325842697,0.357161629434954,71.12260017648842,12.794157303370786,23.480044843049328,52.0,6.0,5.0,0.0,1.0,0.0,0.0,15.0,0.0,3.0
TX,2016-12-27,16.486777777777778,1.176261319534282,68.14647064932953,10.135920177383593,22.84070796460177,48.0,21.0,6.0,0.0,0.0,0.0,0.0,18.0,0.0,0.0
TX,2016-12-28,17.38373362445415,0.3377142857142857,73.10953910914141,11.120524017467249,23.64694323144105,79.0,21.0,0.0,0.0,0.0,0.0,0.0,11.0,0.0,0.0
TX,2016-12-29,14.601655629139072,0.0569220862846104,50.91240187977791,7.9708609271523185,21.27527352297593,25.0,6.0,0.0,0.0,0.0,0.0,0.0,6.0,0.0,0.0
TX,2016-12-30,9.344150110375276,0.2789473684210526,43.54634052725512,4.1598233995584994,14.545274725274728,0.0,0.0,0.0,0.0,0.0,0.0,0.0,3.0,0.0,0.0
TX,2016-12-31,11.437727272727274,0.8176286072772898,64.7692050050172,6.170880361173815,16.68390022675737,36.0,6.0,2.0,0.0,0.0,0.0,0.0,11.0,0.0,1.0
