STATE,DATE,PRCP,RH,TMIN,TMAX,TAVG,WT01,WT02,WT03,WT04,WT05,WT06,WT08,WT09,WT10,WT11
IA,2023-01-01,0.2292063492063492,91.26152480092858,-4.514754098360656,4.386991869918699,-0.0549180327868852,27.0,11.0,0.0,3.0,0.0,4.0,2.0,0.0,0.0,0.0
IA,2023-01-02,0.576875,89.49019877755165,-3.131707317073171,4.391056910569106,0.6296747967479676,20.0,2.0,0.0,0.0,0.0,3.0,3.0,0.0,0.0,0.0
IA,2023-01-03,15.998837209302328,95.95873795785089,-1.438095238095238,3.362992125984252,0.9646825396825398,30.0,11.0,10.0,6.0,0.0,11.0,1.0,0.0,0.0,0.0
IA,2023-01-04,2.519526627218935,91.4110453062891,-2.816535433070866,2.878740157480314,0.0311023622047243,27.0,1.0,3.0,2.0,1.0,10.0,5.0,0.0,0.0,0.0
IA,2023-01-05,1.0956521739130436,89.54306389010172,-5.122834645669292,-1.3803149606299214,-3.251574803149606,19.0,0.0,0.0,1.0,0.0,2.0,3.0,0.0,0.0,0.0
IA,2023-01-06,0.0395770392749244,87.79251924932731,-10.86111111111111,-1.8246031746031743,-6.342857142857143,18.0,0.0,0.0,0.0,0.0,0.0,7.0,0.0,0.0,0.0
IA,2023-01-07,0.000920245398773,88.64578253361127,-13.946774193548388,-2.90483870967742,-8.425806451612903,27.0,4.0,0.0,0.0,0.0,0.0,13.0,0.0,0.0,0.0
IA,2023-01-08,0.0015527950310559,89.92954803123017,-13.389430894308944,-3.949193548387097,-8.692276422764229,34.0,8.0,0.0,0.0,0.0,0.0,14.0,0.0,0.0,0.0
IA,2023-01-09,0.0,86.39846182019198,-10.718897637795274,1.5763779527559054,-4.571259842519685,23.0,1.0,0.0,0.0,0.0,0.0,8.0,0.0,0.0,0.0
IA,2023-01-10,0.0,87.24258964485313,-7.1625,5.49765625,-0.8324218750000001,15.0,5.0,0.0,0.0,0.0,0.0,3.0,0.0,0.0,0.0
IA,2023-01-11,0.0,89.14343226312121,-5.293700787401575,3.677952755905512,-0.8078740157480314,28.0,5.0,0.0,0.0,0.0,0.0,12.0,0.0,0.0,0.0
IA,2023-01-12,0.0,92.18140412485404,-4.978740157480314,2.16031746031746,-1.4265873015873016,24.0,0.0,0.0,0.0,0.0,0.0,6.0,0.0,0.0,0.0
IA,2023-01-13,0.0055045871559633,86.48289832846523,-9.283464566929132,-2.995238095238096,-6.1650793650793645,17.0,0.0,0.0,0.0,0.0,0.0,3.0,0.0,0.0,0.0
IA,2023-01-14,0.0009345794392523,85.37069485816374,-9.888429752066116,-1.8058333333333327,-5.862916666666666,18.0,0.0,0.0,0.0,0.0,0.0,0.0,0.0,0.0,0.0
IA,2023-01-15,0.0,76.49419637872192,-5.469105691056911,3.711382113821138,-0.8788617886178862,2.0,0.0,0.0,0.0,0.0,0.0,0.0,0.0,0.0,0.0
IA,2023-01-16,3.721951219512195,86.93098326892235,-0.5269841269841269,6.82992125984252,3.151984126984127,25.0,5.0,7.0,0.0,1.0,0.0,2.0,0.0,0.0,0.0
IA,2023-01-17,4.873111782477341,90.90426994945652,-0.7086614173228346,6.955905511811023,3.1236220472440945,20.0,1.0,5.0,0.0,1.0,0.0,1.0,0.0,0.0,0.0
IA,2023-01-18,0.7645061728395062,93.4883048591393,-2.6511811023622047,1.3503937007874016,-0.6503937007874016,24.0,2.0,0.0,4.0,0.0,3.0,1.0,0.0,0.0,0.0
IA,2023-01-19,13.72401215805471,95.52078905587324,-2.5181102362204726,0.3031496062992126,-1.10748031496063,28.0,4.0,0.0,6.0,0.0,4.0,4.0,0.0,0.0,0.0
IA,2023-01-20,0.4822429906542055,90.06969160616349,-5.322834645669292,-0.7992125984251969,-3.061023622047244,21.0,0.0,0.0,0.0,0.0,1.0,3.0,0.0,0.0,0.0
IA,2023-01-21,0.0899686520376175,95.53680843800812,-7.104098360655738,-2.0631147540983608,-4.58360655737705,35.0,11.0,0.0,0.0,0.0,2.0,3.0,0.0,0.0,0.0
IA,2023-01-22,2.221518987341772,95.51407036443987,-8.73606557377049,-2.415573770491803,-5.575819672131147,35.0,11.0,0.0,0.0,0.0,1.0,5.0,0.0,0.0,0.0
IA,2023-01-23,0.0498442367601246,93.86700039620888,-12.51031746031746,-3.333333333333333,-7.921825396825397,32.0,9.0,0.0,0.0,0.0,0.0,7.0,0.0,0.0,0.0
IA,2023-01-24,0.0109422492401215,93.53053532785395,-11.0064,-0.304,-5.6552,36.0,12.0,0.0,0.0,0.0,0.0,6.0,0.0,0.0,0.0
IA,2023-01-25,1.0303514376996803,93.6275120001819,-8.492,0.5182539682539682,-3.9804,32.0,4.0,0.0,0.0,0.0,0.0,6.0,1.0,0.0,0.0
IA,2023-01-26,0.6378980891719745,81.45035593031538,-14.8064,-2.5952,-8.7008,12.0,0.0,0.0,0.0,0.0,0.0,5.0,0.0,0.0,0.0
IA,2023-01-27,0.2347826086956521,82.67828172719828,-13.8592,0.7838709677419355,-6.544354838709677,16.0,1.0,0.0,1.0,0.0,2.0,10.0,2.0,0.0,0.0
IA,2023-01-28,1.5372413793103448,85.66255135880057,-11.197478991596638,-0.4508333333333333,-5.833193277310924,20.0,3.0,0.0,3.0,0.0,8.0,9.0,1.0,0.0,0.0
IA,2023-01-29,2.584590163934426,78.3943786465994,-17.511666666666667,-9.524166666666668,-13.517916666666668,6.0,0.0,0.0,1.0,0.0,5.0,9.0,0.0,0.0,0.0
IA,2023-01-30,0.0025396825396825,68.70645270787126,-19.12741935483871,-12.356451612903228,-15.741935483870968,0.0,0.0,0.0,0.0,0.0,0.0,2.0,0.0,0.0,0.0
IA,2023-01-31,0.0,69.17486832100442,-23.1704,-12.1208,-17.645599999999998,1.0,0.0,0.0,0.0,0.0,0.0,4.0,0.0,0.0,0.0
IA,2023-02-01,0.0,67.71649108640995,-20.08,-6.955905511811023,-13.4736,2.0,0.0,0.0,0.0,0.0,0.0,3.0,0.0,0.0,0.0
IA,2023-02-02,0.0,72.11713759635462,-16.08225806451613,-2.328346456692913,-9.208467741935484,3.0,0.0,0.0,0.0,0.0,0.0,5.0,1.0,0.0,0.0
IA,2023-02-03,0.0015015015015015,62.91645698737355,-20.98809523809524,-5.903937007874015,-13.449603174603176,0.0,0.0,0.0,0.0,0.0,0.0,1.0,0.0,0.0,0.0
IA,2023-02-04,0.0008982035928143,67.32277123196508,-18.016260162601625,-3.997520661157025,-10.990495867768594,1.0,0.0,0.0,0.0,0.0,0.0,1.0,0.0,0.0,0.0
IA,2023-02-05,0.0024691358024691,78.8837902611598,-8.602521008403361,5.174590163934426,-1.7378151260504202,11.0,4.0,0.0,0.0,0.0,0.0,2.0,0.0,0.0,0.0
IA,2023-02-06,0.0088685015290519,86.68148579959598,-7.9,5.005645161290323,-1.4471774193548386,14.0,5.0,0.0,0.0,0.0,0.0,2.0,0.0,0.0,0.0
IA,2023-02-07,0.0549253731343283,79.4990504224867,-4.451181102362204,7.366929133858268,1.4615079365079366,0.0,0.0,0.0,0.0,0.0,0.0,0.0,0.0,0.0,0.0
IA,2023-02-08,0.0407079646017699,76.99390378408911,-5.780314960629921,5.3609375,-0.2255905511811023,3.0,0.0,0.0,2.0,0.0,0.0,1.0,0.0,0.0,0.0
IA,2023-02-09,8.416519174041298,87.30170083500727,-4.792913385826772,5.970078740157481,0.5885826771653543,16.0,5.0,0.0,3.0,0.0,1.0,4.0,0.0,0.0,0.0
IA,2023-02-10,3.167682926829268,72.9351967948817,-10.76771653543307,1.574015748031496,-4.596850393700788,1.0,0.0,0.0,2.0,0.0,0.0,0.0,0.0,0.0,0.0
IA,2023-02-11,0.0,68.00672117064576,-9.72016129032258,2.586991869918699,-3.569918699186992,1.0,0.0,0.0,0.0,0.0,0.0,1.0,0.0,0.0,0.0
IA,2023-02-12,0.0,67.37846295029475,-5.541935483870968,7.05483870967742,0.7564516129032259,1.0,0.0,0.0,0.0,0.0,0.0,0.0,0.0,0.0,0.0
IA,2023-02-13,0.0,76.35368328463586,-5.058730158730159,8.371428571428572,1.6563492063492062,2.0,0.0,0.0,0.0,0.0,0.0,0.0,0.0,0.0,0.0
IA,2023-02-14,1.2694362017804155,77.80581344485162,-2.5023809523809524,9.576190476190476,3.5369047619047618,18.0,2.0,1.0,0.0,0.0,0.0,1.0,0.0,0.0,0.0
IA,2023-02-15,10.085131195335276,87.45854410719905,-3.1128,6.896,1.8916,12.0,0.0,4.0,0.0,0.0,0.0,0.0,0.0,0.0,0.0
IA,2023-02-16,1.94794952681388,85.14090897223954,-8.159523809523808,-1.6072,-4.8936,12.0,8.0,0.0,4.0,0.0,5.0,4.0,1.0,0.0,0.0
IA,2023-02-17,4.048427672955975,79.32899956922961,-16.852032520325206,-3.389516129032258,-10.134552845528455,5.0,0.0,0.0,2.0,0.0,2.0,1.0,0.0,0.0,0.0
IA,2023-02-18,0.0,72.6219240085516,-13.7375,0.9694214876033056,-6.412083333333333,2.0,0.0,0.0,0.0,0.0,0.0,0.0,0.0,0.0,0.0
IA,2023-02-19,0.0,71.52206674122398,-5.016666666666667,5.768032786885247,0.3633333333333333,3.0,0.0,0.0,0.0,0.0,0.0,0.0,0.0,0.0,0.0
IA,2023-02-20,0.0058641975308641,84.76323847669244,-5.807258064516129,6.418548387096774,0.3056451612903226,18.0,3.0,0.0,1.0,0.0,0.0,1.0,0.0,0.0,0.0
IA,2023-02-21,0.0089506172839506,71.75690475867309,-9.4704,6.3592,-1.5556,3.0,0.0,0.0,0.0,0.0,0.0,2.0,0.0,0.0,0.0
IA,2023-02-22,1.1706948640483383,81.34879278360827,-7.573600000000001,0.1512,-3.7112,20.0,4.0,0.0,4.0,0.0,17.0,1.0,2.0,0.0,0.0
IA,2023-02-23,7.838719512195122,88.67338932389855,-9.0416,-1.8352,-5.4384,19.0,2.0,0.0,8.0,0.0,20.0,3.0,1.0,0.0,0.0
IA,2023-02-24,0.0115264797507788,78.39868618416158,-17.20731707317073,-5.629032258064516,-11.43658536585366,9.0,0.0,0.0,0.0,1.0,1.0,5.0,0.0,0.0,0.0
IA,2023-02-25,0.0846625766871165,78.28924116434469,-15.044628099173554,-3.7708333333333335,-9.410416666666666,10.0,0.0,0.0,0.0,0.0,1.0,2.0,0.0,0.0,0.0
IA,2023-02-26,0.0972222222222222,77.06007055474367,-9.804958677685953,5.84,-1.9954166666666668,15.0,3.0,6.0,0.0,0.0,1.0,2.0,0.0,0.0,0.0
IA,2023-02-27,25.00027700831025,92.01552209945666,-4.2336,9.426190476190476,2.5872,20.0,1.0,29.0,0.0,0.0,0.0,3.0,0.0,0.0,0.0
IA,2023-02-28,1.1502994011976049,82.88895091720691,-2.93015873015873,6.370634920634921,1.7202380952380951,13.0,0.0,1.0,0.0,0.0,0.0,3.0,0.0,0.0,0.0
IA,2023-03-01,0.1452662721893491,78.03347050598937,-2.654098360655738,6.659677419354838,1.961065573770492,25.0,3.0,0.0,1.0,0.0,0.0,7.0,0.0,0.0,0.0
IA,2023-03-02,0.0,82.60804790979701,-4.1390625,7.53671875,1.698828125,2.0,0.0,0.0,0.0,0.0,0.0,1.0,0.0,0.0,0.0
IA,2023-03-03,0.0,83.18365288432456,-4.012903225806451,4.387096774193548,0.1870967741935484,21.0,2.0,0.0,0.0,0.0,0.0,9.0,0.0,0.0,0.0
IA,2023-03-04,0.0278443113772455,81.57652853224717,-3.9057851239669423,7.987603305785124,2.040909090909091,22.0,3.0,1.0,0.0,0.0,0.0,8.0,0.0,0.0,0.0
IA,2023-03-05,0.2967551622418879,82.98081649269521,-3.922131147540984,8.422131147540984,2.25,16.0,2.0,12.0,1.0,1.0,1.0,2.0,0.0,0.0,0.0
IA,2023-03-06,1.929014084507042,87.88801956099792,-1.26875,8.18046875,3.455859375,30.0,7.0,7.0,2.0,2.0,0.0,2.0,0.0,0.0,0.0
IA,2023-03-07,0.001775147928994,77.96023441652012,-2.1484375,5.7453125,1.7984375,5.0,0.0,1.0,0.0,1.0,0.0,1.0,0.0,0.0,0.0
IA,2023-03-08,0.6410256410256411,75.15503809903177,-0.7661417322834645,5.792125984251968,2.512992125984252,17.0,0.0,0.0,4.0,0.0,2.0,5.0,0.0,0.0,0.0
IA,2023-03-09,1.494561933534743,82.93843324601268,-0.1592,3.401587301587302,1.6148,22.0,12.0,0.0,2.0,0.0,2.0,3.0,0.0,0.0,0.0
IA,2023-03-10,7.357057057057057,90.49717492198243,-3.234959349593496,1.5601626016260164,-0.8373983739837398,13.0,0.0,0.0,2.0,0.0,0.0,0.0,0.0,0.0,0.0
IA,2023-03-11,0.6110062893081761,89.73646326215857,-2.9669421487603307,1.052892561983471,-0.9570247933884296,19.0,6.0,0.0,0.0,0.0,3.0,3.0,0.0,0.0,0.0
IA,2023-03-12,6.222256097560975,89.44125160865167,-3.856910569105691,0.8844262295081967,-1.4840163934426231,23.0,6.0,0.0,3.0,0.0,1.0,5.0,0.0,0.0,0.0
IA,2023-03-13,0.0590062111801242,82.12140420600117,-5.6408000000000005,-1.1784,-3.4096,3.0,0.0,0.0,1.0,0.0,0.0,2.0,0.0,0.0,0.0
IA,2023-03-14,0.000887573964497,78.70080304045302,-9.673170731707316,-0.6137096774193548,-5.134552845528455,7.0,0.0,0.0,0.0,0.0,0.0,1.0,0.0,0.0,0.0
IA,2023-03-15,0.0038690476190476,70.16617653597109,-6.7416,5.538095238095238,-0.5752,0.0,0.0,0.0,0.0,0.0,0.0,1.0,0.0,0.0,0.0
IA,2023-03-16,0.8077881619937695,78.80778170464086,-1.2031496062992126,11.6015625,5.220866141732284,21.0,1.0,0.0,2.0,0.0,2.0,3.0,0.0,0.0,0.0
IA,2023-03-17,7.168895348837209,79.19589508806607,-9.274603174603174,3.927559055118111,-2.657936507936508,7.0,1.0,0.0,3.0,0.0,4.0,8.0,1.0,0.0,0.0
IA,2023-03-18,0.0848484848484848,70.87136549610378,-13.5344,-2.6424000000000003,-8.0884,1.0,0.0,0.0,0.0,0.0,0.0,9.0,0.0,0.0,1.0
IA,2023-03-19,0.0008849557522123,59.98024475014699,-13.074193548387097,-1.508130081300813,-7.285772357723577,0.0,0.0,0.0,0.0,0.0,0.0,0.0,0.0,0.0,0.0
IA,2023-03-20,0.0222873900293255,49.49947953458712,-9.086507936507935,7.321428571428571,-0.8825396825396824,0.0,0.0,0.0,0.0,0.0,0.0,1.0,0.0,0.0,0.0
IA,2023-03-21,0.0017492711370262,63.94376431897232,-1.6551181102362205,12.034375,5.175590551181102,9.0,0.0,0.0,0.0,0.0,0.0,1.0,0.0,0.0,0.0
IA,2023-03-22,0.2526011560693642,87.89357172765047,0.8864,11.2536,6.07,34.0,10.0,4.0,1.0,0.0,0.0,3.0,0.0,0.0,0.0
IA,2023-03-23,2.8877611940298507,82.97283298686384,-1.759375,7.54488188976378,2.881496062992126,22.0,1.0,5.0,5.0,0.0,3.0,1.0,0.0,0.0,0.0
IA,2023-03-24,0.2691394658753709,73.4449470057158,-4.36875,5.84609375,0.738671875,5.0,0.0,0.0,1.0,0.0,0.0,3.0,0.0,0.0,0.0
IA,2023-03-25,4.897590361445783,66.98816117905052,-3.0909836065573773,9.933333333333334,3.404918032786885,8.0,1.0,0.0,1.0,0.0,0.0,0.0,0.0,0.0,0.0
IA,2023-03-26,0.966358024691358,76.5557541175563,-2.4893442622950817,9.515447154471545,3.5225409836065573,11.0,3.0,0.0,0.0,0.0,0.0,2.0,0.0,0.0,0.0
IA,2023-03-27,0.8721556886227545,70.41132525629254,-5.15748031496063,6.490625,0.6515748031496063,0.0,0.0,0.0,1.0,0.0,0.0,1.0,0.0,0.0,0.0
IA,2023-03-28,0.0316860465116279,62.13027734294545,-5.584920634920636,8.263492063492064,1.3392857142857142,4.0,0.0,0.0,0.0,0.0,0.0,1.0,0.0,0.0,0.0
IA,2023-03-29,0.0137426900584795,53.98469793643518,-5.295238095238096,7.729365079365079,1.217063492063492,0.0,0.0,0.0,1.0,0.0,0.0,0.0,0.0,0.0,0.0
IA,2023-03-30,0.1178571428571428,54.86706606961809,-4.9603174603174605,7.331746031746031,1.1857142857142855,7.0,0.0,14.0,0.0,0.0,0.0,0.0,0.0,0.0,0.0
IA,2023-03-31,3.533701657458564,75.47860380270193,-0.6244094488188976,17.72142857142857,8.542460317460316,21.0,2.0,27.0,0.0,3.0,1.0,1.0,0.0,0.0,1.0
IA,2023-04-01,6.698050139275765,69.38812587234064,-1.0926829268292684,16.468548387096774,7.66910569105691,19.0,0.0,13.0,2.0,5.0,2.0,2.0,0.0,0.0,2.0
IA,2023-04-02,0.0885196374622356,51.1332894932356,-1.5404958677685952,12.215573770491805,5.3175,0.0,0.0,1.0,0.0,0.0,0.0,0.0,0.0,0.0,0.0
IA,2023-04-03,0.0277108433734939,53.44408074026937,1.8144,18.4432,10.1288,0.0,0.0,0.0,0.0,0.0,0.0,1.0,0.0,0.0,0.0
IA,2023-04-04,0.8705539358600584,74.8589201703639,3.446341463414634,14.493548387096777,8.936178861788619,19.0,2.0,16.0,0.0,3.0,0.0,2.0,0.0,0.0,0.0
IA,2023-04-05,6.9536,76.9676977674606,0.5536,16.8248,8.689200000000001,20.0,1.0,20.0,1.0,5.0,0.0,1.0,0.0,0.0,0.0
IA,2023-04-06,0.0566473988439306,51.533889785308354,-5.46984126984127,7.758730158730159,1.1444444444444444,1.0,0.0,1.0,0.0,0.0,0.0,0.0,0.0,0.0,0.0
IA,2023-04-07,0.0,42.83562525933556,-4.028688524590164,13.449193548387097,4.7,2.0,0.0,0.0,0.0,0.0,0.0,1.0,0.0,0.0,0.0
IA,2023-04-08,0.0,34.287065057664364,0.3196581196581196,18.80084745762712,9.575,0.0,0.0,0.0,0.0,0.0,0.0,1.0,0.0,0.0,0.0
IA,2023-04-09,0.0015060240963855,32.657563570657416,4.382352941176471,21.01,12.702941176470588,0.0,0.0,0.0,0.0,0.0,0.0,0.0,0.0,0.0,0.0
IA,2023-04-10,0.5355555555555556,45.399415563911056,6.011023622047244,22.3765625,14.19251968503937,0.0,0.0,0.0,0.0,0.0,0.0,4.0,0.0,0.0,0.0
IA,2023-04-11,0.1090651558073654,52.62569905916549,6.688709677419355,24.292,15.481048387096775,5.0,0.0,0.0,0.0,0.0,0.0,2.0,0.0,0.0,0.0
IA,2023-04-12,0.0,45.558768434191,10.163716814159292,27.6,18.881858407079648,1.0,0.0,0.0,0.0,0.0,0.0,2.0,0.0,0.0,0.0
IA,2023-04-13,0.0014326647564469,34.15310864666097,11.486178861788618,29.00325203252033,20.24471544715447,0.0,0.0,0.0,0.0,0.0,0.0,3.0,0.0,0.0,0.0
IA,2023-04-14,0.0214084507042253,42.14500486193052,10.455555555555556,28.37874015748032,19.417857142857144,0.0,0.0,5.0,0.0,0.0,0.0,1.0,0.0,0.0,0.0
IA,2023-04-15,4.240108401084011,71.62998686151626,6.878861788617886,24.159349593495936,15.51910569105691,15.0,0.0,17.0,0.0,2.0,0.0,1.0,0.0,0.0,1.0
IA,2023-04-16,6.935978835978837,88.6509459993571,1.0,10.720338983050848,5.861016949152543,18.0,1.0,3.0,4.0,0.0,0.0,5.0,0.0,0.0,1.0
IA,2023-04-17,2.5825214899713465,56.82666742308507,-0.219047619047619,8.612,4.1912,5.0,0.0,0.0,1.0,0.0,0.0,1.0,0.0,0.0,1.0
IA,2023-04-18,0.1051724137931034,50.65918592760774,-1.221774193548387,14.81904761904762,6.804435483870968,3.0,1.0,7.0,0.0,0.0,0.0,3.0,0.0,0.0,0.0
IA,2023-04-19,4.451918158567775,60.08296859443409,2.6716535433070865,17.637795275590552,10.15472440944882,6.0,0.0,32.0,0.0,3.0,0.0,4.0,0.0,0.0,0.0
IA,2023-04-20,16.286308068459658,83.71157086297359,6.264566929133858,18.253968253968253,12.268650793650792,21.0,0.0,34.0,0.0,6.0,0.0,1.0,0.0,0.0,0.0
IA,2023-04-21,5.654805194805195,70.33869995226306,1.382258064516129,12.970967741935484,7.149186991869919,8.0,0.0,3.0,0.0,1.0,0.0,3.0,0.0,0.0,0.0
IA,2023-04-22,0.2428977272727272,74.47563935634885,-0.6508196721311476,7.435294117647058,3.3957983193277315,11.0,0.0,0.0,6.0,0.0,1.0,3.0,0.0,0.0,0.0
IA,2023-04-23,0.1313725490196078,61.498696721298536,-2.5705882352941174,6.409166666666667,1.9029661016949155,0.0,0.0,1.0,2.0,0.0,0.0,1.0,0.0,0.0,0.0
IA,2023-04-24,0.0447293447293447,51.84800485013044,-3.0572580645161294,10.926829268292684,3.926829268292683,3.0,0.0,0.0,0.0,0.0,0.0,1.0,0.0,0.0,0.0
IA,2023-04-25,0.6178861788617886,60.234963337224734,-0.5568,14.88095238095238,7.1576,2.0,0.0,0.0,0.0,0.0,0.0,0.0,0.0,0.0,0.0
IA,2023-04-26,0.0021978021978021,51.40253456457897,-0.2024,14.83095238095238,7.3096,2.0,0.0,0.0,0.0,0.0,0.0,2.0,0.0,0.0,0.0
IA,2023-04-27,0.0021978021978021,45.87693602628445,2.430708661417323,17.8953125,10.14763779527559,1.0,0.0,0.0,0.0,0.0,0.0,2.0,0.0,0.0,0.0
IA,2023-04-28,0.3504132231404959,56.26809379572656,5.200806451612903,20.61935483870968,12.91008064516129,2.0,0.0,0.0,0.0,0.0,0.0,3.0,0.0,0.0,0.0
IA,2023-04-29,1.0846994535519126,69.78801545356508,2.956451612903226,17.947967479674794,10.452845528455285,9.0,0.0,0.0,0.0,0.0,0.0,1.0,0.0,0.0,0.0
IA,2023-04-30,1.0927613941018766,65.2780216359804,3.128,13.631451612903223,8.376612903225807,1.0,0.0,0.0,1.0,0.0,0.0,0.0,0.0,0.0,0.0
IA,2023-05-01,0.0735537190082644,43.82178924869939,3.4330645161290323,13.450819672131148,8.445081967213115,0.0,0.0,0.0,0.0,0.0,0.0,1.0,0.0,0.0,1.0
IA,2023-05-02,0.0,35.280324254989424,3.072,16.1464,9.6092,0.0,0.0,0.0,0.0,0.0,0.0,1.0,0.0,0.0,0.0
IA,2023-05-03,0.0,32.627531762775945,0.3886178861788618,18.396774193548385,9.4,0.0,0.0,0.0,0.0,0.0,0.0,4.0,0.0,0.0,0.0
IA,2023-05-04,0.0008086253369272,31.494346764855376,2.854032258064516,22.665853658536587,12.769262295081967,0.0,0.0,1.0,0.0,0.0,0.0,6.0,0.0,0.0,0.0
IA,2023-05-05,0.6086021505376343,59.6030060216241,7.747967479674797,25.5744,16.677049180327867,11.0,0.0,2.0,0.0,0.0,0.0,0.0,0.0,0.0,0.0
IA,2023-05-06,9.677696078431373,85.85807395259624,11.994957983193276,21.77833333333333,16.90550847457627,19.0,5.0,17.0,0.0,1.0,0.0,2.0,0.0,0.0,0.0
IA,2023-05-07,3.160263157894737,78.16945527564505,11.979166666666666,24.28099173553719,18.13625,38.0,15.0,24.0,0.0,4.0,0.0,6.0,0.0,0.0,1.0
IA,2023-05-08,18.63798076923077,76.7018733040768,12.501612903225809,26.4352,19.449596774193548,19.0,1.0,31.0,0.0,9.0,0.0,1.0,0.0,0.0,0.0
IA,2023-05-09,2.038860103626943,80.1571673943324,11.792,23.691056910569102,17.73821138211382,19.0,2.0,9.0,0.0,2.0,0.0,4.0,0.0,0.0,0.0
IA,2023-05-10,0.2828418230563003,68.44006327695195,12.11774193548387,23.95737704918033,18.04139344262295,6.0,0.0,2.0,0.0,0.0,0.0,2.0,0.0,0.0,0.0
IA,2023-05-11,0.6618037135278515,66.9277295983868,13.80241935483871,26.843089430894302,20.32235772357724,9.0,0.0,6.0,0.0,0.0,0.0,0.0,0.0,0.0,0.0
IA,2023-05-12,6.812910798122066,87.1360490304209,16.08467741935484,26.2288,21.145967741935483,22.0,0.0,5.0,0.0,1.0,0.0,4.0,0.0,0.0,0.0
IA,2023-05-13,9.695685279187815,85.03173144408515,16.55126050420168,25.14,20.85546218487395,19.0,1.0,22.0,0.0,1.0,0.0,7.0,0.0,0.0,0.0
IA,2023-05-14,8.715803108808291,87.66968518281196,13.523931623931624,23.111016949152543,18.31666666666667,24.0,0.0,1.0,0.0,0.0,0.0,4.0,0.0,0.0,0.0
IA,2023-05-15,5.059895833333333,74.62142436655195,9.952032520325202,18.201652892561984,14.076446280991735,5.0,0.0,0.0,0.0,0.0,0.0,2.0,0.0,0.0,0.0
IA,2023-05-16,0.9319261213720316,60.41454098630341,10.15040650406504,21.13801652892562,15.643388429752063,2.0,0.0,0.0,0.0,0.0,0.0,0.0,0.0,0.0,0.0
IA,2023-05-17,0.0063360881542699,56.16842518844634,10.228099173553716,25.374380165289256,17.80125,0.0,0.0,0.0,0.0,0.0,0.0,0.0,0.0,0.0,0.0
IA,2023-05-18,0.0281420765027322,57.46373997511659,10.66260162601626,25.21074380165289,17.949173553719007,5.0,0.0,0.0,0.0,0.0,0.0,14.0,0.0,0.0,0.0
IA,2023-05-19,1.1036458333333334,59.011633537809885,8.462295081967214,24.20650406504065,16.32603305785124,8.0,0.0,3.0,0.0,0.0,0.0,13.0,0.0,0.0,0.0
IA,2023-05-20,0.0,58.62597984735815,5.151239669421488,18.837288135593223,11.977777777777778,1.0,0.0,0.0,0.0,0.0,0.0,3.0,0.0,0.0,0.0
IA,2023-05-21,0.0,50.436721280094105,6.815126050420168,23.408474576271185,15.103846153846153,1.0,0.0,0.0,0.0,0.0,0.0,3.0,0.0,0.0,0.0
IA,2023-05-22,0.0,50.11870907448378,9.490983606557378,25.99349593495935,17.748770491803278,0.0,0.0,0.0,0.0,0.0,0.0,3.0,0.0,0.0,0.0
IA,2023-05-23,0.0,48.81902176699019,10.759016393442622,26.97235772357724,18.88073770491803,0.0,0.0,0.0,0.0,0.0,0.0,4.0,0.0,0.0,0.0
IA,2023-05-24,0.0,47.51865711549589,11.417073170731706,28.26747967479675,19.842276422764225,1.0,0.0,0.0,0.0,0.0,0.0,4.0,0.0,0.0,0.0
IA,2023-05-25,0.1147849462365591,47.24285882069453,12.020661157024794,27.91951219512195,19.985123966942147,1.0,0.0,2.0,0.0,0.0,0.0,0.0,0.0,0.0,0.0
IA,2023-05-26,0.1553475935828877,35.28630586582966,8.273170731707317,25.49344262295082,16.93801652892562,0.0,0.0,1.0,0.0,0.0,0.0,2.0,0.0,0.0,0.0
IA,2023-05-27,0.0,31.8923818841442,7.627868852459017,25.89508196721312,16.78099173553719,0.0,0.0,0.0,0.0,0.0,0.0,1.0,0.0,0.0,0.0
IA,2023-05-28,0.0,36.43412110222295,9.658823529411766,27.23,18.452118644067795,0.0,0.0,0.0,0.0,0.0,0.0,3.0,0.0,0.0,0.0
IA,2023-05-29,0.3221621621621621,42.366268082963416,11.97107438016529,28.471544715447155,20.233884297520664,0.0,0.0,3.0,0.0,0.0,0.0,2.0,0.0,0.0,0.0
IA,2023-05-30,0.7574123989218329,49.43978732435456,14.620661157024792,30.015447154471545,22.328333333333333,2.0,0.0,6.0,0.0,0.0,0.0,3.0,0.0,0.0,0.0
IA,2023-05-31,3.717302798982188,60.455878376372425,15.543902439024391,31.040983606557376,23.303688524590164,0.0,0.0,7.0,0.0,1.0,0.0,1.0,0.0,0.0,0.0
IA,2023-06-01,4.02025,72.61589669059008,16.75378151260504,30.34380165289256,23.54453781512605,5.0,0.0,8.0,0.0,1.0,0.0,3.0,0.0,0.0,0.0
IA,2023-06-02,5.6784653465346535,71.05068690756138,18.1175,29.55546218487395,23.84243697478992,8.0,0.0,21.0,0.0,0.0,0.0,4.0,0.0,0.0,0.0
IA,2023-06-03,2.9046753246753245,62.55295764389292,17.27457627118644,31.37542372881356,24.325,7.0,0.0,7.0,0.0,1.0,0.0,2.0,0.0,0.0,0.0
IA,2023-06-04,0.5933333333333334,55.870845396101984,16.9864406779661,31.650420168067228,24.3135593220339,2.0,0.0,12.0,0.0,0.0,0.0,4.0,0.0,0.0,0.0
IA,2023-06-05,1.404461942257218,59.82283060433308,15.0,31.10081967213115,23.06393442622951,9.0,0.0,7.0,0.0,0.0,0.0,11.0,0.0,0.0,0.0
IA,2023-06-06,0.2364116094986807,56.926894912967,15.429508196721311,30.5,22.984710743801653,15.0,0.0,10.0,0.0,0.0,0.0,14.0,0.0,0.0,0.0
IA,2023-06-07,2.128678304239401,69.05076760347877,16.481147540983606,29.88512396694215,23.19708333333333,20.0,0.0,6.0,0.0,0.0,0.0,14.0,0.0,0.0,0.0
IA,2023-06-08,2.414861460957179,58.698183107300736,13.895967741935484,27.02439024390244,20.4760162601626,6.0,0.0,6.0,0.0,1.0,0.0,2.0,0.0,0.0,0.0
IA,2023-06-09,1.0560526315789474,53.28058402033355,11.25983606557377,25.294214876033056,18.27314049586777,5.0,0.0,2.0,0.0,0.0,0.0,4.0,0.0,0.0,0.0
IA,2023-06-10,1.03048128342246,58.68153536481979,13.501680672268908,26.084745762711865,19.796186440677964,7.0,0.0,5.0,0.0,0.0,0.0,3.0,0.0,0.0,0.0
IA,2023-06-11,4.418382352941177,77.49117391434427,12.7875,24.6404958677686,18.721666666666668,9.0,0.0,4.0,0.0,0.0,0.0,1.0,0.0,0.0,0.0
IA,2023-06-12,0.1711229946524064,55.66359010943727,6.587096774193548,21.52950819672131,14.064754098360655,5.0,1.0,0.0,0.0,0.0,0.0,2.0,0.0,0.0,0.0
IA,2023-06-13,0.2434210526315789,47.52563380848344,10.4875,25.77083333333333,18.12521008403361,1.0,0.0,0.0,0.0,0.0,0.0,2.0,0.0,0.0,0.0
IA,2023-06-14,0.0061170212765957,46.81087965673689,13.292622950819672,29.01157024793389,21.15206611570248,1.0,0.0,0.0,0.0,0.0,0.0,5.0,0.0,0.0,0.0
IA,2023-06-15,0.0,52.53962615275768,13.790756302521007,30.321666666666665,22.06932773109244,9.0,0.0,0.0,0.0,0.0,0.0,17.0,0.0,0.0,0.0
IA,2023-06-16,0.0,59.327153226040046,12.175409836065574,29.21074380165289,20.70909090909091,1.0,0.0,0.0,0.0,0.0,0.0,10.0,0.0,0.0,0.0
IA,2023-06-17,0.521259842519685,64.648519388368,13.070833333333333,27.109322033898305,20.097457627118644,13.0,0.0,11.0,0.0,0.0,0.0,6.0,0.0,0.0,0.0
IA,2023-06-18,12.993835616438355,77.90089591053209,15.29504132231405,27.845,21.59208333333333,20.0,0.0,19.0,0.0,0.0,0.0,5.0,0.0,0.0,0.0
IA,2023-06-19,2.9269035532994927,70.84553794342625,15.74672131147541,28.25491803278689,22.00826446280992,26.0,4.0,4.0,0.0,0.0,0.0,6.0,0.0,0.0,0.0
IA,2023-06-20,0.0,57.48405907642263,16.49344262295082,31.0188524590164,23.756147540983605,2.0,0.0,0.0,0.0,0.0,0.0,6.0,0.0,0.0,0.0
IA,2023-06-21,0.0,58.75885728969615,16.10650406504065,30.840983606557376,23.482786885245904,1.0,0.0,0.0,0.0,0.0,0.0,5.0,0.0,0.0,0.0
IA,2023-06-22,0.0,58.88270705889818,16.563709677419357,31.26129032258065,23.9125,5.0,0.0,0.0,0.0,0.0,0.0,10.0,0.0,0.0,0.0
IA,2023-06-23,0.0,55.97354464791631,16.0464,31.7336,23.881048387096776,7.0,0.0,1.0,0.0,0.0,0.0,6.0,0.0,0.0,0.0
IA,2023-06-24,3.081218274111675,66.28362345130084,17.091056910569105,31.471544715447155,24.28130081300813,16.0,2.0,25.0,0.0,1.0,0.0,6.0,0.0,1.0,1.0
IA,2023-06-25,15.401168224299065,76.08813774721695,17.123770491803278,28.58032786885246,22.852049180327867,15.0,0.0,18.0,0.0,3.0,0.0,6.0,0.0,0.0,2.0
IA,2023-06-26,1.29625,74.34472374389716,16.14876033057851,25.24333333333333,20.69747899159664,4.0,0.0,0.0,0.0,0.0,0.0,5.0,0.0,0.0,0.0
IA,2023-06-27,0.1102564102564102,67.10510732387,13.688617886178864,26.5872,20.153252032520324,22.0,1.0,3.0,0.0,0.0,0.0,19.0,0.0,0.0,0.0
IA,2023-06-28,1.8259615384615384,70.65520450973129,15.991056910569108,28.521774193548385,22.250406504065044,21.0,0.0,27.0,0.0,0.0,0.0,18.0,0.0,0.0,0.0
IA,2023-06-29,1.528463476070529,79.29249837237784,18.339837398373984,29.89672131147541,24.11844262295082,20.0,4.0,13.0,0.0,0.0,0.0,18.0,0.0,0.0,0.0
IA,2023-06-30,8.219999999999999,83.06603459661845,18.326400000000003,30.0024,24.1644,20.0,7.0,23.0,0.0,0.0,0.0,5.0,0.0,0.0,1.0
IA,2023-07-01,8.698992443324936,86.77664479721223,18.77016129032258,28.029032258064515,23.39959677419355,17.0,0.0,11.0,0.0,0.0,0.0,2.0,0.0,0.0,0.0
IA,2023-07-02,10.682412060301507,78.09894471983151,17.799159663865545,27.43220338983051,22.61452991452992,14.0,0.0,11.0,0.0,0.0,0.0,3.0,0.0,0.0,0.0
IA,2023-07-03,1.3083333333333331,71.64652853955137,17.153781512605043,30.250833333333333,23.715126050420167,12.0,0.0,5.0,0.0,1.0,0.0,4.0,0.0,0.0,0.0
IA,2023-07-04,2.28860103626943,73.88892437249967,18.62,31.52276422764228,25.07208333333333,12.0,0.0,13.0,0.0,0.0,0.0,3.0,0.0,0.0,0.0
IA,2023-07-05,3.840920716112532,80.65588373116962,18.271311475409835,29.768032786885243,23.992083333333333,11.0,1.0,13.0,0.0,1.0,0.0,2.0,0.0,0.0,2.0
IA,2023-07-06,1.2024064171122997,68.1509145369362,12.257142857142856,25.309166666666663,18.76483050847457,1.0,0.0,0.0,0.0,0.0,0.0,0.0,0.0,0.0,0.0
IA,2023-07-07,0.5588555858310627,77.0352923138306,10.702608695652174,23.249565217391304,16.983771929824563,15.0,0.0,4.0,0.0,0.0,0.0,1.0,0.0,0.0,0.0
IA,2023-07-08,6.280917874396136,78.40707195535789,11.3725,22.078333333333333,16.725416666666668,13.0,3.0,5.0,0.0,0.0,0.0,2.0,0.0,0.0,0.0
IA,2023-07-09,0.0021563342318059,66.19154065883262,11.474380165289256,25.671074380165287,18.57272727272728,3.0,0.0,1.0,0.0,0.0,0.0,1.0,0.0,0.0,0.0
IA,2023-07-10,0.2185983827493261,69.27830632462532,13.638211382113822,28.22049180327869,20.919262295081968,4.0,0.0,8.0,0.0,0.0,0.0,3.0,0.0,0.0,0.0
IA,2023-07-11,1.0848329048843188,73.45135887058477,16.341803278688523,29.96639344262295,23.15,2.0,0.0,10.0,0.0,0.0,0.0,2.0,0.0,0.0,0.0
IA,2023-07-12,16.141743119266057,81.1784587022638,16.624603174603173,28.1264,22.3776,19.0,2.0,42.0,0.0,0.0,0.0,2.0,0.0,0.0,3.0
IA,2023-07-13,14.204449648711943,83.71869364295766,15.98709677419355,27.46451612903226,21.737398373983737,27.0,6.0,23.0,0.0,0.0,0.0,4.0,0.0,0.0,2.0
IA,2023-07-14,3.1188144329896903,83.3358882840618,17.403200000000002,29.1272,23.273790322580645,10.0,1.0,19.0,0.0,1.0,0.0,1.0,0.0,0.0,0.0
IA,2023-07-15,2.8994805194805195,78.89453546061617,16.778512396694214,28.67377049180328,22.71818181818182,20.0,0.0,12.0,0.0,2.0,0.0,19.0,0.0,0.0,0.0
IA,2023-07-16,0.1338842975206611,78.34649165431526,15.4825,27.5425,21.5125,22.0,3.0,2.0,0.0,0.0,0.0,18.0,0.0,0.0,0.0
IA,2023-07-17,0.913031914893617,76.6051736202717,14.1096,26.02777777777778,20.064,17.0,0.0,9.0,0.0,2.0,0.0,12.0,0.0,0.0,0.0
IA,2023-07-18,1.6383631713554987,74.54732518950885,12.80655737704918,24.508943089430893,18.66280991735537,3.0,0.0,2.0,0.0,0.0,0.0,0.0,0.0,0.0,0.0
IA,2023-07-19,0.1179419525065963,78.58500373574572,14.148,26.320634920634923,20.2328,4.0,0.0,0.0,0.0,0.0,0.0,3.0,0.0,0.0,0.0
IA,2023-07-20,0.0239892183288409,76.49034496810484,16.056,27.8984,21.9772,13.0,0.0,0.0,0.0,0.0,0.0,1.0,0.0,0.0,0.0
IA,2023-07-21,0.0067934782608695,71.34431585985097,13.788709677419355,27.0744,20.43306451612903,8.0,0.0,1.0,0.0,0.0,0.0,4.0,0.0,0.0,0.0
IA,2023-07-22,0.403021978021978,72.8170179276826,13.939166666666669,27.662295081967216,20.80666666666667,9.0,1.0,9.0,0.0,0.0,0.0,3.0,0.0,0.0,0.0
IA,2023-07-23,1.464516129032258,72.9214027247795,15.145,29.512396694214875,22.33375,11.0,1.0,12.0,0.0,1.0,0.0,2.0,0.0,0.0,0.0
IA,2023-07-24,0.7473262032085561,73.12942570630017,15.66910569105691,30.15609756097561,22.93196721311476,21.0,2.0,6.0,0.0,0.0,0.0,12.0,0.0,0.0,1.0
IA,2023-07-25,0.031367292225201,78.80694880191051,17.581147540983608,31.34715447154472,24.47418032786885,14.0,0.0,3.0,0.0,0.0,0.0,9.0,0.0,0.0,0.0
IA,2023-07-26,0.5603092783505155,79.42619385144431,20.56311475409836,32.05365853658537,26.31434426229508,19.0,0.0,12.0,0.0,1.0,0.0,2.0,0.0,0.0,0.0
IA,2023-07-27,0.5346456692913385,83.66947985197959,20.73333333333333,33.729838709677416,27.239837398373982,21.0,3.0,9.0,0.0,0.0,0.0,1.0,0.0,0.0,0.0
IA,2023-07-28,1.3415143603133155,79.06319093752694,21.625619834710744,33.168292682926825,27.411570247933884,18.0,2.0,17.0,0.0,0.0,0.0,6.0,0.0,0.0,2.0
IA,2023-07-29,5.144473007712082,79.2125163170515,18.92049180327869,33.24715447154472,26.081147540983608,9.0,1.0,15.0,0.0,0.0,0.0,2.0,0.0,0.0,3.0
IA,2023-07-30,0.1268698060941828,72.86463200359708,16.218852459016393,29.2425,22.72,2.0,0.0,2.0,0.0,0.0,0.0,1.0,0.0,0.0,0.0
IA,2023-07-31,1.0682666666666665,76.10411979214808,16.574166666666667,29.221487603305786,22.892083333333336,3.0,0.0,5.0,0.0,0.0,0.0,0.0,0.0,0.0,0.0
IA,2023-08-01,0.3627249357326478,77.88441491493349,17.131451612903227,28.9696,23.06910569105691,4.0,0.0,4.0,0.0,0.0,0.0,2.0,0.0,0.0,0.0
IA,2023-08-02,7.517675544794189,87.73543720333682,18.688,28.56746031746032,23.6288,16.0,4.0,10.0,0.0,0.0,0.0,1.0,0.0,0.0,0.0
IA,2023-08-03,4.989189189189189,88.00919870728677,18.725806451612904,27.0736,22.899193548387096,41.0,17.0,5.0,0.0,0.0,0.0,3.0,0.0,0.0,0.0
IA,2023-08-04,0.2176315789473684,83.78102269106947,18.04758064516129,29.1576,23.5991935483871,30.0,7.0,5.0,0.0,0.0,0.0,2.0,0.0,0.0,0.0
IA,2023-08-05,10.12923076923077,79.59107191007274,18.450413223140497,29.45447154471545,23.93388429752066,15.0,0.0,9.0,0.0,0.0,0.0,1.0,0.0,0.0,0.0
IA,2023-08-06,15.35780487804878,90.19864568711976,17.580165289256197,26.90737704918033,22.251666666666665,24.0,1.0,14.0,0.0,1.0,0.0,5.0,0.0,0.0,0.0
IA,2023-08-07,14.85981308411215,84.29361642587929,16.627777777777776,24.204761904761902,20.41626984126984,21.0,1.0,1.0,0.0,0.0,0.0,3.0,0.0,0.0,0.0
IA,2023-08-08,0.3437017994858611,78.56358297315363,15.40983606557377,27.03306451612903,21.226639344262296,24.0,1.0,6.0,0.0,0.0,0.0,3.0,0.0,0.0,0.0
IA,2023-08-09,3.840533980582524,86.91872850169806,15.69349593495935,27.2758064516129,21.483606557377048,21.0,5.0,10.0,0.0,0.0,0.0,4.0,0.0,0.0,0.0
IA,2023-08-10,2.101275510204082,82.80260387999662,15.553225806451612,26.8696,21.203225806451613,30.0,8.0,4.0,0.0,0.0,0.0,2.0,0.0,0.0,0.0
IA,2023-08-11,12.40870588235294,79.53163917476928,16.88780487804878,29.6483870967742,23.271138211382112,22.0,0.0,32.0,0.0,0.0,0.0,0.0,0.0,0.0,0.0
IA,2023-08-12,1.3333333333333333,72.08860014846653,16.82704918032787,30.60487804878049,23.72295081967213,3.0,1.0,6.0,0.0,0.0,0.0,0.0,0.0,0.0,0.0
IA,2023-08-13,2.7267532467532467,84.65068384099338,16.31487603305785,28.20650406504065,22.24834710743802,8.0,0.0,5.0,0.0,0.0,0.0,1.0,0.0,0.0,0.0
IA,2023-08-14,4.4820638820638825,87.50075794695509,15.5136,23.61825396825397,19.5672,19.0,1.0,4.0,0.0,0.0,0.0,2.0,0.0,0.0,0.0
IA,2023-08-15,2.6731155778894475,76.31429902906477,12.379032258064516,23.34523809523809,17.828629032258064,6.0,0.0,6.0,0.0,0.0,0.0,1.0,0.0,0.0,0.0
IA,2023-08-16,0.0007853403141361,76.49724231408644,12.521138211382112,26.1936507936508,19.37439024390244,1.0,0.0,2.0,0.0,0.0,0.0,0.0,0.0,0.0,0.0
IA,2023-08-17,0.0448548812664907,68.35138730975953,14.106349206349208,27.364,20.7428,3.0,0.0,3.0,0.0,0.0,0.0,3.0,0.0,0.0,0.0
IA,2023-08-18,0.0,73.87602645125284,10.7016,25.0648,17.89516129032258,19.0,5.0,0.0,0.0,0.0,0.0,0.0,0.0,0.0,0.0
IA,2023-08-19,0.0,78.3159045432236,13.56639344262295,27.910569105691057,20.74795081967213,3.0,0.0,1.0,0.0,0.0,0.0,1.0,0.0,0.0,0.0
IA,2023-08-20,0.0048387096774193,84.10241339719563,19.135,32.51639344262295,25.8375,17.0,1.0,0.0,0.0,0.0,0.0,1.0,0.0,0.0,0.0
IA,2023-08-21,0.0,82.65956932548659,20.273333333333333,32.35655737704918,26.31583333333333,12.0,1.0,0.0,0.0,0.0,0.0,2.0,0.0,0.0,0.0
IA,2023-08-22,0.0007832898172323,84.28367214286426,20.649586776859504,33.443548387096776,27.08264462809917,26.0,2.0,0.0,0.0,0.0,0.0,7.0,0.0,0.0,0.0
IA,2023-08-23,0.0,80.35219565678491,22.97235772357724,35.3808,29.19552845528456,32.0,3.0,0.0,0.0,0.0,0.0,7.0,0.0,0.0,0.0
IA,2023-08-24,0.0,74.22479980309814,24.11951219512195,36.592,30.35487804878049,11.0,0.0,0.0,0.0,0.0,0.0,3.0,0.0,0.0,0.0
IA,2023-08-25,2.670558375634518,80.77136411114974,21.641803278688528,34.8390243902439,28.229338842975206,16.0,0.0,16.0,0.0,0.0,0.0,1.0,0.0,0.0,0.0
IA,2023-08-26,1.4616751269035533,76.7681593922124,17.565573770491802,30.780327868852456,24.17295081967213,3.0,0.0,5.0,0.0,0.0,0.0,1.0,0.0,0.0,0.0
IA,2023-08-27,0.0263157894736842,75.77485483629752,12.993388429752066,26.691803278688525,19.84256198347107,5.0,1.0,0.0,0.0,0.0,0.0,1.0,0.0,0.0,0.0
IA,2023-08-28,0.0007936507936507,73.16676334075594,12.615447154471545,26.60983606557377,19.60737704918033,5.0,0.0,1.0,0.0,0.0,0.0,1.0,0.0,0.0,0.0
IA,2023-08-29,0.0041994750656167,70.75910201597537,14.287704918032786,28.915702479338844,21.6103305785124,7.0,0.0,0.0,0.0,0.0,0.0,4.0,0.0,0.0,0.0
IA,2023-08-30,0.0,69.29063878630112,13.458870967741936,28.5904,21.0258064516129,10.0,0.0,0.0,0.0,0.0,0.0,7.0,0.0,0.0,0.0
IA,2023-08-31,0.0,66.83253103362506,11.482786885245902,27.25,19.394262295081965,2.0,1.0,0.0,0.0,0.0,0.0,0.0,0.0,0.0,0.0
IA,2023-09-01,0.0,63.83049852472952,11.973387096774196,27.66829268292683,19.835772357723577,0.0,0.0,0.0,0.0,0.0,0.0,1.0,0.0,0.0,0.0
IA,2023-09-02,0.0,62.40215010254877,13.734166666666663,31.27,22.50208333333333,0.0,0.0,0.0,0.0,0.0,0.0,2.0,0.0,0.0,0.0
IA,2023-09-03,0.0,56.513187232847685,16.031147540983607,34.331707317073175,25.183196721311475,0.0,0.0,0.0,0.0,0.0,0.0,1.0,0.0,0.0,0.0
IA,2023-09-04,0.0,61.99774319706022,18.057258064516127,34.8352,26.447983870967743,2.0,0.0,0.0,0.0,0.0,0.0,0.0,0.0,0.0,0.0
IA,2023-09-05,0.1961038961038961,67.09772482342952,20.00241935483871,33.9616,26.98467741935484,2.0,0.0,11.0,0.0,0.0,0.0,5.0,0.0,0.0,0.0
IA,2023-09-06,1.7663341645885289,75.5105171523236,15.8656,29.4128,22.6392,17.0,0.0,7.0,0.0,0.0,0.0,16.0,0.0,0.0,0.0
IA,2023-09-07,0.0359375,71.43438162471477,10.4768,22.93387096774193,16.68266129032258,17.0,1.0,1.0,0.0,0.0,0.0,6.0,0.0,0.0,0.0
IA,2023-09-08,0.1158311345646437,66.40790309982809,9.677685950413224,24.66198347107438,17.169834710743803,2.0,0.0,2.0,0.0,0.0,0.0,4.0,0.0,0.0,0.0
IA,2023-09-09,0.0198924731182795,67.30228144558605,10.258677685950412,26.700819672131143,18.489256198347107,14.0,2.0,1.0,0.0,0.0,0.0,2.0,0.0,0.0,0.0
IA,2023-09-10,0.5378947368421053,76.38496772310368,11.954471544715448,26.7260162601626,19.340243902439024,20.0,3.0,6.0,0.0,0.0,0.0,4.0,0.0,0.0,0.0
IA,2023-09-11,12.140459770114944,81.19044138900314,12.692800000000002,23.76746031746032,18.212,20.0,2.0,2.0,0.0,0.0,0.0,1.0,0.0,0.0,0.0
IA,2023-09-12,2.1515384615384616,70.16841237792778,8.765322580645162,22.780645161290323,15.77298387096774,11.0,2.0,8.0,0.0,2.0,0.0,2.0,0.0,0.0,0.0
IA,2023-09-13,0.9675191815856776,67.80514837857139,8.406451612903227,23.875806451612902,16.141129032258064,17.0,4.0,1.0,0.0,0.0,0.0,3.0,0.0,0.0,0.0
IA,2023-09-14,0.0433070866141732,60.02906010041334,8.868852459016393,24.9,16.875,2.0,0.0,0.0,0.0,0.0,0.0,2.0,0.0,0.0,0.0
IA,2023-09-15,0.3552356020942408,64.17333720454319,11.178048780487806,26.11219512195122,18.64512195121951,9.0,2.0,1.0,0.0,0.0,0.0,2.0,0.0,0.0,0.0
IA,2023-09-16,1.9176315789473688,75.9483964773528,11.588524590163932,24.611475409836064,18.1,29.0,9.0,13.0,0.0,1.0,0.0,9.0,0.0,0.0,0.0
IA,2023-09-17,3.156743002544529,70.45636653334651,9.189344262295082,24.19344262295082,16.69139344262295,21.0,2.0,2.0,0.0,4.0,0.0,6.0,0.0,0.0,0.0
IA,2023-09-18,0.013031914893617,64.16483233799971,7.534146341463415,24.34016393442623,15.948347107438016,12.0,1.0,7.0,0.0,0.0,0.0,3.0,0.0,0.0,0.0
IA,2023-09-19,3.742130750605327,66.30696605817693,10.231451612903228,26.526612903225807,18.37903225806452,10.0,0.0,18.0,0.0,0.0,0.0,0.0,0.0,0.0,0.0
IA,2023-09-20,6.935817307692307,78.35621237994752,14.096800000000002,26.4656,20.2812,9.0,0.0,9.0,0.0,0.0,0.0,2.0,0.0,0.0,0.0
IA,2023-09-21,0.6447916666666667,75.94081063086922,12.954471544715448,26.333870967741937,19.633739837398373,27.0,8.0,3.0,0.0,0.0,0.0,3.0,0.0,0.0,0.0
IA,2023-09-22,1.21159793814433,87.7193784039251,13.973983739837395,24.726612903225806,19.342276422764225,24.0,1.0,9.0,0.0,0.0,0.0,4.0,0.0,0.0,0.0
IA,2023-09-23,9.602179176755447,85.70609126507506,16.440833333333334,23.308196721311475,19.883750000000003,19.0,2.0,12.0,0.0,0.0,0.0,0.0,0.0,0.0,0.0
IA,2023-09-24,5.84937343358396,74.19410734122205,15.0375,25.298347107438016,20.184453781512605,18.0,5.0,15.0,0.0,1.0,0.0,2.0,0.0,0.0,1.0
IA,2023-09-25,1.2327077747989277,73.99785350588441,12.525,25.70495867768595,19.13361344537816,20.0,4.0,3.0,0.0,0.0,0.0,3.0,0.0,0.0,0.0
IA,2023-09-26,2.0676844783715014,80.23453651388841,12.385245901639344,24.615447154471543,18.50495867768595,31.0,5.0,12.0,0.0,0.0,0.0,3.0,0.0,0.0,0.0
IA,2023-09-27,1.479123711340206,82.91963143111481,12.21935483870968,23.11209677419355,17.66951219512195,34.0,6.0,2.0,0.0,0.0,0.0,2.0,0.0,0.0,0.0
IA,2023-09-28,0.1063157894736842,80.772550729897,12.285365853658536,23.497560975609755,17.906147540983607,33.0,7.0,0.0,0.0,0.0,0.0,4.0,0.0,0.0,0.0
IA,2023-09-29,0.003475935828877,68.15539599917167,13.356910569105692,26.595081967213115,19.96475409836065,7.0,0.0,1.0,0.0,0.0,0.0,1.0,0.0,0.0,0.0
IA,2023-09-30,0.0414893617021276,59.36163885353883,16.51818181818182,31.99590163934426,24.25371900826446,1.0,0.0,0.0,0.0,0.0,0.0,1.0,0.0,0.0,0.0
IA,2023-10-01,0.0093833780160857,56.04581467517223,17.30168067226891,33.023529411764706,25.162605042016807,1.0,0.0,1.0,0.0,0.0,0.0,0.0,0.0,0.0,0.0
IA,2023-10-02,0.0,55.590501947087176,15.15121951219512,32.18455284552845,23.66788617886179,1.0,0.0,0.0,0.0,0.0,0.0,0.0,0.0,0.0,0.0
IA,2023-10-03,0.1730158730158729,59.06868942176976,15.25967741935484,30.71370967741936,22.98669354838709,5.0,0.0,8.0,0.0,0.0,0.0,2.0,0.0,0.0,0.0
IA,2023-10-04,5.643735224586289,68.9442721345998,14.285483870967743,27.678048780487806,20.97439024390244,1.0,0.0,5.0,0.0,0.0,0.0,2.0,0.0,0.0,0.0
IA,2023-10-05,0.0335135135135135,63.10708829703973,8.264462809917354,23.275630252100843,15.769327731092435,6.0,0.0,0.0,0.0,0.0,0.0,2.0,0.0,0.0,0.0
IA,2023-10-06,0.4498694516971279,60.66844715919606,5.722950819672132,19.692622950819672,12.7077868852459,6.0,0.0,1.0,0.0,0.0,0.0,2.0,0.0,0.0,0.0
IA,2023-10-07,1.048793565683646,65.34531778705191,2.876923076923077,12.888695652173912,7.864347826086957,0.0,0.0,0.0,0.0,0.0,0.0,5.0,0.0,0.0,0.0
IA,2023-10-08,0.0063360881542699,55.936811066923774,3.6338983050847458,16.514529914529916,10.068376068376068,1.0,0.0,0.0,0.0,0.0,0.0,3.0,0.0,0.0,0.0
IA,2023-10-09,0.0024324324324324,59.28308514558534,1.9532786885245903,18.860833333333336,10.4,3.0,0.0,0.0,0.0,0.0,0.0,2.0,0.0,0.0,0.0
IA,2023-10-10,0.0,60.57260736923489,-0.1619834710743802,16.404999999999998,8.125416666666668,4.0,1.0,0.0,0.0,0.0,0.0,5.0,0.0,0.0,0.0
IA,2023-10-11,0.7643979057591623,65.74019863098296,0.6333333333333333,17.949180327868852,9.292916666666668,9.0,0.0,15.0,0.0,2.0,0.0,2.0,0.0,0.0,0.0
IA,2023-10-12,12.229326923076922,85.50266197958184,6.649166666666667,17.509090909090908,12.085,18.0,0.0,13.0,0.0,0.0,0.0,1.0,0.0,0.0,0.0
IA,2023-10-13,18.48183962264151,89.85749776654758,9.979338842975206,16.091735537190083,13.035537190082644,19.0,1.0,18.0,0.0,0.0,0.0,0.0,0.0,0.0,1.0
IA,2023-10-14,15.05320197044335,90.43328262204749,8.4991452991453,14.364347826086956,11.418695652173914,21.0,0.0,0.0,0.0,0.0,0.0,0.0,0.0,0.0,0.0
IA,2023-10-15,0.2612466124661247,79.20196780493126,6.270940170940172,12.21025641025641,9.24059829059829,2.0,0.0,0.0,0.0,0.0,0.0,0.0,0.0,0.0,0.0
IA,2023-10-16,0.0435967302452316,75.42547906219811,2.966666666666667,13.46611570247934,8.22375,4.0,0.0,0.0,0.0,0.0,0.0,3.0,0.0,0.0,0.0
IA,2023-10-17,0.0008064516129032,69.4827127190243,0.8616666666666667,17.2,9.047083333333337,14.0,2.0,0.0,0.0,0.0,0.0,3.0,0.0,0.0,0.0
IA,2023-10-18,0.0826666666666666,64.32225303860044,3.482644628099173,19.627868852459017,11.551239669421488,7.0,0.0,0.0,0.0,0.0,0.0,1.0,0.0,0.0,0.0
IA,2023-10-19,1.4484615384615385,82.89894774440819,7.9860655737704915,17.699180327868852,12.842622950819672,19.0,2.0,0.0,0.0,0.0,0.0,3.0,0.0,0.0,0.0
IA,2023-10-20,0.1803191489361702,69.74016826039453,4.729752066115702,18.49256198347108,11.611157024793387,16.0,1.0,0.0,0.0,0.0,0.0,3.0,0.0,0.0,0.0
IA,2023-10-21,0.009090909090909,57.97099203602794,4.899152542372882,21.27899159663865,13.103813559322036,1.0,0.0,0.0,0.0,0.0,0.0,0.0,0.0,0.0,0.0
IA,2023-10-22,0.0102209944751381,70.36720373509921,1.497457627118644,18.412605042016807,9.964830508474575,13.0,2.0,1.0,0.0,0.0,0.0,1.0,0.0,0.0,0.0
IA,2023-10-23,1.879373368146214,66.79738256045886,3.946610169491525,19.15206611570248,11.583050847457626,5.0,0.0,15.0,0.0,0.0,0.0,0.0,0.0,0.0,0.0
IA,2023-10-24,0.2713527851458885,74.96210413712204,11.230252100840335,24.288235294117648,17.7614406779661,8.0,0.0,7.0,0.0,0.0,0.0,0.0,0.0,0.0,0.0
IA,2023-10-25,2.896741854636592,89.59901562223179,13.576521739130436,22.534745762711864,18.008695652173913,28.0,2.0,2.0,0.0,0.0,0.0,0.0,0.0,0.0,0.0
IA,2023-10-26,12.293509615384616,96.0877377000199,13.796610169491526,18.466101694915253,16.12948717948718,29.0,3.0,6.0,0.0,0.0,0.0,0.0,0.0,0.0,0.0
IA,2023-10-27,10.8142144638404,89.62558015304032,5.336206896551724,18.74201680672269,12.032327586206897,22.0,1.0,5.0,0.0,0.0,0.0,0.0,0.0,0.0,0.0
IA,2023-10-28,0.3020114942528735,79.00277725843051,-1.6535087719298245,6.754054054054055,2.5405405405405403,6.0,1.0,0.0,0.0,0.0,0.0,0.0,0.0,0.0,0.0
IA,2023-10-29,0.5584302325581395,78.21146333248348,-1.8849557522123888,2.6437500000000003,0.3683035714285714,2.0,0.0,0.0,0.0,0.0,0.0,1.0,0.0,0.0,0.0
IA,2023-10-30,0.0060518731988472,66.21895216803934,-5.142016806722689,2.9975,-1.0714285714285714,1.0,0.0,0.0,0.0,0.0,0.0,0.0,0.0,0.0,0.0
IA,2023-10-31,0.008169014084507,63.40751857065433,-5.22542372881356,3.5211864406779663,-0.8521186440677966,2.0,0.0,0.0,0.0,0.0,0.0,0.0,0.0,0.0,0.0
IA,2023-11-01,0.0141689373297002,63.062988610019694,-7.345833333333333,3.481666666666667,-1.9320833333333327,0.0,0.0,0.0,0.0,0.0,0.0,0.0,0.0,0.0,0.0
IA,2023-11-02,0.0,59.48029562468527,-5.490082644628099,9.461666666666668,1.97,2.0,0.0,0.0,0.0,0.0,0.0,2.0,0.0,0.0,0.0
IA,2023-11-03,0.0013812154696132,60.54523199114366,-1.4454545454545455,13.572131147540984,6.06198347107438,0.0,0.0,0.0,0.0,0.0,0.0,3.0,0.0,0.0,0.0
IA,2023-11-04,0.0102493074792243,71.51142020926599,-0.5857142857142857,13.777118644067796,6.595762711864406,21.0,0.0,0.0,0.0,0.0,0.0,12.0,0.0,0.0,0.0
IA,2023-11-05,0.0,70.01202129759662,-0.3864406779661017,15.533613445378151,7.594491525423728,11.0,1.0,0.0,0.0,0.0,0.0,3.0,0.0,0.0,0.0
IA,2023-11-06,0.0016438356164383,65.03363479256902,3.66218487394958,18.21404958677686,10.980508474576272,2.0,0.0,0.0,0.0,0.0,0.0,2.0,0.0,0.0,0.0
IA,2023-11-07,0.0008219178082191,72.67101167763347,2.216260162601626,17.960655737704915,10.10204918032787,6.0,0.0,0.0,0.0,0.0,0.0,3.0,0.0,0.0,0.0
IA,2023-11-08,0.0719676549865229,73.8161901588413,3.451219512195122,14.65040650406504,9.05081300813008,8.0,1.0,0.0,0.0,0.0,0.0,3.0,0.0,0.0,0.0
IA,2023-11-09,0.1766129032258064,58.30735123946138,-1.172,14.1136,6.4708000000000006,1.0,0.0,0.0,0.0,0.0,0.0,2.0,0.0,0.0,0.0
IA,2023-11-10,0.0,62.95320839113719,-2.6944,11.964516129032257,4.624193548387097,1.0,0.0,0.0,0.0,0.0,0.0,1.0,0.0,0.0,0.0
IA,2023-11-11,0.0,67.30092503770737,-3.1852459016393446,8.208264462809918,2.5214876033057854,4.0,0.0,0.0,0.0,0.0,0.0,1.0,0.0,0.0,0.0
IA,2023-11-12,0.0,53.0290843096713,0.6459016393442623,12.912295081967212,6.779098360655738,0.0,0.0,0.0,0.0,0.0,0.0,2.0,0.0,0.0,0.0
IA,2023-11-13,0.0013623978201634,50.75220972616836,-0.872,17.5984,8.3632,2.0,0.0,0.0,0.0,0.0,0.0,8.0,0.0,0.0,0.0
IA,2023-11-14,0.0,45.103351482607415,-0.4472,18.112,8.8324,0.0,0.0,0.0,0.0,0.0,0.0,1.0,0.0,0.0,0.0
IA,2023-11-15,0.0,55.13822949503263,0.9524193548387097,18.7,9.827822580645162,2.0,0.0,0.0,0.0,0.0,0.0,4.0,0.0,0.0,0.0
IA,2023-11-16,0.0013774104683195,67.99853270087621,2.7443548387096777,18.62,10.681048387096777,1.0,0.0,0.0,0.0,0.0,0.0,1.0,0.0,0.0,0.0
IA,2023-11-17,0.0147138964577656,56.12600882847918,-2.4264,15.794354838709678,6.662903225806452,2.0,0.0,0.0,0.0,0.0,0.0,6.0,0.0,0.0,0.0
IA,2023-11-18,0.0,51.06027124881132,-4.277685950413224,10.892622950819671,3.311157024793389,1.0,0.0,0.0,0.0,0.0,0.0,4.0,0.0,0.0,0.0
IA,2023-11-19,0.0008264462809917,61.21715319817159,-2.571311475409836,15.349180327868853,6.3889344262295085,1.0,0.0,0.0,0.0,0.0,0.0,2.0,0.0,0.0,0.0
IA,2023-11-20,0.7088,72.17432761414989,0.9385245901639344,12.8616,6.882786885245902,13.0,0.0,0.0,0.0,0.0,0.0,0.0,0.0,0.0,0.0
IA,2023-11-21,3.362015503875969,84.45467967995985,1.0258064516129033,7.784677419354839,4.405241935483871,15.0,0.0,0.0,1.0,0.0,0.0,0.0,0.0,0.0,0.0
IA,2023-11-22,0.0502762430939226,63.93144920848132,-5.398387096774194,7.216129032258064,0.9088709677419357,1.0,0.0,0.0,0.0,0.0,0.0,1.0,0.0,0.0,0.0
IA,2023-11-23,0.0,58.56243789597873,-5.062903225806451,8.404032258064515,1.6705645161290323,0.0,0.0,0.0,0.0,0.0,0.0,0.0,0.0,0.0,0.0
IA,2023-11-24,0.0,51.3003982651992,-7.542276422764228,2.8672131147540982,-2.325,0.0,0.0,0.0,0.0,0.0,0.0,0.0,0.0,0.0,0.0
IA,2023-11-25,0.2949852507374631,61.18781465385274,-7.05655737704918,-1.1165289256198347,-4.069834710743802,16.0,0.0,0.0,0.0,0.0,0.0,3.0,0.0,0.0,0.0
IA,2023-11-26,4.235866261398176,86.53634277741598,-6.609090909090909,-0.18099173553719,-3.3950413223140496,20.0,0.0,0.0,0.0,0.0,0.0,4.0,0.0,0.0,0.0
IA,2023-11-27,0.1847560975609756,75.44808660206121,-11.1296,-0.252,-5.6908,0.0,0.0,0.0,1.0,0.0,0.0,2.0,0.0,0.0,0.0
IA,2023-11-28,0.0,77.52724436013263,-14.59274193548387,-3.079838709677419,-8.836290322580645,1.0,0.0,0.0,0.0,0.0,0.0,0.0,0.0,0.0,0.0
IA,2023-11-29,0.0,75.21460777676144,-11.89274193548387,2.3256,-4.803225806451613,2.0,1.0,0.0,0.0,0.0,0.0,0.0,0.0,0.0,0.0
IA,2023-11-30,0.0,74.68642800639026,-4.659677419354838,8.831451612903225,2.085887096774193,1.0,1.0,0.0,0.0,0.0,0.0,0.0,0.0,0.0,0.0
IA,2023-12-01,1.1831932773109244,77.95371673523725,-3.774193548387097,6.6968000000000005,1.4548387096774194,5.0,0.0,0.0,1.0,0.0,1.0,3.0,0.0,0.0,0.0
IA,2023-12-02,1.2061764705882352,83.52349780584434,-4.054918032786885,2.864462809917355,-0.6028925619834711,16.0,2.0,0.0,0.0,0.0,0.0,2.0,0.0,0.0,0.0
IA,2023-12-03,1.8609970674486804,91.8491567709534,-3.444715447154472,3.026829268292683,-0.2089430894308943,33.0,8.0,0.0,0.0,0.0,0.0,6.0,0.0,0.0,0.0
IA,2023-12-04,0.0678466076696165,91.55794195615188,-3.742857142857143,2.833333333333333,-0.4547619047619047,35.0,3.0,0.0,0.0,0.0,2.0,7.0,0.0,0.0,0.0
IA,2023-12-05,0.4526912181303116,86.84922528109541,-3.3095238095238093,2.884126984126984,-0.2126984126984127,22.0,4.0,0.0,0.0,0.0,1.0,4.0,0.0,0.0,0.0
IA,2023-12-06,0.0081005586592178,79.124674159436,-6.442399999999999,4.43015873015873,-0.9952,15.0,0.0,0.0,0.0,0.0,0.0,1.0,0.0,0.0,0.0
IA,2023-12-07,0.0050420168067226,72.70172810321405,-3.266666666666667,10.252380952380951,3.492857142857143,2.0,0.0,0.0,0.0,0.0,0.0,0.0,0.0,0.0,0.0
IA,2023-12-08,0.093484419263456,72.8932812910356,0.4543999999999999,13.801587301587302,7.1344,2.0,0.0,0.0,0.0,0.0,0.0,1.0,0.0,0.0,0.0
IA,2023-12-09,2.045070422535211,72.87505738589708,0.0454545454545454,10.564754098360655,5.300413223140496,8.0,0.0,0.0,0.0,0.0,1.0,4.0,0.0,0.0,0.0
IA,2023-12-10,0.0315942028985507,76.41925759668379,-6.885245901639344,2.513114754098361,-2.186065573770492,2.0,0.0,0.0,0.0,0.0,0.0,2.0,0.0,0.0,0.0
IA,2023-12-11,0.0,76.6651634255309,-8.7488,2.5184,-3.1152,9.0,2.0,0.0,0.0,0.0,0.0,2.0,0.0,0.0,0.0
IA,2023-12-12,0.0,60.645034253925004,-7.592857142857143,4.838095238095239,-1.3773809523809524,0.0,0.0,0.0,0.0,0.0,0.0,0.0,0.0,0.0,0.0
IA,2023-12-13,0.0,49.31242399550882,-6.896825396825397,3.268253968253968,-1.8142857142857145,0.0,0.0,0.0,0.0,0.0,0.0,2.0,0.0,0.0,0.0
IA,2023-12-14,0.0142857142857142,59.13049640449093,-5.895238095238095,8.8856,1.5028,0.0,0.0,0.0,0.0,0.0,0.0,1.0,0.0,0.0,0.0
IA,2023-12-15,0.1107648725212464,69.50319646831298,-3.6825396825396814,11.342063492063492,3.829761904761905,5.0,0.0,0.0,0.0,0.0,0.0,1.0,0.0,0.0,0.0
IA,2023-12-16,3.2665730337078656,90.11712412392752,0.7983606557377049,8.1869918699187,4.473770491803278,31.0,6.0,0.0,0.0,0.0,0.0,1.0,0.0,0.0,0.0
IA,2023-12-17,3.2116809116809115,92.16100754793996,0.1672131147540983,4.655737704918033,2.390082644628099,19.0,3.0,0.0,0.0,0.0,0.0,0.0,0.0,0.0,0.0
IA,2023-12-18,0.0008720930232558,69.68640948501593,-6.1432,3.1088,-1.5172,1.0,0.0,0.0,0.0,0.0,0.0,0.0,0.0,0.0,0.0
IA,2023-12-19,0.0,66.36968367428533,-10.067460317460318,0.0631999999999999,-4.993600000000001,0.0,0.0,0.0,0.0,0.0,0.0,1.0,0.0,0.0,0.0
IA,2023-12-20,0.0322033898305084,67.74303852486493,-6.864285714285714,5.377777777777778,-0.7432539682539683,1.0,0.0,0.0,0.0,0.0,0.0,1.0,0.0,0.0,0.0
IA,2023-12-21,0.0037037037037037,77.56384786170325,-3.5856,7.105555555555555,1.764,14.0,1.0,0.0,0.0,0.0,0.0,8.0,0.0,0.0,0.0
IA,2023-12-22,1.3938028169014085,90.98421376041662,2.5456,8.296031746031746,5.418399999999999,33.0,16.0,0.0,0.0,0.0,0.0,1.0,0.0,0.0,0.0
IA,2023-12-23,2.7810650887573964,96.54058284917768,3.054098360655738,9.48512396694215,6.266115702479339,54.0,18.0,0.0,0.0,0.0,0.0,4.0,0.0,0.0,0.0
IA,2023-12-24,1.5266467065868263,95.90583275289492,4.022764227642276,11.48780487804878,7.755284552845528,43.0,10.0,1.0,0.0,0.0,1.0,1.0,0.0,0.0,0.0
IA,2023-12-25,17.07630057803468,96.59904307861888,3.426612903225806,12.287903225806453,7.857258064516128,29.0,1.0,0.0,2.0,0.0,4.0,0.0,0.0,0.0,0.0
IA,2023-12-26,10.16704871060172,86.98491410435308,-1.0595238095238095,6.915873015873015,2.928174603174603,22.0,0.0,0.0,4.0,0.0,2.0,1.0,0.0,0.0,0.0
IA,2023-12-27,0.7952802359882006,92.23083365038184,-1.7277777777777776,1.7176,-0.0032,13.0,0.0,0.0,1.0,0.0,0.0,2.0,0.0,0.0,0.0
IA,2023-12-28,1.4186246418338109,91.70817032476415,-3.0112,1.9464,-0.5324,16.0,1.0,0.0,1.0,0.0,0.0,1.0,0.0,0.0,0.0
IA,2023-12-29,1.631656804733728,87.40329020542198,-3.208870967741935,1.7648,-0.7124999999999999,11.0,0.0,0.0,1.0,0.0,0.0,2.0,0.0,0.0,0.0
IA,2023-12-30,0.0071216617210682,89.04842124132215,-4.82436974789916,4.383898305084745,-0.2266949152542373,14.0,2.0,0.0,0.0,0.0,9.0,2.0,0.0,0.0,0.0
IA,2023-12-31,0.1124620060790273,87.00817548640264,-4.2825,2.879166666666667,-0.7016666666666667,16.0,0.0,0.0,1.0,0.0,7.0,4.0,0.0,0.0,0.0
